model,target_variable,location,all_quantiles_all_horizons,all_horizons,not_excluded_manually,included_in_ensemble
bisop-seirfilter,inc case,CZ,TRUE,TRUE,TRUE,TRUE
bisop-seirfilter,inc death,CZ,TRUE,TRUE,TRUE,TRUE
bisop-seirfilterlite,inc case,AT,TRUE,TRUE,TRUE,TRUE
bisop-seirfilterlite,inc case,BE,TRUE,TRUE,TRUE,TRUE
bisop-seirfilterlite,inc case,BG,TRUE,TRUE,TRUE,TRUE
bisop-seirfilterlite,inc case,CH,TRUE,TRUE,TRUE,TRUE
bisop-seirfilterlite,inc case,CZ,TRUE,TRUE,TRUE,TRUE
bisop-seirfilterlite,inc case,DE,TRUE,TRUE,TRUE,TRUE
bisop-seirfilterlite,inc case,DK,TRUE,TRUE,TRUE,TRUE
bisop-seirfilterlite,inc case,EE,TRUE,TRUE,TRUE,TRUE
bisop-seirfilterlite,inc case,ES,TRUE,TRUE,TRUE,TRUE
bisop-seirfilterlite,inc case,FI,TRUE,TRUE,TRUE,TRUE
bisop-seirfilterlite,inc case,FR,TRUE,TRUE,TRUE,TRUE
bisop-seirfilterlite,inc case,GB,TRUE,TRUE,TRUE,TRUE
bisop-seirfilterlite,inc case,GR,TRUE,TRUE,TRUE,TRUE
bisop-seirfilterlite,inc case,HR,TRUE,TRUE,TRUE,TRUE
bisop-seirfilterlite,inc case,HU,TRUE,TRUE,TRUE,TRUE
bisop-seirfilterlite,inc case,IE,TRUE,TRUE,TRUE,TRUE
bisop-seirfilterlite,inc case,IT,TRUE,TRUE,TRUE,TRUE
bisop-seirfilterlite,inc case,LT,TRUE,TRUE,TRUE,TRUE
bisop-seirfilterlite,inc case,LV,TRUE,TRUE,TRUE,TRUE
bisop-seirfilterlite,inc case,MT,TRUE,TRUE,TRUE,TRUE
bisop-seirfilterlite,inc case,NL,TRUE,TRUE,TRUE,TRUE
bisop-seirfilterlite,inc case,NO,TRUE,TRUE,TRUE,TRUE
bisop-seirfilterlite,inc case,PL,TRUE,TRUE,TRUE,TRUE
bisop-seirfilterlite,inc case,PT,TRUE,TRUE,TRUE,TRUE
bisop-seirfilterlite,inc case,RO,TRUE,TRUE,TRUE,TRUE
bisop-seirfilterlite,inc case,SE,TRUE,TRUE,TRUE,TRUE
bisop-seirfilterlite,inc case,SI,TRUE,TRUE,TRUE,TRUE
bisop-seirfilterlite,inc case,SK,TRUE,TRUE,TRUE,TRUE
bisop-seirfilterlite,inc death,AT,TRUE,TRUE,TRUE,TRUE
bisop-seirfilterlite,inc death,BE,TRUE,TRUE,TRUE,TRUE
bisop-seirfilterlite,inc death,BG,TRUE,TRUE,TRUE,TRUE
bisop-seirfilterlite,inc death,CH,TRUE,TRUE,TRUE,TRUE
bisop-seirfilterlite,inc death,CZ,TRUE,TRUE,TRUE,TRUE
bisop-seirfilterlite,inc death,DE,TRUE,TRUE,TRUE,TRUE
bisop-seirfilterlite,inc death,DK,TRUE,TRUE,TRUE,TRUE
bisop-seirfilterlite,inc death,EE,TRUE,TRUE,TRUE,TRUE
bisop-seirfilterlite,inc death,ES,TRUE,TRUE,TRUE,TRUE
bisop-seirfilterlite,inc death,FI,TRUE,TRUE,TRUE,TRUE
bisop-seirfilterlite,inc death,FR,TRUE,TRUE,TRUE,TRUE
bisop-seirfilterlite,inc death,GB,TRUE,TRUE,TRUE,TRUE
bisop-seirfilterlite,inc death,GR,TRUE,TRUE,TRUE,TRUE
bisop-seirfilterlite,inc death,HR,TRUE,TRUE,TRUE,TRUE
bisop-seirfilterlite,inc death,HU,TRUE,TRUE,TRUE,TRUE
bisop-seirfilterlite,inc death,IE,TRUE,TRUE,TRUE,TRUE
bisop-seirfilterlite,inc death,IT,TRUE,TRUE,TRUE,TRUE
bisop-seirfilterlite,inc death,LT,TRUE,TRUE,TRUE,TRUE
bisop-seirfilterlite,inc death,LV,TRUE,TRUE,TRUE,TRUE
bisop-seirfilterlite,inc death,MT,TRUE,TRUE,TRUE,TRUE
bisop-seirfilterlite,inc death,NL,TRUE,TRUE,TRUE,TRUE
bisop-seirfilterlite,inc death,NO,TRUE,TRUE,TRUE,TRUE
bisop-seirfilterlite,inc death,PL,TRUE,TRUE,TRUE,TRUE
bisop-seirfilterlite,inc death,PT,TRUE,TRUE,TRUE,TRUE
bisop-seirfilterlite,inc death,RO,TRUE,TRUE,TRUE,TRUE
bisop-seirfilterlite,inc death,SE,TRUE,TRUE,TRUE,TRUE
bisop-seirfilterlite,inc death,SI,TRUE,TRUE,TRUE,TRUE
bisop-seirfilterlite,inc death,SK,TRUE,TRUE,TRUE,TRUE
DSMPG-bayes,inc case,AT,TRUE,TRUE,TRUE,TRUE
DSMPG-bayes,inc case,BE,TRUE,TRUE,TRUE,TRUE
DSMPG-bayes,inc case,BG,TRUE,TRUE,TRUE,TRUE
DSMPG-bayes,inc case,CY,TRUE,TRUE,TRUE,TRUE
DSMPG-bayes,inc case,CZ,TRUE,TRUE,TRUE,TRUE
DSMPG-bayes,inc case,DE,TRUE,TRUE,TRUE,TRUE
DSMPG-bayes,inc case,DK,TRUE,TRUE,TRUE,TRUE
DSMPG-bayes,inc case,EE,TRUE,TRUE,TRUE,TRUE
DSMPG-bayes,inc case,FI,TRUE,TRUE,TRUE,TRUE
DSMPG-bayes,inc case,FR,TRUE,TRUE,TRUE,TRUE
DSMPG-bayes,inc case,GR,TRUE,TRUE,TRUE,TRUE
DSMPG-bayes,inc case,HR,TRUE,TRUE,TRUE,TRUE
DSMPG-bayes,inc case,HU,TRUE,TRUE,TRUE,TRUE
DSMPG-bayes,inc case,IE,TRUE,TRUE,TRUE,TRUE
DSMPG-bayes,inc case,LT,TRUE,TRUE,TRUE,TRUE
DSMPG-bayes,inc case,LV,TRUE,TRUE,TRUE,TRUE
DSMPG-bayes,inc case,NL,TRUE,TRUE,TRUE,TRUE
DSMPG-bayes,inc case,NO,TRUE,TRUE,TRUE,TRUE
DSMPG-bayes,inc case,PL,TRUE,TRUE,TRUE,TRUE
DSMPG-bayes,inc case,SI,TRUE,TRUE,TRUE,TRUE
DSMPG-bayes,inc case,SK,TRUE,TRUE,TRUE,TRUE
epiforecasts-EpiExpert,inc case,BE,TRUE,TRUE,TRUE,TRUE
epiforecasts-EpiExpert,inc case,DE,TRUE,TRUE,TRUE,TRUE
epiforecasts-EpiExpert,inc case,FR,TRUE,TRUE,TRUE,TRUE
epiforecasts-EpiExpert,inc case,GB,TRUE,TRUE,TRUE,TRUE
epiforecasts-EpiExpert,inc case,IT,TRUE,TRUE,TRUE,TRUE
epiforecasts-EpiExpert,inc case,NL,TRUE,TRUE,TRUE,TRUE
epiforecasts-EpiExpert,inc case,PL,TRUE,TRUE,TRUE,TRUE
epiforecasts-EpiExpert,inc case,SK,TRUE,TRUE,TRUE,TRUE
epiforecasts-EpiExpert,inc death,BE,TRUE,TRUE,TRUE,TRUE
epiforecasts-EpiExpert,inc death,DE,TRUE,TRUE,TRUE,TRUE
epiforecasts-EpiExpert,inc death,FR,TRUE,TRUE,TRUE,TRUE
epiforecasts-EpiExpert,inc death,GB,TRUE,TRUE,TRUE,TRUE
epiforecasts-EpiExpert,inc death,IT,TRUE,TRUE,TRUE,TRUE
epiforecasts-EpiExpert,inc death,NL,TRUE,TRUE,TRUE,TRUE
epiforecasts-EpiExpert,inc death,PL,TRUE,TRUE,TRUE,TRUE
epiforecasts-EpiExpert,inc death,SK,TRUE,TRUE,TRUE,TRUE
epiforecasts-EpiNow2,inc case,AT,TRUE,TRUE,TRUE,TRUE
epiforecasts-EpiNow2,inc case,BE,TRUE,TRUE,TRUE,TRUE
epiforecasts-EpiNow2,inc case,BG,TRUE,TRUE,TRUE,TRUE
epiforecasts-EpiNow2,inc case,CH,TRUE,TRUE,TRUE,TRUE
epiforecasts-EpiNow2,inc case,CY,TRUE,TRUE,TRUE,TRUE
epiforecasts-EpiNow2,inc case,CZ,TRUE,TRUE,TRUE,TRUE
epiforecasts-EpiNow2,inc case,DE,TRUE,TRUE,TRUE,TRUE
epiforecasts-EpiNow2,inc case,DK,TRUE,TRUE,TRUE,TRUE
epiforecasts-EpiNow2,inc case,EE,TRUE,TRUE,TRUE,TRUE
epiforecasts-EpiNow2,inc case,FI,TRUE,TRUE,TRUE,TRUE
epiforecasts-EpiNow2,inc case,FR,TRUE,TRUE,TRUE,TRUE
epiforecasts-EpiNow2,inc case,GB,TRUE,TRUE,TRUE,TRUE
epiforecasts-EpiNow2,inc case,GR,TRUE,TRUE,TRUE,TRUE
epiforecasts-EpiNow2,inc case,HR,TRUE,TRUE,TRUE,TRUE
epiforecasts-EpiNow2,inc case,HU,TRUE,TRUE,TRUE,TRUE
epiforecasts-EpiNow2,inc case,IE,TRUE,TRUE,TRUE,TRUE
epiforecasts-EpiNow2,inc case,IS,TRUE,TRUE,TRUE,TRUE
epiforecasts-EpiNow2,inc case,IT,TRUE,TRUE,TRUE,TRUE
epiforecasts-EpiNow2,inc case,LI,TRUE,TRUE,TRUE,TRUE
epiforecasts-EpiNow2,inc case,LT,TRUE,TRUE,TRUE,TRUE
epiforecasts-EpiNow2,inc case,LU,TRUE,TRUE,TRUE,TRUE
epiforecasts-EpiNow2,inc case,LV,TRUE,TRUE,TRUE,TRUE
epiforecasts-EpiNow2,inc case,MT,TRUE,TRUE,TRUE,TRUE
epiforecasts-EpiNow2,inc case,NL,TRUE,TRUE,TRUE,TRUE
epiforecasts-EpiNow2,inc case,NO,TRUE,TRUE,TRUE,TRUE
epiforecasts-EpiNow2,inc case,PL,TRUE,TRUE,TRUE,TRUE
epiforecasts-EpiNow2,inc case,PT,TRUE,TRUE,TRUE,TRUE
epiforecasts-EpiNow2,inc case,RO,TRUE,TRUE,TRUE,TRUE
epiforecasts-EpiNow2,inc case,SE,TRUE,TRUE,TRUE,TRUE
epiforecasts-EpiNow2,inc case,SI,TRUE,TRUE,TRUE,TRUE
epiforecasts-EpiNow2,inc case,SK,TRUE,TRUE,TRUE,TRUE
epiforecasts-EpiNow2,inc death,AT,TRUE,TRUE,TRUE,TRUE
epiforecasts-EpiNow2,inc death,BE,TRUE,TRUE,TRUE,TRUE
epiforecasts-EpiNow2,inc death,BG,TRUE,TRUE,TRUE,TRUE
epiforecasts-EpiNow2,inc death,CH,TRUE,TRUE,TRUE,TRUE
epiforecasts-EpiNow2,inc death,CY,TRUE,TRUE,TRUE,TRUE
epiforecasts-EpiNow2,inc death,CZ,TRUE,TRUE,TRUE,TRUE
epiforecasts-EpiNow2,inc death,DE,TRUE,TRUE,TRUE,TRUE
epiforecasts-EpiNow2,inc death,DK,TRUE,TRUE,TRUE,TRUE
epiforecasts-EpiNow2,inc death,EE,TRUE,TRUE,TRUE,TRUE
epiforecasts-EpiNow2,inc death,FI,TRUE,TRUE,TRUE,TRUE
epiforecasts-EpiNow2,inc death,FR,TRUE,TRUE,TRUE,TRUE
epiforecasts-EpiNow2,inc death,GB,TRUE,TRUE,TRUE,TRUE
epiforecasts-EpiNow2,inc death,GR,TRUE,TRUE,TRUE,TRUE
epiforecasts-EpiNow2,inc death,HR,TRUE,TRUE,TRUE,TRUE
epiforecasts-EpiNow2,inc death,HU,TRUE,TRUE,TRUE,TRUE
epiforecasts-EpiNow2,inc death,IE,TRUE,TRUE,TRUE,TRUE
epiforecasts-EpiNow2,inc death,IS,TRUE,TRUE,TRUE,TRUE
epiforecasts-EpiNow2,inc death,IT,TRUE,TRUE,TRUE,TRUE
epiforecasts-EpiNow2,inc death,LI,TRUE,TRUE,TRUE,TRUE
epiforecasts-EpiNow2,inc death,LT,TRUE,TRUE,TRUE,TRUE
epiforecasts-EpiNow2,inc death,LU,TRUE,TRUE,TRUE,TRUE
epiforecasts-EpiNow2,inc death,LV,TRUE,TRUE,TRUE,TRUE
epiforecasts-EpiNow2,inc death,MT,TRUE,TRUE,TRUE,TRUE
epiforecasts-EpiNow2,inc death,NL,TRUE,TRUE,TRUE,TRUE
epiforecasts-EpiNow2,inc death,NO,TRUE,TRUE,TRUE,TRUE
epiforecasts-EpiNow2,inc death,PL,TRUE,TRUE,TRUE,TRUE
epiforecasts-EpiNow2,inc death,PT,TRUE,TRUE,TRUE,TRUE
epiforecasts-EpiNow2,inc death,RO,TRUE,TRUE,TRUE,TRUE
epiforecasts-EpiNow2,inc death,SE,TRUE,TRUE,TRUE,TRUE
epiforecasts-EpiNow2,inc death,SI,TRUE,TRUE,TRUE,TRUE
epiforecasts-EpiNow2,inc death,SK,TRUE,TRUE,TRUE,TRUE
FIAS_FZJ-Epi1Ger,inc case,DE,TRUE,TRUE,TRUE,TRUE
FIAS_FZJ-Epi1Ger,inc death,DE,TRUE,TRUE,TRUE,TRUE
ICM-agentModel,inc case,PL,TRUE,TRUE,TRUE,TRUE
ICM-agentModel,inc death,PL,TRUE,TRUE,TRUE,TRUE
IEM_Health-CovidProject,inc case,AT,TRUE,TRUE,TRUE,TRUE
IEM_Health-CovidProject,inc case,BE,TRUE,TRUE,TRUE,TRUE
IEM_Health-CovidProject,inc case,BG,TRUE,TRUE,TRUE,TRUE
IEM_Health-CovidProject,inc case,CH,TRUE,TRUE,TRUE,TRUE
IEM_Health-CovidProject,inc case,CY,TRUE,TRUE,TRUE,TRUE
IEM_Health-CovidProject,inc case,CZ,TRUE,TRUE,TRUE,TRUE
IEM_Health-CovidProject,inc case,DE,TRUE,TRUE,TRUE,TRUE
IEM_Health-CovidProject,inc case,DK,TRUE,TRUE,TRUE,TRUE
IEM_Health-CovidProject,inc case,EE,TRUE,TRUE,TRUE,TRUE
IEM_Health-CovidProject,inc case,ES,TRUE,TRUE,TRUE,TRUE
IEM_Health-CovidProject,inc case,FI,TRUE,TRUE,TRUE,TRUE
IEM_Health-CovidProject,inc case,FR,TRUE,TRUE,TRUE,TRUE
IEM_Health-CovidProject,inc case,GB,TRUE,TRUE,TRUE,TRUE
IEM_Health-CovidProject,inc case,GR,TRUE,TRUE,TRUE,TRUE
IEM_Health-CovidProject,inc case,HR,TRUE,TRUE,TRUE,TRUE
IEM_Health-CovidProject,inc case,HU,TRUE,TRUE,TRUE,TRUE
IEM_Health-CovidProject,inc case,IE,TRUE,TRUE,TRUE,TRUE
IEM_Health-CovidProject,inc case,IS,TRUE,TRUE,TRUE,TRUE
IEM_Health-CovidProject,inc case,IT,TRUE,TRUE,TRUE,TRUE
IEM_Health-CovidProject,inc case,LI,TRUE,TRUE,TRUE,TRUE
IEM_Health-CovidProject,inc case,LT,TRUE,TRUE,TRUE,TRUE
IEM_Health-CovidProject,inc case,LU,TRUE,TRUE,TRUE,TRUE
IEM_Health-CovidProject,inc case,LV,TRUE,TRUE,TRUE,TRUE
IEM_Health-CovidProject,inc case,MT,TRUE,TRUE,TRUE,TRUE
IEM_Health-CovidProject,inc case,NL,TRUE,TRUE,TRUE,TRUE
IEM_Health-CovidProject,inc case,NO,TRUE,TRUE,TRUE,TRUE
IEM_Health-CovidProject,inc case,PL,TRUE,TRUE,TRUE,TRUE
IEM_Health-CovidProject,inc case,PT,TRUE,TRUE,TRUE,TRUE
IEM_Health-CovidProject,inc case,RO,TRUE,TRUE,TRUE,TRUE
IEM_Health-CovidProject,inc case,SE,TRUE,TRUE,TRUE,TRUE
IEM_Health-CovidProject,inc case,SI,TRUE,TRUE,TRUE,TRUE
IEM_Health-CovidProject,inc case,SK,TRUE,TRUE,TRUE,TRUE
IEM_Health-CovidProject,inc death,AT,TRUE,TRUE,TRUE,TRUE
IEM_Health-CovidProject,inc death,BE,TRUE,TRUE,TRUE,TRUE
IEM_Health-CovidProject,inc death,BG,TRUE,TRUE,TRUE,TRUE
IEM_Health-CovidProject,inc death,CH,TRUE,TRUE,TRUE,TRUE
IEM_Health-CovidProject,inc death,CY,TRUE,TRUE,TRUE,TRUE
IEM_Health-CovidProject,inc death,CZ,TRUE,TRUE,TRUE,TRUE
IEM_Health-CovidProject,inc death,DE,TRUE,TRUE,TRUE,TRUE
IEM_Health-CovidProject,inc death,DK,TRUE,TRUE,TRUE,TRUE
IEM_Health-CovidProject,inc death,EE,TRUE,TRUE,TRUE,TRUE
IEM_Health-CovidProject,inc death,ES,TRUE,TRUE,TRUE,TRUE
IEM_Health-CovidProject,inc death,FI,TRUE,TRUE,TRUE,TRUE
IEM_Health-CovidProject,inc death,FR,TRUE,TRUE,TRUE,TRUE
IEM_Health-CovidProject,inc death,GB,TRUE,TRUE,TRUE,TRUE
IEM_Health-CovidProject,inc death,GR,TRUE,TRUE,TRUE,TRUE
IEM_Health-CovidProject,inc death,HR,TRUE,TRUE,TRUE,TRUE
IEM_Health-CovidProject,inc death,HU,TRUE,TRUE,TRUE,TRUE
IEM_Health-CovidProject,inc death,IE,TRUE,TRUE,TRUE,TRUE
IEM_Health-CovidProject,inc death,IS,TRUE,TRUE,TRUE,TRUE
IEM_Health-CovidProject,inc death,IT,TRUE,TRUE,TRUE,TRUE
IEM_Health-CovidProject,inc death,LI,TRUE,TRUE,TRUE,TRUE
IEM_Health-CovidProject,inc death,LT,TRUE,TRUE,TRUE,TRUE
IEM_Health-CovidProject,inc death,LU,TRUE,TRUE,TRUE,TRUE
IEM_Health-CovidProject,inc death,LV,TRUE,TRUE,TRUE,TRUE
IEM_Health-CovidProject,inc death,MT,TRUE,TRUE,TRUE,TRUE
IEM_Health-CovidProject,inc death,NL,TRUE,TRUE,TRUE,TRUE
IEM_Health-CovidProject,inc death,NO,TRUE,TRUE,TRUE,TRUE
IEM_Health-CovidProject,inc death,PL,TRUE,TRUE,TRUE,TRUE
IEM_Health-CovidProject,inc death,PT,TRUE,TRUE,TRUE,TRUE
IEM_Health-CovidProject,inc death,RO,TRUE,TRUE,TRUE,TRUE
IEM_Health-CovidProject,inc death,SE,TRUE,TRUE,TRUE,TRUE
IEM_Health-CovidProject,inc death,SI,TRUE,TRUE,TRUE,TRUE
IEM_Health-CovidProject,inc death,SK,TRUE,TRUE,TRUE,TRUE
ILM-EKF,inc case,AT,TRUE,TRUE,TRUE,TRUE
ILM-EKF,inc case,BE,TRUE,TRUE,TRUE,TRUE
ILM-EKF,inc case,BG,TRUE,TRUE,TRUE,TRUE
ILM-EKF,inc case,CH,TRUE,TRUE,TRUE,TRUE
ILM-EKF,inc case,CY,TRUE,TRUE,TRUE,TRUE
ILM-EKF,inc case,CZ,TRUE,TRUE,TRUE,TRUE
ILM-EKF,inc case,DE,TRUE,TRUE,TRUE,TRUE
ILM-EKF,inc case,DK,TRUE,TRUE,TRUE,TRUE
ILM-EKF,inc case,EE,TRUE,TRUE,TRUE,TRUE
ILM-EKF,inc case,ES,TRUE,TRUE,TRUE,TRUE
ILM-EKF,inc case,FI,TRUE,TRUE,TRUE,TRUE
ILM-EKF,inc case,FR,TRUE,TRUE,TRUE,TRUE
ILM-EKF,inc case,GB,TRUE,TRUE,TRUE,TRUE
ILM-EKF,inc case,GR,TRUE,TRUE,TRUE,TRUE
ILM-EKF,inc case,HR,TRUE,TRUE,TRUE,TRUE
ILM-EKF,inc case,HU,TRUE,TRUE,TRUE,TRUE
ILM-EKF,inc case,IE,TRUE,TRUE,TRUE,TRUE
ILM-EKF,inc case,IS,TRUE,TRUE,TRUE,TRUE
ILM-EKF,inc case,IT,TRUE,TRUE,TRUE,TRUE
ILM-EKF,inc case,LI,TRUE,TRUE,TRUE,TRUE
ILM-EKF,inc case,LT,TRUE,TRUE,TRUE,TRUE
ILM-EKF,inc case,LU,TRUE,TRUE,TRUE,TRUE
ILM-EKF,inc case,LV,TRUE,TRUE,TRUE,TRUE
ILM-EKF,inc case,MT,TRUE,TRUE,TRUE,TRUE
ILM-EKF,inc case,NL,TRUE,TRUE,TRUE,TRUE
ILM-EKF,inc case,NO,TRUE,TRUE,TRUE,TRUE
ILM-EKF,inc case,PL,TRUE,TRUE,TRUE,TRUE
ILM-EKF,inc case,PT,TRUE,TRUE,TRUE,TRUE
ILM-EKF,inc case,RO,TRUE,TRUE,TRUE,TRUE
ILM-EKF,inc case,SE,TRUE,TRUE,TRUE,TRUE
ILM-EKF,inc case,SI,TRUE,TRUE,TRUE,TRUE
ILM-EKF,inc case,SK,TRUE,TRUE,TRUE,TRUE
ILM-EKF,inc death,AT,TRUE,TRUE,TRUE,TRUE
ILM-EKF,inc death,BE,TRUE,TRUE,TRUE,TRUE
ILM-EKF,inc death,BG,TRUE,TRUE,TRUE,TRUE
ILM-EKF,inc death,CH,TRUE,TRUE,TRUE,TRUE
ILM-EKF,inc death,CY,TRUE,TRUE,TRUE,TRUE
ILM-EKF,inc death,CZ,TRUE,TRUE,TRUE,TRUE
ILM-EKF,inc death,DE,TRUE,TRUE,TRUE,TRUE
ILM-EKF,inc death,DK,TRUE,TRUE,TRUE,TRUE
ILM-EKF,inc death,EE,TRUE,TRUE,TRUE,TRUE
ILM-EKF,inc death,ES,TRUE,TRUE,TRUE,TRUE
ILM-EKF,inc death,FI,TRUE,TRUE,TRUE,TRUE
ILM-EKF,inc death,FR,TRUE,TRUE,TRUE,TRUE
ILM-EKF,inc death,GB,TRUE,TRUE,TRUE,TRUE
ILM-EKF,inc death,GR,TRUE,TRUE,TRUE,TRUE
ILM-EKF,inc death,HR,TRUE,TRUE,TRUE,TRUE
ILM-EKF,inc death,HU,TRUE,TRUE,TRUE,TRUE
ILM-EKF,inc death,IE,TRUE,TRUE,TRUE,TRUE
ILM-EKF,inc death,IS,TRUE,TRUE,TRUE,TRUE
ILM-EKF,inc death,IT,TRUE,TRUE,TRUE,TRUE
ILM-EKF,inc death,LI,TRUE,TRUE,TRUE,TRUE
ILM-EKF,inc death,LT,TRUE,TRUE,TRUE,TRUE
ILM-EKF,inc death,LU,TRUE,TRUE,TRUE,TRUE
ILM-EKF,inc death,LV,TRUE,TRUE,TRUE,TRUE
ILM-EKF,inc death,MT,TRUE,TRUE,TRUE,TRUE
ILM-EKF,inc death,NL,TRUE,TRUE,TRUE,TRUE
ILM-EKF,inc death,NO,TRUE,TRUE,TRUE,TRUE
ILM-EKF,inc death,PL,TRUE,TRUE,TRUE,TRUE
ILM-EKF,inc death,PT,TRUE,TRUE,TRUE,TRUE
ILM-EKF,inc death,RO,TRUE,TRUE,TRUE,TRUE
ILM-EKF,inc death,SE,TRUE,TRUE,TRUE,TRUE
ILM-EKF,inc death,SI,TRUE,TRUE,TRUE,TRUE
ILM-EKF,inc death,SK,TRUE,TRUE,TRUE,TRUE
itwm-dSEIR,inc case,DE,TRUE,TRUE,TRUE,TRUE
itwm-dSEIR,inc death,DE,TRUE,TRUE,TRUE,TRUE
ITWW-county_repro,inc case,DE,TRUE,TRUE,TRUE,TRUE
ITWW-county_repro,inc case,PL,TRUE,TRUE,TRUE,TRUE
ITWW-county_repro,inc death,DE,TRUE,TRUE,TRUE,TRUE
ITWW-county_repro,inc death,PL,TRUE,TRUE,TRUE,TRUE
Karlen-pypm,inc case,DE,TRUE,TRUE,TRUE,TRUE
Karlen-pypm,inc death,DE,TRUE,TRUE,TRUE,TRUE
LANL-GrowthRate,inc case,AT,TRUE,TRUE,TRUE,TRUE
LANL-GrowthRate,inc case,BE,TRUE,TRUE,TRUE,TRUE
LANL-GrowthRate,inc case,BG,TRUE,TRUE,TRUE,TRUE
LANL-GrowthRate,inc case,CH,TRUE,TRUE,TRUE,TRUE
LANL-GrowthRate,inc case,CY,TRUE,TRUE,TRUE,TRUE
LANL-GrowthRate,inc case,CZ,TRUE,TRUE,TRUE,TRUE
LANL-GrowthRate,inc case,DE,TRUE,TRUE,TRUE,TRUE
LANL-GrowthRate,inc case,DK,TRUE,TRUE,TRUE,TRUE
LANL-GrowthRate,inc case,EE,TRUE,TRUE,TRUE,TRUE
LANL-GrowthRate,inc case,ES,TRUE,TRUE,TRUE,TRUE
LANL-GrowthRate,inc case,FI,TRUE,TRUE,TRUE,TRUE
LANL-GrowthRate,inc case,FR,TRUE,TRUE,TRUE,TRUE
LANL-GrowthRate,inc case,GB,TRUE,TRUE,TRUE,TRUE
LANL-GrowthRate,inc case,GR,TRUE,TRUE,TRUE,TRUE
LANL-GrowthRate,inc case,HR,TRUE,TRUE,TRUE,TRUE
LANL-GrowthRate,inc case,HU,TRUE,TRUE,TRUE,TRUE
LANL-GrowthRate,inc case,IE,TRUE,TRUE,TRUE,TRUE
LANL-GrowthRate,inc case,IS,TRUE,TRUE,TRUE,TRUE
LANL-GrowthRate,inc case,IT,TRUE,TRUE,TRUE,TRUE
LANL-GrowthRate,inc case,LI,TRUE,TRUE,TRUE,TRUE
LANL-GrowthRate,inc case,LT,TRUE,TRUE,TRUE,TRUE
LANL-GrowthRate,inc case,LU,TRUE,TRUE,TRUE,TRUE
LANL-GrowthRate,inc case,LV,TRUE,TRUE,TRUE,TRUE
LANL-GrowthRate,inc case,MT,TRUE,TRUE,TRUE,TRUE
LANL-GrowthRate,inc case,NL,TRUE,TRUE,TRUE,TRUE
LANL-GrowthRate,inc case,NO,TRUE,TRUE,TRUE,TRUE
LANL-GrowthRate,inc case,PL,TRUE,TRUE,TRUE,TRUE
LANL-GrowthRate,inc case,PT,TRUE,TRUE,TRUE,TRUE
LANL-GrowthRate,inc case,RO,TRUE,TRUE,TRUE,TRUE
LANL-GrowthRate,inc case,SE,TRUE,TRUE,TRUE,TRUE
LANL-GrowthRate,inc case,SI,TRUE,TRUE,TRUE,TRUE
LANL-GrowthRate,inc case,SK,TRUE,TRUE,TRUE,TRUE
LANL-GrowthRate,inc death,AT,TRUE,TRUE,TRUE,TRUE
LANL-GrowthRate,inc death,BE,TRUE,TRUE,TRUE,TRUE
LANL-GrowthRate,inc death,BG,TRUE,TRUE,TRUE,TRUE
LANL-GrowthRate,inc death,CH,TRUE,TRUE,TRUE,TRUE
LANL-GrowthRate,inc death,CY,TRUE,TRUE,TRUE,TRUE
LANL-GrowthRate,inc death,CZ,TRUE,TRUE,TRUE,TRUE
LANL-GrowthRate,inc death,DE,TRUE,TRUE,TRUE,TRUE
LANL-GrowthRate,inc death,DK,TRUE,TRUE,TRUE,TRUE
LANL-GrowthRate,inc death,EE,TRUE,TRUE,TRUE,TRUE
LANL-GrowthRate,inc death,ES,TRUE,TRUE,TRUE,TRUE
LANL-GrowthRate,inc death,FI,TRUE,TRUE,TRUE,TRUE
LANL-GrowthRate,inc death,FR,TRUE,TRUE,TRUE,TRUE
LANL-GrowthRate,inc death,GB,TRUE,TRUE,TRUE,TRUE
LANL-GrowthRate,inc death,GR,TRUE,TRUE,TRUE,TRUE
LANL-GrowthRate,inc death,HR,TRUE,TRUE,TRUE,TRUE
LANL-GrowthRate,inc death,HU,TRUE,TRUE,TRUE,TRUE
LANL-GrowthRate,inc death,IE,TRUE,TRUE,TRUE,TRUE
LANL-GrowthRate,inc death,IS,TRUE,TRUE,TRUE,TRUE
LANL-GrowthRate,inc death,IT,TRUE,TRUE,TRUE,TRUE
LANL-GrowthRate,inc death,LI,TRUE,TRUE,TRUE,TRUE
LANL-GrowthRate,inc death,LT,TRUE,TRUE,TRUE,TRUE
LANL-GrowthRate,inc death,LU,TRUE,TRUE,TRUE,TRUE
LANL-GrowthRate,inc death,LV,TRUE,TRUE,TRUE,TRUE
LANL-GrowthRate,inc death,MT,TRUE,TRUE,TRUE,TRUE
LANL-GrowthRate,inc death,NL,TRUE,TRUE,TRUE,TRUE
LANL-GrowthRate,inc death,NO,TRUE,TRUE,TRUE,TRUE
LANL-GrowthRate,inc death,PL,TRUE,TRUE,TRUE,TRUE
LANL-GrowthRate,inc death,PT,TRUE,TRUE,TRUE,TRUE
LANL-GrowthRate,inc death,RO,TRUE,TRUE,TRUE,TRUE
LANL-GrowthRate,inc death,SE,TRUE,TRUE,TRUE,TRUE
LANL-GrowthRate,inc death,SI,TRUE,TRUE,TRUE,TRUE
LANL-GrowthRate,inc death,SK,TRUE,TRUE,TRUE,TRUE
LeipzigIMISE-SECIR,inc case,DE,TRUE,TRUE,TRUE,TRUE
LeipzigIMISE-SECIR,inc death,DE,TRUE,TRUE,TRUE,TRUE
MIMUW-StochSEIR,inc case,PL,TRUE,TRUE,TRUE,TRUE
MIMUW-StochSEIR,inc death,PL,TRUE,TRUE,TRUE,TRUE
MIT_CovidAnalytics-DELPHI,inc case,DE,TRUE,TRUE,TRUE,TRUE
MIT_CovidAnalytics-DELPHI,inc case,PL,TRUE,TRUE,TRUE,TRUE
MIT_CovidAnalytics-DELPHI,inc death,DE,TRUE,TRUE,TRUE,TRUE
MIT_CovidAnalytics-DELPHI,inc death,PL,TRUE,TRUE,TRUE,TRUE
MOCOS-agent1,inc case,PL,TRUE,TRUE,TRUE,TRUE
MOCOS-agent1,inc death,PL,TRUE,TRUE,TRUE,TRUE
MUNI_DMS-SEIAR,inc case,CZ,TRUE,TRUE,TRUE,TRUE
MUNI_DMS-SEIAR,inc death,CZ,TRUE,TRUE,TRUE,TRUE
RobertWalraven-ESG,inc case,AT,FALSE,TRUE,TRUE,FALSE
RobertWalraven-ESG,inc case,BE,FALSE,TRUE,TRUE,FALSE
RobertWalraven-ESG,inc case,BG,FALSE,TRUE,TRUE,FALSE
RobertWalraven-ESG,inc case,CH,FALSE,TRUE,TRUE,FALSE
RobertWalraven-ESG,inc case,CY,FALSE,TRUE,TRUE,FALSE
RobertWalraven-ESG,inc case,CZ,FALSE,TRUE,TRUE,FALSE
RobertWalraven-ESG,inc case,DE,FALSE,TRUE,TRUE,FALSE
RobertWalraven-ESG,inc case,DK,FALSE,TRUE,TRUE,FALSE
RobertWalraven-ESG,inc case,EE,FALSE,TRUE,TRUE,FALSE
RobertWalraven-ESG,inc case,ES,FALSE,TRUE,TRUE,FALSE
RobertWalraven-ESG,inc case,FI,FALSE,TRUE,TRUE,FALSE
RobertWalraven-ESG,inc case,FR,FALSE,TRUE,TRUE,FALSE
RobertWalraven-ESG,inc case,GB,FALSE,TRUE,TRUE,FALSE
RobertWalraven-ESG,inc case,GR,FALSE,TRUE,TRUE,FALSE
RobertWalraven-ESG,inc case,HR,FALSE,TRUE,TRUE,FALSE
RobertWalraven-ESG,inc case,HU,FALSE,TRUE,TRUE,FALSE
RobertWalraven-ESG,inc case,IE,FALSE,TRUE,TRUE,FALSE
RobertWalraven-ESG,inc case,IS,FALSE,TRUE,TRUE,FALSE
RobertWalraven-ESG,inc case,IT,FALSE,TRUE,TRUE,FALSE
RobertWalraven-ESG,inc case,LI,FALSE,TRUE,TRUE,FALSE
RobertWalraven-ESG,inc case,LT,FALSE,TRUE,TRUE,FALSE
RobertWalraven-ESG,inc case,LU,FALSE,TRUE,TRUE,FALSE
RobertWalraven-ESG,inc case,LV,FALSE,TRUE,TRUE,FALSE
RobertWalraven-ESG,inc case,MT,FALSE,TRUE,TRUE,FALSE
RobertWalraven-ESG,inc case,NL,FALSE,TRUE,TRUE,FALSE
RobertWalraven-ESG,inc case,NO,FALSE,TRUE,TRUE,FALSE
RobertWalraven-ESG,inc case,PL,FALSE,TRUE,TRUE,FALSE
RobertWalraven-ESG,inc case,PT,FALSE,TRUE,TRUE,FALSE
RobertWalraven-ESG,inc case,RO,FALSE,TRUE,TRUE,FALSE
RobertWalraven-ESG,inc case,SE,FALSE,TRUE,TRUE,FALSE
RobertWalraven-ESG,inc case,SI,FALSE,TRUE,TRUE,FALSE
RobertWalraven-ESG,inc case,SK,FALSE,TRUE,TRUE,FALSE
RobertWalraven-ESG,inc death,AT,TRUE,TRUE,TRUE,TRUE
RobertWalraven-ESG,inc death,BE,TRUE,TRUE,TRUE,TRUE
RobertWalraven-ESG,inc death,BG,TRUE,TRUE,TRUE,TRUE
RobertWalraven-ESG,inc death,CH,TRUE,TRUE,TRUE,TRUE
RobertWalraven-ESG,inc death,CY,TRUE,TRUE,TRUE,TRUE
RobertWalraven-ESG,inc death,CZ,TRUE,TRUE,TRUE,TRUE
RobertWalraven-ESG,inc death,DE,TRUE,TRUE,TRUE,TRUE
RobertWalraven-ESG,inc death,DK,TRUE,TRUE,TRUE,TRUE
RobertWalraven-ESG,inc death,EE,TRUE,TRUE,TRUE,TRUE
RobertWalraven-ESG,inc death,ES,TRUE,TRUE,TRUE,TRUE
RobertWalraven-ESG,inc death,FI,TRUE,TRUE,TRUE,TRUE
RobertWalraven-ESG,inc death,FR,TRUE,TRUE,TRUE,TRUE
RobertWalraven-ESG,inc death,GB,TRUE,TRUE,TRUE,TRUE
RobertWalraven-ESG,inc death,GR,TRUE,TRUE,TRUE,TRUE
RobertWalraven-ESG,inc death,HR,TRUE,TRUE,TRUE,TRUE
RobertWalraven-ESG,inc death,HU,TRUE,TRUE,TRUE,TRUE
RobertWalraven-ESG,inc death,IE,TRUE,TRUE,TRUE,TRUE
RobertWalraven-ESG,inc death,IS,TRUE,TRUE,TRUE,TRUE
RobertWalraven-ESG,inc death,IT,TRUE,TRUE,TRUE,TRUE
RobertWalraven-ESG,inc death,LI,TRUE,TRUE,TRUE,TRUE
RobertWalraven-ESG,inc death,LT,TRUE,TRUE,TRUE,TRUE
RobertWalraven-ESG,inc death,LU,TRUE,TRUE,TRUE,TRUE
RobertWalraven-ESG,inc death,LV,TRUE,TRUE,TRUE,TRUE
RobertWalraven-ESG,inc death,MT,TRUE,TRUE,TRUE,TRUE
RobertWalraven-ESG,inc death,NL,TRUE,TRUE,TRUE,TRUE
RobertWalraven-ESG,inc death,NO,TRUE,TRUE,TRUE,TRUE
RobertWalraven-ESG,inc death,PL,TRUE,TRUE,TRUE,TRUE
RobertWalraven-ESG,inc death,PT,TRUE,TRUE,TRUE,TRUE
RobertWalraven-ESG,inc death,RO,TRUE,TRUE,TRUE,TRUE
RobertWalraven-ESG,inc death,SE,TRUE,TRUE,TRUE,TRUE
RobertWalraven-ESG,inc death,SI,TRUE,TRUE,TRUE,TRUE
RobertWalraven-ESG,inc death,SK,TRUE,TRUE,TRUE,TRUE
UMass-MechBayes,inc death,AT,TRUE,TRUE,TRUE,TRUE
UMass-MechBayes,inc death,BE,TRUE,TRUE,TRUE,TRUE
UMass-MechBayes,inc death,BG,TRUE,TRUE,TRUE,TRUE
UMass-MechBayes,inc death,CH,TRUE,TRUE,TRUE,TRUE
UMass-MechBayes,inc death,CY,TRUE,TRUE,TRUE,TRUE
UMass-MechBayes,inc death,CZ,TRUE,TRUE,TRUE,TRUE
UMass-MechBayes,inc death,DE,TRUE,TRUE,TRUE,TRUE
UMass-MechBayes,inc death,DK,TRUE,TRUE,TRUE,TRUE
UMass-MechBayes,inc death,EE,TRUE,TRUE,TRUE,TRUE
UMass-MechBayes,inc death,ES,TRUE,TRUE,TRUE,TRUE
UMass-MechBayes,inc death,FI,TRUE,TRUE,TRUE,TRUE
UMass-MechBayes,inc death,FR,TRUE,TRUE,TRUE,TRUE
UMass-MechBayes,inc death,GB,TRUE,TRUE,TRUE,TRUE
UMass-MechBayes,inc death,GR,TRUE,TRUE,TRUE,TRUE
UMass-MechBayes,inc death,HR,TRUE,TRUE,TRUE,TRUE
UMass-MechBayes,inc death,HU,TRUE,TRUE,TRUE,TRUE
UMass-MechBayes,inc death,IE,TRUE,TRUE,TRUE,TRUE
UMass-MechBayes,inc death,IS,TRUE,TRUE,TRUE,TRUE
UMass-MechBayes,inc death,IT,TRUE,TRUE,TRUE,TRUE
UMass-MechBayes,inc death,LI,TRUE,TRUE,TRUE,TRUE
UMass-MechBayes,inc death,LT,TRUE,TRUE,TRUE,TRUE
UMass-MechBayes,inc death,LU,TRUE,TRUE,TRUE,TRUE
UMass-MechBayes,inc death,LV,TRUE,TRUE,TRUE,TRUE
UMass-MechBayes,inc death,MT,TRUE,TRUE,TRUE,TRUE
UMass-MechBayes,inc death,NL,TRUE,TRUE,TRUE,TRUE
UMass-MechBayes,inc death,NO,TRUE,TRUE,TRUE,TRUE
UMass-MechBayes,inc death,PL,TRUE,TRUE,TRUE,TRUE
UMass-MechBayes,inc death,PT,TRUE,TRUE,TRUE,TRUE
UMass-MechBayes,inc death,RO,TRUE,TRUE,TRUE,TRUE
UMass-MechBayes,inc death,SE,TRUE,TRUE,TRUE,TRUE
UMass-MechBayes,inc death,SI,TRUE,TRUE,TRUE,TRUE
UMass-MechBayes,inc death,SK,TRUE,TRUE,TRUE,TRUE
UMass-SemiMech,inc case,AT,TRUE,TRUE,TRUE,TRUE
UMass-SemiMech,inc case,BE,TRUE,TRUE,TRUE,TRUE
UMass-SemiMech,inc case,BG,TRUE,TRUE,TRUE,TRUE
UMass-SemiMech,inc case,CH,TRUE,TRUE,TRUE,TRUE
UMass-SemiMech,inc case,CY,TRUE,TRUE,TRUE,TRUE
UMass-SemiMech,inc case,CZ,TRUE,TRUE,TRUE,TRUE
UMass-SemiMech,inc case,DE,TRUE,TRUE,TRUE,TRUE
UMass-SemiMech,inc case,DK,TRUE,TRUE,TRUE,TRUE
UMass-SemiMech,inc case,EE,TRUE,TRUE,TRUE,TRUE
UMass-SemiMech,inc case,ES,TRUE,TRUE,TRUE,TRUE
UMass-SemiMech,inc case,FI,TRUE,TRUE,TRUE,TRUE
UMass-SemiMech,inc case,FR,TRUE,TRUE,TRUE,TRUE
UMass-SemiMech,inc case,GB,TRUE,TRUE,TRUE,TRUE
UMass-SemiMech,inc case,GR,TRUE,TRUE,TRUE,TRUE
UMass-SemiMech,inc case,HR,TRUE,TRUE,TRUE,TRUE
UMass-SemiMech,inc case,HU,TRUE,TRUE,TRUE,TRUE
UMass-SemiMech,inc case,IE,TRUE,TRUE,TRUE,TRUE
UMass-SemiMech,inc case,IS,TRUE,TRUE,TRUE,TRUE
UMass-SemiMech,inc case,IT,TRUE,TRUE,TRUE,TRUE
UMass-SemiMech,inc case,LI,TRUE,TRUE,TRUE,TRUE
UMass-SemiMech,inc case,LT,TRUE,TRUE,TRUE,TRUE
UMass-SemiMech,inc case,LU,TRUE,TRUE,TRUE,TRUE
UMass-SemiMech,inc case,LV,TRUE,TRUE,TRUE,TRUE
UMass-SemiMech,inc case,MT,TRUE,TRUE,TRUE,TRUE
UMass-SemiMech,inc case,NL,TRUE,TRUE,TRUE,TRUE
UMass-SemiMech,inc case,NO,TRUE,TRUE,TRUE,TRUE
UMass-SemiMech,inc case,PL,TRUE,TRUE,TRUE,TRUE
UMass-SemiMech,inc case,PT,TRUE,TRUE,TRUE,TRUE
UMass-SemiMech,inc case,RO,TRUE,TRUE,TRUE,TRUE
UMass-SemiMech,inc case,SE,TRUE,TRUE,TRUE,TRUE
UMass-SemiMech,inc case,SI,TRUE,TRUE,TRUE,TRUE
UMass-SemiMech,inc case,SK,TRUE,TRUE,TRUE,TRUE
UMass-SemiMech,inc death,AT,TRUE,TRUE,TRUE,TRUE
UMass-SemiMech,inc death,BE,TRUE,TRUE,TRUE,TRUE
UMass-SemiMech,inc death,BG,TRUE,TRUE,TRUE,TRUE
UMass-SemiMech,inc death,CH,TRUE,TRUE,TRUE,TRUE
UMass-SemiMech,inc death,CY,TRUE,TRUE,TRUE,TRUE
UMass-SemiMech,inc death,CZ,TRUE,TRUE,TRUE,TRUE
UMass-SemiMech,inc death,DE,TRUE,TRUE,TRUE,TRUE
UMass-SemiMech,inc death,DK,TRUE,TRUE,TRUE,TRUE
UMass-SemiMech,inc death,EE,TRUE,TRUE,TRUE,TRUE
UMass-SemiMech,inc death,ES,TRUE,TRUE,TRUE,TRUE
UMass-SemiMech,inc death,FI,TRUE,TRUE,TRUE,TRUE
UMass-SemiMech,inc death,FR,TRUE,TRUE,TRUE,TRUE
UMass-SemiMech,inc death,GB,TRUE,TRUE,TRUE,TRUE
UMass-SemiMech,inc death,GR,TRUE,TRUE,TRUE,TRUE
UMass-SemiMech,inc death,HR,TRUE,TRUE,TRUE,TRUE
UMass-SemiMech,inc death,HU,TRUE,TRUE,TRUE,TRUE
UMass-SemiMech,inc death,IE,TRUE,TRUE,TRUE,TRUE
UMass-SemiMech,inc death,IS,TRUE,TRUE,TRUE,TRUE
UMass-SemiMech,inc death,IT,TRUE,TRUE,TRUE,TRUE
UMass-SemiMech,inc death,LI,TRUE,TRUE,TRUE,TRUE
UMass-SemiMech,inc death,LT,TRUE,TRUE,TRUE,TRUE
UMass-SemiMech,inc death,LU,TRUE,TRUE,TRUE,TRUE
UMass-SemiMech,inc death,LV,TRUE,TRUE,TRUE,TRUE
UMass-SemiMech,inc death,MT,TRUE,TRUE,TRUE,TRUE
UMass-SemiMech,inc death,NL,TRUE,TRUE,TRUE,TRUE
UMass-SemiMech,inc death,NO,TRUE,TRUE,TRUE,TRUE
UMass-SemiMech,inc death,PL,TRUE,TRUE,TRUE,TRUE
UMass-SemiMech,inc death,PT,TRUE,TRUE,TRUE,TRUE
UMass-SemiMech,inc death,RO,TRUE,TRUE,TRUE,TRUE
UMass-SemiMech,inc death,SE,TRUE,TRUE,TRUE,TRUE
UMass-SemiMech,inc death,SI,TRUE,TRUE,TRUE,TRUE
UMass-SemiMech,inc death,SK,TRUE,TRUE,TRUE,TRUE
UNED-PreCoV2,inc case,ES,TRUE,FALSE,TRUE,FALSE
UNED-PreCoV2,inc death,ES,TRUE,FALSE,TRUE,FALSE
UNIPV-BayesINGARCHX,inc case,DE,TRUE,TRUE,TRUE,TRUE
UNIPV-BayesINGARCHX,inc case,ES,TRUE,TRUE,TRUE,TRUE
UNIPV-BayesINGARCHX,inc case,FR,TRUE,TRUE,TRUE,TRUE
UNIPV-BayesINGARCHX,inc case,IT,TRUE,TRUE,TRUE,TRUE
UpgUmibUsi-MultiBayes,inc case,IT,TRUE,FALSE,TRUE,FALSE
UpgUmibUsi-MultiBayes,inc death,IT,TRUE,FALSE,TRUE,FALSE
USC-SIkJalpha,inc case,AT,TRUE,TRUE,TRUE,TRUE
USC-SIkJalpha,inc case,BE,TRUE,TRUE,TRUE,TRUE
USC-SIkJalpha,inc case,BG,TRUE,TRUE,TRUE,TRUE
USC-SIkJalpha,inc case,CH,TRUE,TRUE,TRUE,TRUE
USC-SIkJalpha,inc case,CY,TRUE,TRUE,TRUE,TRUE
USC-SIkJalpha,inc case,CZ,TRUE,TRUE,TRUE,TRUE
USC-SIkJalpha,inc case,DE,TRUE,TRUE,TRUE,TRUE
USC-SIkJalpha,inc case,DK,TRUE,TRUE,TRUE,TRUE
USC-SIkJalpha,inc case,EE,TRUE,TRUE,TRUE,TRUE
USC-SIkJalpha,inc case,ES,TRUE,TRUE,TRUE,TRUE
USC-SIkJalpha,inc case,FI,TRUE,TRUE,TRUE,TRUE
USC-SIkJalpha,inc case,FR,TRUE,TRUE,TRUE,TRUE
USC-SIkJalpha,inc case,GB,TRUE,TRUE,TRUE,TRUE
USC-SIkJalpha,inc case,GR,TRUE,TRUE,TRUE,TRUE
USC-SIkJalpha,inc case,HR,TRUE,TRUE,TRUE,TRUE
USC-SIkJalpha,inc case,HU,TRUE,TRUE,TRUE,TRUE
USC-SIkJalpha,inc case,IE,TRUE,TRUE,TRUE,TRUE
USC-SIkJalpha,inc case,IS,TRUE,TRUE,TRUE,TRUE
USC-SIkJalpha,inc case,IT,TRUE,TRUE,TRUE,TRUE
USC-SIkJalpha,inc case,LI,TRUE,TRUE,TRUE,TRUE
USC-SIkJalpha,inc case,LT,TRUE,TRUE,TRUE,TRUE
USC-SIkJalpha,inc case,LU,TRUE,TRUE,TRUE,TRUE
USC-SIkJalpha,inc case,LV,TRUE,TRUE,TRUE,TRUE
USC-SIkJalpha,inc case,MT,TRUE,TRUE,TRUE,TRUE
USC-SIkJalpha,inc case,NL,TRUE,TRUE,TRUE,TRUE
USC-SIkJalpha,inc case,NO,TRUE,TRUE,TRUE,TRUE
USC-SIkJalpha,inc case,PL,TRUE,TRUE,TRUE,TRUE
USC-SIkJalpha,inc case,PT,TRUE,TRUE,TRUE,TRUE
USC-SIkJalpha,inc case,RO,TRUE,TRUE,TRUE,TRUE
USC-SIkJalpha,inc case,SE,TRUE,TRUE,TRUE,TRUE
USC-SIkJalpha,inc case,SI,TRUE,TRUE,TRUE,TRUE
USC-SIkJalpha,inc case,SK,TRUE,TRUE,TRUE,TRUE
USC-SIkJalpha,inc death,AT,TRUE,TRUE,TRUE,TRUE
USC-SIkJalpha,inc death,BE,TRUE,TRUE,TRUE,TRUE
USC-SIkJalpha,inc death,BG,TRUE,TRUE,TRUE,TRUE
USC-SIkJalpha,inc death,CH,TRUE,TRUE,TRUE,TRUE
USC-SIkJalpha,inc death,CY,TRUE,TRUE,TRUE,TRUE
USC-SIkJalpha,inc death,CZ,TRUE,TRUE,TRUE,TRUE
USC-SIkJalpha,inc death,DE,TRUE,TRUE,TRUE,TRUE
USC-SIkJalpha,inc death,DK,TRUE,TRUE,TRUE,TRUE
USC-SIkJalpha,inc death,EE,TRUE,TRUE,TRUE,TRUE
USC-SIkJalpha,inc death,ES,TRUE,TRUE,TRUE,TRUE
USC-SIkJalpha,inc death,FI,TRUE,TRUE,TRUE,TRUE
USC-SIkJalpha,inc death,FR,TRUE,TRUE,TRUE,TRUE
USC-SIkJalpha,inc death,GB,TRUE,TRUE,TRUE,TRUE
USC-SIkJalpha,inc death,GR,TRUE,TRUE,TRUE,TRUE
USC-SIkJalpha,inc death,HR,TRUE,TRUE,TRUE,TRUE
USC-SIkJalpha,inc death,HU,TRUE,TRUE,TRUE,TRUE
USC-SIkJalpha,inc death,IE,TRUE,TRUE,TRUE,TRUE
USC-SIkJalpha,inc death,IS,TRUE,TRUE,TRUE,TRUE
USC-SIkJalpha,inc death,IT,TRUE,TRUE,TRUE,TRUE
USC-SIkJalpha,inc death,LI,TRUE,TRUE,TRUE,TRUE
USC-SIkJalpha,inc death,LT,TRUE,TRUE,TRUE,TRUE
USC-SIkJalpha,inc death,LU,TRUE,TRUE,TRUE,TRUE
USC-SIkJalpha,inc death,LV,TRUE,TRUE,TRUE,TRUE
USC-SIkJalpha,inc death,MT,TRUE,TRUE,TRUE,TRUE
USC-SIkJalpha,inc death,NL,TRUE,TRUE,TRUE,TRUE
USC-SIkJalpha,inc death,NO,TRUE,TRUE,TRUE,TRUE
USC-SIkJalpha,inc death,PL,TRUE,TRUE,TRUE,TRUE
USC-SIkJalpha,inc death,PT,TRUE,TRUE,TRUE,TRUE
USC-SIkJalpha,inc death,RO,TRUE,TRUE,TRUE,TRUE
USC-SIkJalpha,inc death,SE,TRUE,TRUE,TRUE,TRUE
USC-SIkJalpha,inc death,SI,TRUE,TRUE,TRUE,TRUE
USC-SIkJalpha,inc death,SK,TRUE,TRUE,TRUE,TRUE
UVA-Ensemble,inc case,AT,FALSE,FALSE,TRUE,FALSE
UVA-Ensemble,inc case,BE,FALSE,FALSE,TRUE,FALSE
UVA-Ensemble,inc case,BG,FALSE,FALSE,TRUE,FALSE
UVA-Ensemble,inc case,CH,FALSE,FALSE,TRUE,FALSE
UVA-Ensemble,inc case,CY,FALSE,FALSE,TRUE,FALSE
UVA-Ensemble,inc case,CZ,FALSE,FALSE,TRUE,FALSE
UVA-Ensemble,inc case,DE,FALSE,FALSE,TRUE,FALSE
UVA-Ensemble,inc case,DK,FALSE,FALSE,TRUE,FALSE
UVA-Ensemble,inc case,EE,FALSE,FALSE,TRUE,FALSE
UVA-Ensemble,inc case,ES,FALSE,FALSE,TRUE,FALSE
UVA-Ensemble,inc case,FI,FALSE,FALSE,TRUE,FALSE
UVA-Ensemble,inc case,FR,FALSE,FALSE,TRUE,FALSE
UVA-Ensemble,inc case,GB,FALSE,FALSE,TRUE,FALSE
UVA-Ensemble,inc case,GR,FALSE,FALSE,TRUE,FALSE
UVA-Ensemble,inc case,HR,FALSE,FALSE,TRUE,FALSE
UVA-Ensemble,inc case,HU,FALSE,FALSE,TRUE,FALSE
UVA-Ensemble,inc case,IE,FALSE,FALSE,TRUE,FALSE
UVA-Ensemble,inc case,IS,FALSE,FALSE,TRUE,FALSE
UVA-Ensemble,inc case,IT,FALSE,FALSE,TRUE,FALSE
UVA-Ensemble,inc case,LI,FALSE,FALSE,TRUE,FALSE
UVA-Ensemble,inc case,LT,FALSE,FALSE,TRUE,FALSE
UVA-Ensemble,inc case,LU,FALSE,FALSE,TRUE,FALSE
UVA-Ensemble,inc case,LV,FALSE,FALSE,TRUE,FALSE
UVA-Ensemble,inc case,MT,FALSE,FALSE,TRUE,FALSE
UVA-Ensemble,inc case,NL,FALSE,FALSE,TRUE,FALSE
UVA-Ensemble,inc case,NO,FALSE,FALSE,TRUE,FALSE
UVA-Ensemble,inc case,PL,FALSE,FALSE,TRUE,FALSE
UVA-Ensemble,inc case,PT,FALSE,FALSE,TRUE,FALSE
UVA-Ensemble,inc case,RO,FALSE,FALSE,TRUE,FALSE
UVA-Ensemble,inc case,SE,FALSE,FALSE,TRUE,FALSE
UVA-Ensemble,inc case,SI,FALSE,FALSE,TRUE,FALSE
UVA-Ensemble,inc case,SK,FALSE,FALSE,TRUE,FALSE
