"forecast_date","target","target_end_date","location","type","quantile","value"
"2021-11-01","1 wk ahead inc hosp",2021-11-06,"BE","point",NA,1067
"2021-11-01","2 wk ahead inc hosp",2021-11-13,"BE","point",NA,2231
"2021-11-01","3 wk ahead inc hosp",2021-11-20,"BE","point",NA,2938
"2021-11-01","4 wk ahead inc hosp",2021-11-27,"BE","point",NA,3570
"2021-11-01","1 wk ahead inc hosp",2021-11-06,"BE","quantile",0.01,919
"2021-11-01","2 wk ahead inc hosp",2021-11-13,"BE","quantile",0.01,351
"2021-11-01","3 wk ahead inc hosp",2021-11-20,"BE","quantile",0.01,390
"2021-11-01","4 wk ahead inc hosp",2021-11-27,"BE","quantile",0.01,324
"2021-11-01","1 wk ahead inc hosp",2021-11-06,"BE","quantile",0.025,922
"2021-11-01","2 wk ahead inc hosp",2021-11-13,"BE","quantile",0.025,352
"2021-11-01","3 wk ahead inc hosp",2021-11-20,"BE","quantile",0.025,391
"2021-11-01","4 wk ahead inc hosp",2021-11-27,"BE","quantile",0.025,325
"2021-11-01","1 wk ahead inc hosp",2021-11-06,"BE","quantile",0.05,926
"2021-11-01","2 wk ahead inc hosp",2021-11-13,"BE","quantile",0.05,353
"2021-11-01","3 wk ahead inc hosp",2021-11-20,"BE","quantile",0.05,393
"2021-11-01","4 wk ahead inc hosp",2021-11-27,"BE","quantile",0.05,327
"2021-11-01","1 wk ahead inc hosp",2021-11-06,"BE","quantile",0.1,941
"2021-11-01","2 wk ahead inc hosp",2021-11-13,"BE","quantile",0.1,359
"2021-11-01","3 wk ahead inc hosp",2021-11-20,"BE","quantile",0.1,399
"2021-11-01","4 wk ahead inc hosp",2021-11-27,"BE","quantile",0.1,332
"2021-11-01","1 wk ahead inc hosp",2021-11-06,"BE","quantile",0.15,965
"2021-11-01","2 wk ahead inc hosp",2021-11-13,"BE","quantile",0.15,368
"2021-11-01","3 wk ahead inc hosp",2021-11-20,"BE","quantile",0.15,409
"2021-11-01","4 wk ahead inc hosp",2021-11-27,"BE","quantile",0.15,340
"2021-11-01","1 wk ahead inc hosp",2021-11-06,"BE","quantile",0.2,990
"2021-11-01","2 wk ahead inc hosp",2021-11-13,"BE","quantile",0.2,378
"2021-11-01","3 wk ahead inc hosp",2021-11-20,"BE","quantile",0.2,420
"2021-11-01","4 wk ahead inc hosp",2021-11-27,"BE","quantile",0.2,349
"2021-11-01","1 wk ahead inc hosp",2021-11-06,"BE","quantile",0.25,1015
"2021-11-01","2 wk ahead inc hosp",2021-11-13,"BE","quantile",0.25,387
"2021-11-01","3 wk ahead inc hosp",2021-11-20,"BE","quantile",0.25,430
"2021-11-01","4 wk ahead inc hosp",2021-11-27,"BE","quantile",0.25,358
"2021-11-01","1 wk ahead inc hosp",2021-11-06,"BE","quantile",0.3,1018
"2021-11-01","2 wk ahead inc hosp",2021-11-13,"BE","quantile",0.3,388
"2021-11-01","3 wk ahead inc hosp",2021-11-20,"BE","quantile",0.3,431
"2021-11-01","4 wk ahead inc hosp",2021-11-27,"BE","quantile",0.3,359
"2021-11-01","1 wk ahead inc hosp",2021-11-06,"BE","quantile",0.35,1027
"2021-11-01","2 wk ahead inc hosp",2021-11-13,"BE","quantile",0.35,392
"2021-11-01","3 wk ahead inc hosp",2021-11-20,"BE","quantile",0.35,435
"2021-11-01","4 wk ahead inc hosp",2021-11-27,"BE","quantile",0.35,362
"2021-11-01","1 wk ahead inc hosp",2021-11-06,"BE","quantile",0.4,1051
"2021-11-01","2 wk ahead inc hosp",2021-11-13,"BE","quantile",0.4,401
"2021-11-01","3 wk ahead inc hosp",2021-11-20,"BE","quantile",0.4,446
"2021-11-01","4 wk ahead inc hosp",2021-11-27,"BE","quantile",0.4,371
"2021-11-01","1 wk ahead inc hosp",2021-11-06,"BE","quantile",0.45,1062
"2021-11-01","2 wk ahead inc hosp",2021-11-13,"BE","quantile",0.45,405
"2021-11-01","3 wk ahead inc hosp",2021-11-20,"BE","quantile",0.45,450
"2021-11-01","4 wk ahead inc hosp",2021-11-27,"BE","quantile",0.45,375
"2021-11-01","1 wk ahead inc hosp",2021-11-06,"BE","quantile",0.5,1067
"2021-11-01","2 wk ahead inc hosp",2021-11-13,"BE","quantile",0.5,2231
"2021-11-01","3 wk ahead inc hosp",2021-11-20,"BE","quantile",0.5,2938
"2021-11-01","4 wk ahead inc hosp",2021-11-27,"BE","quantile",0.5,3570
"2021-11-01","1 wk ahead inc hosp",2021-11-06,"BE","quantile",0.55,1101
"2021-11-01","2 wk ahead inc hosp",2021-11-13,"BE","quantile",0.55,12628
"2021-11-01","3 wk ahead inc hosp",2021-11-20,"BE","quantile",0.55,19723
"2021-11-01","4 wk ahead inc hosp",2021-11-27,"BE","quantile",0.55,34997
"2021-11-01","1 wk ahead inc hosp",2021-11-06,"BE","quantile",0.6,1125
"2021-11-01","2 wk ahead inc hosp",2021-11-13,"BE","quantile",0.6,12903
"2021-11-01","3 wk ahead inc hosp",2021-11-20,"BE","quantile",0.6,20152
"2021-11-01","4 wk ahead inc hosp",2021-11-27,"BE","quantile",0.6,35757
"2021-11-01","1 wk ahead inc hosp",2021-11-06,"BE","quantile",0.65,1128
"2021-11-01","2 wk ahead inc hosp",2021-11-13,"BE","quantile",0.65,12928
"2021-11-01","3 wk ahead inc hosp",2021-11-20,"BE","quantile",0.65,20191
"2021-11-01","4 wk ahead inc hosp",2021-11-27,"BE","quantile",0.65,35827
"2021-11-01","1 wk ahead inc hosp",2021-11-06,"BE","quantile",0.7,1131
"2021-11-01","2 wk ahead inc hosp",2021-11-13,"BE","quantile",0.7,12962
"2021-11-01","3 wk ahead inc hosp",2021-11-20,"BE","quantile",0.7,20244
"2021-11-01","4 wk ahead inc hosp",2021-11-27,"BE","quantile",0.7,35920
"2021-11-01","1 wk ahead inc hosp",2021-11-06,"BE","quantile",0.75,1134
"2021-11-01","2 wk ahead inc hosp",2021-11-13,"BE","quantile",0.75,13000
"2021-11-01","3 wk ahead inc hosp",2021-11-20,"BE","quantile",0.75,20303
"2021-11-01","4 wk ahead inc hosp",2021-11-27,"BE","quantile",0.75,36026
"2021-11-01","1 wk ahead inc hosp",2021-11-06,"BE","quantile",0.8,1179
"2021-11-01","2 wk ahead inc hosp",2021-11-13,"BE","quantile",0.8,13522
"2021-11-01","3 wk ahead inc hosp",2021-11-20,"BE","quantile",0.8,21119
"2021-11-01","4 wk ahead inc hosp",2021-11-27,"BE","quantile",0.8,37474
"2021-11-01","1 wk ahead inc hosp",2021-11-06,"BE","quantile",0.85,1242
"2021-11-01","2 wk ahead inc hosp",2021-11-13,"BE","quantile",0.85,14241
"2021-11-01","3 wk ahead inc hosp",2021-11-20,"BE","quantile",0.85,22241
"2021-11-01","4 wk ahead inc hosp",2021-11-27,"BE","quantile",0.85,39465
"2021-11-01","1 wk ahead inc hosp",2021-11-06,"BE","quantile",0.9,1339
"2021-11-01","2 wk ahead inc hosp",2021-11-13,"BE","quantile",0.9,15351
"2021-11-01","3 wk ahead inc hosp",2021-11-20,"BE","quantile",0.9,23976
"2021-11-01","4 wk ahead inc hosp",2021-11-27,"BE","quantile",0.9,42543
"2021-11-01","1 wk ahead inc hosp",2021-11-06,"BE","quantile",0.95,1448
"2021-11-01","2 wk ahead inc hosp",2021-11-13,"BE","quantile",0.95,16597
"2021-11-01","3 wk ahead inc hosp",2021-11-20,"BE","quantile",0.95,25922
"2021-11-01","4 wk ahead inc hosp",2021-11-27,"BE","quantile",0.95,45996
"2021-11-01","1 wk ahead inc hosp",2021-11-06,"BE","quantile",0.975,1505
"2021-11-01","2 wk ahead inc hosp",2021-11-13,"BE","quantile",0.975,17254
"2021-11-01","3 wk ahead inc hosp",2021-11-20,"BE","quantile",0.975,26948
"2021-11-01","4 wk ahead inc hosp",2021-11-27,"BE","quantile",0.975,47816
"2021-11-01","1 wk ahead inc hosp",2021-11-06,"BE","quantile",0.99,1539
"2021-11-01","2 wk ahead inc hosp",2021-11-13,"BE","quantile",0.99,17648
"2021-11-01","3 wk ahead inc hosp",2021-11-20,"BE","quantile",0.99,27563
"2021-11-01","4 wk ahead inc hosp",2021-11-27,"BE","quantile",0.99,48908
"2021-11-01","1 wk ahead inc hosp",2021-11-06,"HR","point",NA,906
"2021-11-01","2 wk ahead inc hosp",2021-11-13,"HR","point",NA,1533
"2021-11-01","3 wk ahead inc hosp",2021-11-20,"HR","point",NA,2166
"2021-11-01","4 wk ahead inc hosp",2021-11-27,"HR","point",NA,2600
"2021-11-01","1 wk ahead inc hosp",2021-11-06,"HR","quantile",0.01,569
"2021-11-01","2 wk ahead inc hosp",2021-11-13,"HR","quantile",0.01,963
"2021-11-01","3 wk ahead inc hosp",2021-11-20,"HR","quantile",0.01,1360
"2021-11-01","4 wk ahead inc hosp",2021-11-27,"HR","quantile",0.01,1275
"2021-11-01","1 wk ahead inc hosp",2021-11-06,"HR","quantile",0.025,580
"2021-11-01","2 wk ahead inc hosp",2021-11-13,"HR","quantile",0.025,982
"2021-11-01","3 wk ahead inc hosp",2021-11-20,"HR","quantile",0.025,1388
"2021-11-01","4 wk ahead inc hosp",2021-11-27,"HR","quantile",0.025,1300
"2021-11-01","1 wk ahead inc hosp",2021-11-06,"HR","quantile",0.05,599
"2021-11-01","2 wk ahead inc hosp",2021-11-13,"HR","quantile",0.05,1015
"2021-11-01","3 wk ahead inc hosp",2021-11-20,"HR","quantile",0.05,1433
"2021-11-01","4 wk ahead inc hosp",2021-11-27,"HR","quantile",0.05,1343
"2021-11-01","1 wk ahead inc hosp",2021-11-06,"HR","quantile",0.1,638
"2021-11-01","2 wk ahead inc hosp",2021-11-13,"HR","quantile",0.1,1080
"2021-11-01","3 wk ahead inc hosp",2021-11-20,"HR","quantile",0.1,1526
"2021-11-01","4 wk ahead inc hosp",2021-11-27,"HR","quantile",0.1,1430
"2021-11-01","1 wk ahead inc hosp",2021-11-06,"HR","quantile",0.15,680
"2021-11-01","2 wk ahead inc hosp",2021-11-13,"HR","quantile",0.15,1151
"2021-11-01","3 wk ahead inc hosp",2021-11-20,"HR","quantile",0.15,1626
"2021-11-01","4 wk ahead inc hosp",2021-11-27,"HR","quantile",0.15,1524
"2021-11-01","1 wk ahead inc hosp",2021-11-06,"HR","quantile",0.2,721
"2021-11-01","2 wk ahead inc hosp",2021-11-13,"HR","quantile",0.2,1220
"2021-11-01","3 wk ahead inc hosp",2021-11-20,"HR","quantile",0.2,1723
"2021-11-01","4 wk ahead inc hosp",2021-11-27,"HR","quantile",0.2,1615
"2021-11-01","1 wk ahead inc hosp",2021-11-06,"HR","quantile",0.25,759
"2021-11-01","2 wk ahead inc hosp",2021-11-13,"HR","quantile",0.25,1285
"2021-11-01","3 wk ahead inc hosp",2021-11-20,"HR","quantile",0.25,1815
"2021-11-01","4 wk ahead inc hosp",2021-11-27,"HR","quantile",0.25,1701
"2021-11-01","1 wk ahead inc hosp",2021-11-06,"HR","quantile",0.3,809
"2021-11-01","2 wk ahead inc hosp",2021-11-13,"HR","quantile",0.3,1368
"2021-11-01","3 wk ahead inc hosp",2021-11-20,"HR","quantile",0.3,1933
"2021-11-01","4 wk ahead inc hosp",2021-11-27,"HR","quantile",0.3,1812
"2021-11-01","1 wk ahead inc hosp",2021-11-06,"HR","quantile",0.35,867
"2021-11-01","2 wk ahead inc hosp",2021-11-13,"HR","quantile",0.35,1468
"2021-11-01","3 wk ahead inc hosp",2021-11-20,"HR","quantile",0.35,2074
"2021-11-01","4 wk ahead inc hosp",2021-11-27,"HR","quantile",0.35,1943
"2021-11-01","1 wk ahead inc hosp",2021-11-06,"HR","quantile",0.4,889
"2021-11-01","2 wk ahead inc hosp",2021-11-13,"HR","quantile",0.4,1504
"2021-11-01","3 wk ahead inc hosp",2021-11-20,"HR","quantile",0.4,2125
"2021-11-01","4 wk ahead inc hosp",2021-11-27,"HR","quantile",0.4,1991
"2021-11-01","1 wk ahead inc hosp",2021-11-06,"HR","quantile",0.45,896
"2021-11-01","2 wk ahead inc hosp",2021-11-13,"HR","quantile",0.45,1517
"2021-11-01","3 wk ahead inc hosp",2021-11-20,"HR","quantile",0.45,2143
"2021-11-01","4 wk ahead inc hosp",2021-11-27,"HR","quantile",0.45,2008
"2021-11-01","1 wk ahead inc hosp",2021-11-06,"HR","quantile",0.5,906
"2021-11-01","2 wk ahead inc hosp",2021-11-13,"HR","quantile",0.5,1533
"2021-11-01","3 wk ahead inc hosp",2021-11-20,"HR","quantile",0.5,2166
"2021-11-01","4 wk ahead inc hosp",2021-11-27,"HR","quantile",0.5,2600
"2021-11-01","1 wk ahead inc hosp",2021-11-06,"HR","quantile",0.55,916
"2021-11-01","2 wk ahead inc hosp",2021-11-13,"HR","quantile",0.55,1550
"2021-11-01","3 wk ahead inc hosp",2021-11-20,"HR","quantile",0.55,2190
"2021-11-01","4 wk ahead inc hosp",2021-11-27,"HR","quantile",0.55,3367
"2021-11-01","1 wk ahead inc hosp",2021-11-06,"HR","quantile",0.6,927
"2021-11-01","2 wk ahead inc hosp",2021-11-13,"HR","quantile",0.6,1570
"2021-11-01","3 wk ahead inc hosp",2021-11-20,"HR","quantile",0.6,2218
"2021-11-01","4 wk ahead inc hosp",2021-11-27,"HR","quantile",0.6,3409
"2021-11-01","1 wk ahead inc hosp",2021-11-06,"HR","quantile",0.65,989
"2021-11-01","2 wk ahead inc hosp",2021-11-13,"HR","quantile",0.65,1673
"2021-11-01","3 wk ahead inc hosp",2021-11-20,"HR","quantile",0.65,2364
"2021-11-01","4 wk ahead inc hosp",2021-11-27,"HR","quantile",0.65,3634
"2021-11-01","1 wk ahead inc hosp",2021-11-06,"HR","quantile",0.7,1183
"2021-11-01","2 wk ahead inc hosp",2021-11-13,"HR","quantile",0.7,2002
"2021-11-01","3 wk ahead inc hosp",2021-11-20,"HR","quantile",0.7,2828
"2021-11-01","4 wk ahead inc hosp",2021-11-27,"HR","quantile",0.7,4348
"2021-11-01","1 wk ahead inc hosp",2021-11-06,"HR","quantile",0.75,1340
"2021-11-01","2 wk ahead inc hosp",2021-11-13,"HR","quantile",0.75,2267
"2021-11-01","3 wk ahead inc hosp",2021-11-20,"HR","quantile",0.75,3203
"2021-11-01","4 wk ahead inc hosp",2021-11-27,"HR","quantile",0.75,4925
"2021-11-01","1 wk ahead inc hosp",2021-11-06,"HR","quantile",0.8,1452
"2021-11-01","2 wk ahead inc hosp",2021-11-13,"HR","quantile",0.8,2457
"2021-11-01","3 wk ahead inc hosp",2021-11-20,"HR","quantile",0.8,3471
"2021-11-01","4 wk ahead inc hosp",2021-11-27,"HR","quantile",0.8,5337
"2021-11-01","1 wk ahead inc hosp",2021-11-06,"HR","quantile",0.85,1539
"2021-11-01","2 wk ahead inc hosp",2021-11-13,"HR","quantile",0.85,2605
"2021-11-01","3 wk ahead inc hosp",2021-11-20,"HR","quantile",0.85,3680
"2021-11-01","4 wk ahead inc hosp",2021-11-27,"HR","quantile",0.85,5658
"2021-11-01","1 wk ahead inc hosp",2021-11-06,"HR","quantile",0.9,1612
"2021-11-01","2 wk ahead inc hosp",2021-11-13,"HR","quantile",0.9,2729
"2021-11-01","3 wk ahead inc hosp",2021-11-20,"HR","quantile",0.9,3855
"2021-11-01","4 wk ahead inc hosp",2021-11-27,"HR","quantile",0.9,5927
"2021-11-01","1 wk ahead inc hosp",2021-11-06,"HR","quantile",0.95,1838
"2021-11-01","2 wk ahead inc hosp",2021-11-13,"HR","quantile",0.95,3110
"2021-11-01","3 wk ahead inc hosp",2021-11-20,"HR","quantile",0.95,4395
"2021-11-01","4 wk ahead inc hosp",2021-11-27,"HR","quantile",0.95,6756
"2021-11-01","1 wk ahead inc hosp",2021-11-06,"HR","quantile",0.975,1967
"2021-11-01","2 wk ahead inc hosp",2021-11-13,"HR","quantile",0.975,3330
"2021-11-01","3 wk ahead inc hosp",2021-11-20,"HR","quantile",0.975,4705
"2021-11-01","4 wk ahead inc hosp",2021-11-27,"HR","quantile",0.975,7233
"2021-11-01","1 wk ahead inc hosp",2021-11-06,"HR","quantile",0.99,2045
"2021-11-01","2 wk ahead inc hosp",2021-11-13,"HR","quantile",0.99,3461
"2021-11-01","3 wk ahead inc hosp",2021-11-20,"HR","quantile",0.99,4891
"2021-11-01","4 wk ahead inc hosp",2021-11-27,"HR","quantile",0.99,7519
"2021-11-01","1 wk ahead inc hosp",2021-11-06,"DK","point",NA,369
"2021-11-01","2 wk ahead inc hosp",2021-11-13,"DK","point",NA,451
"2021-11-01","3 wk ahead inc hosp",2021-11-20,"DK","point",NA,562
"2021-11-01","4 wk ahead inc hosp",2021-11-27,"DK","point",NA,632
"2021-11-01","1 wk ahead inc hosp",2021-11-06,"DK","quantile",0.01,288
"2021-11-01","2 wk ahead inc hosp",2021-11-13,"DK","quantile",0.01,150
"2021-11-01","3 wk ahead inc hosp",2021-11-20,"DK","quantile",0.01,154
"2021-11-01","4 wk ahead inc hosp",2021-11-27,"DK","quantile",0.01,143
"2021-11-01","1 wk ahead inc hosp",2021-11-06,"DK","quantile",0.025,289
"2021-11-01","2 wk ahead inc hosp",2021-11-13,"DK","quantile",0.025,151
"2021-11-01","3 wk ahead inc hosp",2021-11-20,"DK","quantile",0.025,155
"2021-11-01","4 wk ahead inc hosp",2021-11-27,"DK","quantile",0.025,143
"2021-11-01","1 wk ahead inc hosp",2021-11-06,"DK","quantile",0.05,290
"2021-11-01","2 wk ahead inc hosp",2021-11-13,"DK","quantile",0.05,151
"2021-11-01","3 wk ahead inc hosp",2021-11-20,"DK","quantile",0.05,155
"2021-11-01","4 wk ahead inc hosp",2021-11-27,"DK","quantile",0.05,144
"2021-11-01","1 wk ahead inc hosp",2021-11-06,"DK","quantile",0.1,294
"2021-11-01","2 wk ahead inc hosp",2021-11-13,"DK","quantile",0.1,154
"2021-11-01","3 wk ahead inc hosp",2021-11-20,"DK","quantile",0.1,158
"2021-11-01","4 wk ahead inc hosp",2021-11-27,"DK","quantile",0.1,146
"2021-11-01","1 wk ahead inc hosp",2021-11-06,"DK","quantile",0.15,304
"2021-11-01","2 wk ahead inc hosp",2021-11-13,"DK","quantile",0.15,159
"2021-11-01","3 wk ahead inc hosp",2021-11-20,"DK","quantile",0.15,163
"2021-11-01","4 wk ahead inc hosp",2021-11-27,"DK","quantile",0.15,151
"2021-11-01","1 wk ahead inc hosp",2021-11-06,"DK","quantile",0.2,323
"2021-11-01","2 wk ahead inc hosp",2021-11-13,"DK","quantile",0.2,169
"2021-11-01","3 wk ahead inc hosp",2021-11-20,"DK","quantile",0.2,173
"2021-11-01","4 wk ahead inc hosp",2021-11-27,"DK","quantile",0.2,161
"2021-11-01","1 wk ahead inc hosp",2021-11-06,"DK","quantile",0.25,347
"2021-11-01","2 wk ahead inc hosp",2021-11-13,"DK","quantile",0.25,181
"2021-11-01","3 wk ahead inc hosp",2021-11-20,"DK","quantile",0.25,186
"2021-11-01","4 wk ahead inc hosp",2021-11-27,"DK","quantile",0.25,172
"2021-11-01","1 wk ahead inc hosp",2021-11-06,"DK","quantile",0.3,347
"2021-11-01","2 wk ahead inc hosp",2021-11-13,"DK","quantile",0.3,181
"2021-11-01","3 wk ahead inc hosp",2021-11-20,"DK","quantile",0.3,186
"2021-11-01","4 wk ahead inc hosp",2021-11-27,"DK","quantile",0.3,172
"2021-11-01","1 wk ahead inc hosp",2021-11-06,"DK","quantile",0.35,350
"2021-11-01","2 wk ahead inc hosp",2021-11-13,"DK","quantile",0.35,182
"2021-11-01","3 wk ahead inc hosp",2021-11-20,"DK","quantile",0.35,187
"2021-11-01","4 wk ahead inc hosp",2021-11-27,"DK","quantile",0.35,174
"2021-11-01","1 wk ahead inc hosp",2021-11-06,"DK","quantile",0.4,356
"2021-11-01","2 wk ahead inc hosp",2021-11-13,"DK","quantile",0.4,186
"2021-11-01","3 wk ahead inc hosp",2021-11-20,"DK","quantile",0.4,191
"2021-11-01","4 wk ahead inc hosp",2021-11-27,"DK","quantile",0.4,177
"2021-11-01","1 wk ahead inc hosp",2021-11-06,"DK","quantile",0.45,363
"2021-11-01","2 wk ahead inc hosp",2021-11-13,"DK","quantile",0.45,189
"2021-11-01","3 wk ahead inc hosp",2021-11-20,"DK","quantile",0.45,194
"2021-11-01","4 wk ahead inc hosp",2021-11-27,"DK","quantile",0.45,180
"2021-11-01","1 wk ahead inc hosp",2021-11-06,"DK","quantile",0.5,369
"2021-11-01","2 wk ahead inc hosp",2021-11-13,"DK","quantile",0.5,451
"2021-11-01","3 wk ahead inc hosp",2021-11-20,"DK","quantile",0.5,562
"2021-11-01","4 wk ahead inc hosp",2021-11-27,"DK","quantile",0.5,632
"2021-11-01","1 wk ahead inc hosp",2021-11-06,"DK","quantile",0.55,376
"2021-11-01","2 wk ahead inc hosp",2021-11-13,"DK","quantile",0.55,1078
"2021-11-01","3 wk ahead inc hosp",2021-11-20,"DK","quantile",0.55,1629
"2021-11-01","4 wk ahead inc hosp",2021-11-27,"DK","quantile",0.55,2225
"2021-11-01","1 wk ahead inc hosp",2021-11-06,"DK","quantile",0.6,381
"2021-11-01","2 wk ahead inc hosp",2021-11-13,"DK","quantile",0.6,1093
"2021-11-01","3 wk ahead inc hosp",2021-11-20,"DK","quantile",0.6,1652
"2021-11-01","4 wk ahead inc hosp",2021-11-27,"DK","quantile",0.6,2256
"2021-11-01","1 wk ahead inc hosp",2021-11-06,"DK","quantile",0.65,383
"2021-11-01","2 wk ahead inc hosp",2021-11-13,"DK","quantile",0.65,1097
"2021-11-01","3 wk ahead inc hosp",2021-11-20,"DK","quantile",0.65,1658
"2021-11-01","4 wk ahead inc hosp",2021-11-27,"DK","quantile",0.65,2265
"2021-11-01","1 wk ahead inc hosp",2021-11-06,"DK","quantile",0.7,395
"2021-11-01","2 wk ahead inc hosp",2021-11-13,"DK","quantile",0.7,1132
"2021-11-01","3 wk ahead inc hosp",2021-11-20,"DK","quantile",0.7,1710
"2021-11-01","4 wk ahead inc hosp",2021-11-27,"DK","quantile",0.7,2336
"2021-11-01","1 wk ahead inc hosp",2021-11-06,"DK","quantile",0.75,412
"2021-11-01","2 wk ahead inc hosp",2021-11-13,"DK","quantile",0.75,1182
"2021-11-01","3 wk ahead inc hosp",2021-11-20,"DK","quantile",0.75,1785
"2021-11-01","4 wk ahead inc hosp",2021-11-27,"DK","quantile",0.75,2438
"2021-11-01","1 wk ahead inc hosp",2021-11-06,"DK","quantile",0.8,413
"2021-11-01","2 wk ahead inc hosp",2021-11-13,"DK","quantile",0.8,1186
"2021-11-01","3 wk ahead inc hosp",2021-11-20,"DK","quantile",0.8,1792
"2021-11-01","4 wk ahead inc hosp",2021-11-27,"DK","quantile",0.8,2446
"2021-11-01","1 wk ahead inc hosp",2021-11-06,"DK","quantile",0.85,440
"2021-11-01","2 wk ahead inc hosp",2021-11-13,"DK","quantile",0.85,1263
"2021-11-01","3 wk ahead inc hosp",2021-11-20,"DK","quantile",0.85,1908
"2021-11-01","4 wk ahead inc hosp",2021-11-27,"DK","quantile",0.85,2606
"2021-11-01","1 wk ahead inc hosp",2021-11-06,"DK","quantile",0.9,518
"2021-11-01","2 wk ahead inc hosp",2021-11-13,"DK","quantile",0.9,1486
"2021-11-01","3 wk ahead inc hosp",2021-11-20,"DK","quantile",0.9,2246
"2021-11-01","4 wk ahead inc hosp",2021-11-27,"DK","quantile",0.9,3067
"2021-11-01","1 wk ahead inc hosp",2021-11-06,"DK","quantile",0.95,566
"2021-11-01","2 wk ahead inc hosp",2021-11-13,"DK","quantile",0.95,1623
"2021-11-01","3 wk ahead inc hosp",2021-11-20,"DK","quantile",0.95,2453
"2021-11-01","4 wk ahead inc hosp",2021-11-27,"DK","quantile",0.95,3350
"2021-11-01","1 wk ahead inc hosp",2021-11-06,"DK","quantile",0.975,582
"2021-11-01","2 wk ahead inc hosp",2021-11-13,"DK","quantile",0.975,1670
"2021-11-01","3 wk ahead inc hosp",2021-11-20,"DK","quantile",0.975,2524
"2021-11-01","4 wk ahead inc hosp",2021-11-27,"DK","quantile",0.975,3446
"2021-11-01","1 wk ahead inc hosp",2021-11-06,"DK","quantile",0.99,592
"2021-11-01","2 wk ahead inc hosp",2021-11-13,"DK","quantile",0.99,1698
"2021-11-01","3 wk ahead inc hosp",2021-11-20,"DK","quantile",0.99,2566
"2021-11-01","4 wk ahead inc hosp",2021-11-27,"DK","quantile",0.99,3505
"2021-11-01","1 wk ahead inc hosp",2021-11-06,"EE","point",NA,611
"2021-11-01","2 wk ahead inc hosp",2021-11-13,"EE","point",NA,704
"2021-11-01","3 wk ahead inc hosp",2021-11-20,"EE","point",NA,759
"2021-11-01","4 wk ahead inc hosp",2021-11-27,"EE","point",NA,799
"2021-11-01","1 wk ahead inc hosp",2021-11-06,"EE","quantile",0.01,223
"2021-11-01","2 wk ahead inc hosp",2021-11-13,"EE","quantile",0.01,194
"2021-11-01","3 wk ahead inc hosp",2021-11-20,"EE","quantile",0.01,168
"2021-11-01","4 wk ahead inc hosp",2021-11-27,"EE","quantile",0.01,114
"2021-11-01","1 wk ahead inc hosp",2021-11-06,"EE","quantile",0.025,226
"2021-11-01","2 wk ahead inc hosp",2021-11-13,"EE","quantile",0.025,197
"2021-11-01","3 wk ahead inc hosp",2021-11-20,"EE","quantile",0.025,170
"2021-11-01","4 wk ahead inc hosp",2021-11-27,"EE","quantile",0.025,115
"2021-11-01","1 wk ahead inc hosp",2021-11-06,"EE","quantile",0.05,230
"2021-11-01","2 wk ahead inc hosp",2021-11-13,"EE","quantile",0.05,200
"2021-11-01","3 wk ahead inc hosp",2021-11-20,"EE","quantile",0.05,173
"2021-11-01","4 wk ahead inc hosp",2021-11-27,"EE","quantile",0.05,117
"2021-11-01","1 wk ahead inc hosp",2021-11-06,"EE","quantile",0.1,239
"2021-11-01","2 wk ahead inc hosp",2021-11-13,"EE","quantile",0.1,208
"2021-11-01","3 wk ahead inc hosp",2021-11-20,"EE","quantile",0.1,179
"2021-11-01","4 wk ahead inc hosp",2021-11-27,"EE","quantile",0.1,122
"2021-11-01","1 wk ahead inc hosp",2021-11-06,"EE","quantile",0.15,248
"2021-11-01","2 wk ahead inc hosp",2021-11-13,"EE","quantile",0.15,216
"2021-11-01","3 wk ahead inc hosp",2021-11-20,"EE","quantile",0.15,186
"2021-11-01","4 wk ahead inc hosp",2021-11-27,"EE","quantile",0.15,126
"2021-11-01","1 wk ahead inc hosp",2021-11-06,"EE","quantile",0.2,252
"2021-11-01","2 wk ahead inc hosp",2021-11-13,"EE","quantile",0.2,219
"2021-11-01","3 wk ahead inc hosp",2021-11-20,"EE","quantile",0.2,189
"2021-11-01","4 wk ahead inc hosp",2021-11-27,"EE","quantile",0.2,128
"2021-11-01","1 wk ahead inc hosp",2021-11-06,"EE","quantile",0.25,254
"2021-11-01","2 wk ahead inc hosp",2021-11-13,"EE","quantile",0.25,221
"2021-11-01","3 wk ahead inc hosp",2021-11-20,"EE","quantile",0.25,191
"2021-11-01","4 wk ahead inc hosp",2021-11-27,"EE","quantile",0.25,129
"2021-11-01","1 wk ahead inc hosp",2021-11-06,"EE","quantile",0.3,255
"2021-11-01","2 wk ahead inc hosp",2021-11-13,"EE","quantile",0.3,222
"2021-11-01","3 wk ahead inc hosp",2021-11-20,"EE","quantile",0.3,192
"2021-11-01","4 wk ahead inc hosp",2021-11-27,"EE","quantile",0.3,130
"2021-11-01","1 wk ahead inc hosp",2021-11-06,"EE","quantile",0.35,258
"2021-11-01","2 wk ahead inc hosp",2021-11-13,"EE","quantile",0.35,224
"2021-11-01","3 wk ahead inc hosp",2021-11-20,"EE","quantile",0.35,194
"2021-11-01","4 wk ahead inc hosp",2021-11-27,"EE","quantile",0.35,131
"2021-11-01","1 wk ahead inc hosp",2021-11-06,"EE","quantile",0.4,262
"2021-11-01","2 wk ahead inc hosp",2021-11-13,"EE","quantile",0.4,228
"2021-11-01","3 wk ahead inc hosp",2021-11-20,"EE","quantile",0.4,197
"2021-11-01","4 wk ahead inc hosp",2021-11-27,"EE","quantile",0.4,133
"2021-11-01","1 wk ahead inc hosp",2021-11-06,"EE","quantile",0.45,264
"2021-11-01","2 wk ahead inc hosp",2021-11-13,"EE","quantile",0.45,230
"2021-11-01","3 wk ahead inc hosp",2021-11-20,"EE","quantile",0.45,199
"2021-11-01","4 wk ahead inc hosp",2021-11-27,"EE","quantile",0.45,135
"2021-11-01","1 wk ahead inc hosp",2021-11-06,"EE","quantile",0.5,611
"2021-11-01","2 wk ahead inc hosp",2021-11-13,"EE","quantile",0.5,704
"2021-11-01","3 wk ahead inc hosp",2021-11-20,"EE","quantile",0.5,759
"2021-11-01","4 wk ahead inc hosp",2021-11-27,"EE","quantile",0.5,799
"2021-11-01","1 wk ahead inc hosp",2021-11-06,"EE","quantile",0.55,1406
"2021-11-01","2 wk ahead inc hosp",2021-11-13,"EE","quantile",0.55,2147
"2021-11-01","3 wk ahead inc hosp",2021-11-20,"EE","quantile",0.55,2884
"2021-11-01","4 wk ahead inc hosp",2021-11-27,"EE","quantile",0.55,4717
"2021-11-01","1 wk ahead inc hosp",2021-11-06,"EE","quantile",0.6,1413
"2021-11-01","2 wk ahead inc hosp",2021-11-13,"EE","quantile",0.6,2158
"2021-11-01","3 wk ahead inc hosp",2021-11-20,"EE","quantile",0.6,2899
"2021-11-01","4 wk ahead inc hosp",2021-11-27,"EE","quantile",0.6,4741
"2021-11-01","1 wk ahead inc hosp",2021-11-06,"EE","quantile",0.65,1435
"2021-11-01","2 wk ahead inc hosp",2021-11-13,"EE","quantile",0.65,2191
"2021-11-01","3 wk ahead inc hosp",2021-11-20,"EE","quantile",0.65,2943
"2021-11-01","4 wk ahead inc hosp",2021-11-27,"EE","quantile",0.65,4813
"2021-11-01","1 wk ahead inc hosp",2021-11-06,"EE","quantile",0.7,1452
"2021-11-01","2 wk ahead inc hosp",2021-11-13,"EE","quantile",0.7,2218
"2021-11-01","3 wk ahead inc hosp",2021-11-20,"EE","quantile",0.7,2978
"2021-11-01","4 wk ahead inc hosp",2021-11-27,"EE","quantile",0.7,4872
"2021-11-01","1 wk ahead inc hosp",2021-11-06,"EE","quantile",0.75,1468
"2021-11-01","2 wk ahead inc hosp",2021-11-13,"EE","quantile",0.75,2241
"2021-11-01","3 wk ahead inc hosp",2021-11-20,"EE","quantile",0.75,3010
"2021-11-01","4 wk ahead inc hosp",2021-11-27,"EE","quantile",0.75,4924
"2021-11-01","1 wk ahead inc hosp",2021-11-06,"EE","quantile",0.8,1479
"2021-11-01","2 wk ahead inc hosp",2021-11-13,"EE","quantile",0.8,2258
"2021-11-01","3 wk ahead inc hosp",2021-11-20,"EE","quantile",0.8,3033
"2021-11-01","4 wk ahead inc hosp",2021-11-27,"EE","quantile",0.8,4961
"2021-11-01","1 wk ahead inc hosp",2021-11-06,"EE","quantile",0.85,1489
"2021-11-01","2 wk ahead inc hosp",2021-11-13,"EE","quantile",0.85,2274
"2021-11-01","3 wk ahead inc hosp",2021-11-20,"EE","quantile",0.85,3054
"2021-11-01","4 wk ahead inc hosp",2021-11-27,"EE","quantile",0.85,4996
"2021-11-01","1 wk ahead inc hosp",2021-11-06,"EE","quantile",0.9,1498
"2021-11-01","2 wk ahead inc hosp",2021-11-13,"EE","quantile",0.9,2288
"2021-11-01","3 wk ahead inc hosp",2021-11-20,"EE","quantile",0.9,3073
"2021-11-01","4 wk ahead inc hosp",2021-11-27,"EE","quantile",0.9,5027
"2021-11-01","1 wk ahead inc hosp",2021-11-06,"EE","quantile",0.95,1543
"2021-11-01","2 wk ahead inc hosp",2021-11-13,"EE","quantile",0.95,2356
"2021-11-01","3 wk ahead inc hosp",2021-11-20,"EE","quantile",0.95,3164
"2021-11-01","4 wk ahead inc hosp",2021-11-27,"EE","quantile",0.95,5175
"2021-11-01","1 wk ahead inc hosp",2021-11-06,"EE","quantile",0.975,1573
"2021-11-01","2 wk ahead inc hosp",2021-11-13,"EE","quantile",0.975,2403
"2021-11-01","3 wk ahead inc hosp",2021-11-20,"EE","quantile",0.975,3227
"2021-11-01","4 wk ahead inc hosp",2021-11-27,"EE","quantile",0.975,5278
"2021-11-01","1 wk ahead inc hosp",2021-11-06,"EE","quantile",0.99,1592
"2021-11-01","2 wk ahead inc hosp",2021-11-13,"EE","quantile",0.99,2431
"2021-11-01","3 wk ahead inc hosp",2021-11-20,"EE","quantile",0.99,3265
"2021-11-01","4 wk ahead inc hosp",2021-11-27,"EE","quantile",0.99,5340
"2021-11-01","1 wk ahead inc hosp",2021-11-06,"FR","point",NA,1841
"2021-11-01","2 wk ahead inc hosp",2021-11-13,"FR","point",NA,1951
"2021-11-01","3 wk ahead inc hosp",2021-11-20,"FR","point",NA,2207
"2021-11-01","4 wk ahead inc hosp",2021-11-27,"FR","point",NA,2488
"2021-11-01","1 wk ahead inc hosp",2021-11-06,"FR","quantile",0.01,1755
"2021-11-01","2 wk ahead inc hosp",2021-11-13,"FR","quantile",0.01,269
"2021-11-01","3 wk ahead inc hosp",2021-11-20,"FR","quantile",0.01,213
"2021-11-01","4 wk ahead inc hosp",2021-11-27,"FR","quantile",0.01,178
"2021-11-01","1 wk ahead inc hosp",2021-11-06,"FR","quantile",0.025,1757
"2021-11-01","2 wk ahead inc hosp",2021-11-13,"FR","quantile",0.025,270
"2021-11-01","3 wk ahead inc hosp",2021-11-20,"FR","quantile",0.025,213
"2021-11-01","4 wk ahead inc hosp",2021-11-27,"FR","quantile",0.025,179
"2021-11-01","1 wk ahead inc hosp",2021-11-06,"FR","quantile",0.05,1761
"2021-11-01","2 wk ahead inc hosp",2021-11-13,"FR","quantile",0.05,270
"2021-11-01","3 wk ahead inc hosp",2021-11-20,"FR","quantile",0.05,214
"2021-11-01","4 wk ahead inc hosp",2021-11-27,"FR","quantile",0.05,179
"2021-11-01","1 wk ahead inc hosp",2021-11-06,"FR","quantile",0.1,1772
"2021-11-01","2 wk ahead inc hosp",2021-11-13,"FR","quantile",0.1,272
"2021-11-01","3 wk ahead inc hosp",2021-11-20,"FR","quantile",0.1,215
"2021-11-01","4 wk ahead inc hosp",2021-11-27,"FR","quantile",0.1,180
"2021-11-01","1 wk ahead inc hosp",2021-11-06,"FR","quantile",0.15,1785
"2021-11-01","2 wk ahead inc hosp",2021-11-13,"FR","quantile",0.15,274
"2021-11-01","3 wk ahead inc hosp",2021-11-20,"FR","quantile",0.15,217
"2021-11-01","4 wk ahead inc hosp",2021-11-27,"FR","quantile",0.15,181
"2021-11-01","1 wk ahead inc hosp",2021-11-06,"FR","quantile",0.2,1798
"2021-11-01","2 wk ahead inc hosp",2021-11-13,"FR","quantile",0.2,276
"2021-11-01","3 wk ahead inc hosp",2021-11-20,"FR","quantile",0.2,218
"2021-11-01","4 wk ahead inc hosp",2021-11-27,"FR","quantile",0.2,183
"2021-11-01","1 wk ahead inc hosp",2021-11-06,"FR","quantile",0.25,1811
"2021-11-01","2 wk ahead inc hosp",2021-11-13,"FR","quantile",0.25,278
"2021-11-01","3 wk ahead inc hosp",2021-11-20,"FR","quantile",0.25,220
"2021-11-01","4 wk ahead inc hosp",2021-11-27,"FR","quantile",0.25,184
"2021-11-01","1 wk ahead inc hosp",2021-11-06,"FR","quantile",0.3,1814
"2021-11-01","2 wk ahead inc hosp",2021-11-13,"FR","quantile",0.3,278
"2021-11-01","3 wk ahead inc hosp",2021-11-20,"FR","quantile",0.3,220
"2021-11-01","4 wk ahead inc hosp",2021-11-27,"FR","quantile",0.3,184
"2021-11-01","1 wk ahead inc hosp",2021-11-06,"FR","quantile",0.35,1817
"2021-11-01","2 wk ahead inc hosp",2021-11-13,"FR","quantile",0.35,279
"2021-11-01","3 wk ahead inc hosp",2021-11-20,"FR","quantile",0.35,221
"2021-11-01","4 wk ahead inc hosp",2021-11-27,"FR","quantile",0.35,185
"2021-11-01","1 wk ahead inc hosp",2021-11-06,"FR","quantile",0.4,1821
"2021-11-01","2 wk ahead inc hosp",2021-11-13,"FR","quantile",0.4,280
"2021-11-01","3 wk ahead inc hosp",2021-11-20,"FR","quantile",0.4,221
"2021-11-01","4 wk ahead inc hosp",2021-11-27,"FR","quantile",0.4,185
"2021-11-01","1 wk ahead inc hosp",2021-11-06,"FR","quantile",0.45,1830
"2021-11-01","2 wk ahead inc hosp",2021-11-13,"FR","quantile",0.45,281
"2021-11-01","3 wk ahead inc hosp",2021-11-20,"FR","quantile",0.45,222
"2021-11-01","4 wk ahead inc hosp",2021-11-27,"FR","quantile",0.45,186
"2021-11-01","1 wk ahead inc hosp",2021-11-06,"FR","quantile",0.5,1841
"2021-11-01","2 wk ahead inc hosp",2021-11-13,"FR","quantile",0.5,1951
"2021-11-01","3 wk ahead inc hosp",2021-11-20,"FR","quantile",0.5,2207
"2021-11-01","4 wk ahead inc hosp",2021-11-27,"FR","quantile",0.5,2488
"2021-11-01","1 wk ahead inc hosp",2021-11-06,"FR","quantile",0.55,1848
"2021-11-01","2 wk ahead inc hosp",2021-11-13,"FR","quantile",0.55,13526
"2021-11-01","3 wk ahead inc hosp",2021-11-20,"FR","quantile",0.55,21870
"2021-11-01","4 wk ahead inc hosp",2021-11-27,"FR","quantile",0.55,33200
"2021-11-01","1 wk ahead inc hosp",2021-11-06,"FR","quantile",0.6,1860
"2021-11-01","2 wk ahead inc hosp",2021-11-13,"FR","quantile",0.6,13615
"2021-11-01","3 wk ahead inc hosp",2021-11-20,"FR","quantile",0.6,22015
"2021-11-01","4 wk ahead inc hosp",2021-11-27,"FR","quantile",0.6,33420
"2021-11-01","1 wk ahead inc hosp",2021-11-06,"FR","quantile",0.65,1883
"2021-11-01","2 wk ahead inc hosp",2021-11-13,"FR","quantile",0.65,13784
"2021-11-01","3 wk ahead inc hosp",2021-11-20,"FR","quantile",0.65,22287
"2021-11-01","4 wk ahead inc hosp",2021-11-27,"FR","quantile",0.65,33834
"2021-11-01","1 wk ahead inc hosp",2021-11-06,"FR","quantile",0.7,1899
"2021-11-01","2 wk ahead inc hosp",2021-11-13,"FR","quantile",0.7,13901
"2021-11-01","3 wk ahead inc hosp",2021-11-20,"FR","quantile",0.7,22477
"2021-11-01","4 wk ahead inc hosp",2021-11-27,"FR","quantile",0.7,34122
"2021-11-01","1 wk ahead inc hosp",2021-11-06,"FR","quantile",0.75,1912
"2021-11-01","2 wk ahead inc hosp",2021-11-13,"FR","quantile",0.75,13993
"2021-11-01","3 wk ahead inc hosp",2021-11-20,"FR","quantile",0.75,22625
"2021-11-01","4 wk ahead inc hosp",2021-11-27,"FR","quantile",0.75,34346
"2021-11-01","1 wk ahead inc hosp",2021-11-06,"FR","quantile",0.8,1915
"2021-11-01","2 wk ahead inc hosp",2021-11-13,"FR","quantile",0.8,14016
"2021-11-01","3 wk ahead inc hosp",2021-11-20,"FR","quantile",0.8,22663
"2021-11-01","4 wk ahead inc hosp",2021-11-27,"FR","quantile",0.8,34405
"2021-11-01","1 wk ahead inc hosp",2021-11-06,"FR","quantile",0.85,1925
"2021-11-01","2 wk ahead inc hosp",2021-11-13,"FR","quantile",0.85,14093
"2021-11-01","3 wk ahead inc hosp",2021-11-20,"FR","quantile",0.85,22787
"2021-11-01","4 wk ahead inc hosp",2021-11-27,"FR","quantile",0.85,34592
"2021-11-01","1 wk ahead inc hosp",2021-11-06,"FR","quantile",0.9,1950
"2021-11-01","2 wk ahead inc hosp",2021-11-13,"FR","quantile",0.9,14274
"2021-11-01","3 wk ahead inc hosp",2021-11-20,"FR","quantile",0.9,23080
"2021-11-01","4 wk ahead inc hosp",2021-11-27,"FR","quantile",0.9,35037
"2021-11-01","1 wk ahead inc hosp",2021-11-06,"FR","quantile",0.95,1975
"2021-11-01","2 wk ahead inc hosp",2021-11-13,"FR","quantile",0.95,14454
"2021-11-01","3 wk ahead inc hosp",2021-11-20,"FR","quantile",0.95,23370
"2021-11-01","4 wk ahead inc hosp",2021-11-27,"FR","quantile",0.95,35478
"2021-11-01","1 wk ahead inc hosp",2021-11-06,"FR","quantile",0.975,1987
"2021-11-01","2 wk ahead inc hosp",2021-11-13,"FR","quantile",0.975,14543
"2021-11-01","3 wk ahead inc hosp",2021-11-20,"FR","quantile",0.975,23515
"2021-11-01","4 wk ahead inc hosp",2021-11-27,"FR","quantile",0.975,35698
"2021-11-01","1 wk ahead inc hosp",2021-11-06,"FR","quantile",0.99,1994
"2021-11-01","2 wk ahead inc hosp",2021-11-13,"FR","quantile",0.99,14597
"2021-11-01","3 wk ahead inc hosp",2021-11-20,"FR","quantile",0.99,23602
"2021-11-01","4 wk ahead inc hosp",2021-11-27,"FR","quantile",0.99,35829
"2021-11-01","1 wk ahead inc hosp",2021-11-06,"NL","point",NA,710
"2021-11-01","2 wk ahead inc hosp",2021-11-13,"NL","point",NA,1287
"2021-11-01","3 wk ahead inc hosp",2021-11-20,"NL","point",NA,1682
"2021-11-01","4 wk ahead inc hosp",2021-11-27,"NL","point",NA,1732
"2021-11-01","1 wk ahead inc hosp",2021-11-06,"NL","quantile",0.01,551
"2021-11-01","2 wk ahead inc hosp",2021-11-13,"NL","quantile",0.01,659
"2021-11-01","3 wk ahead inc hosp",2021-11-20,"NL","quantile",0.01,807
"2021-11-01","4 wk ahead inc hosp",2021-11-27,"NL","quantile",0.01,540
"2021-11-01","1 wk ahead inc hosp",2021-11-06,"NL","quantile",0.025,561
"2021-11-01","2 wk ahead inc hosp",2021-11-13,"NL","quantile",0.025,671
"2021-11-01","3 wk ahead inc hosp",2021-11-20,"NL","quantile",0.025,822
"2021-11-01","4 wk ahead inc hosp",2021-11-27,"NL","quantile",0.025,550
"2021-11-01","1 wk ahead inc hosp",2021-11-06,"NL","quantile",0.05,578
"2021-11-01","2 wk ahead inc hosp",2021-11-13,"NL","quantile",0.05,691
"2021-11-01","3 wk ahead inc hosp",2021-11-20,"NL","quantile",0.05,846
"2021-11-01","4 wk ahead inc hosp",2021-11-27,"NL","quantile",0.05,567
"2021-11-01","1 wk ahead inc hosp",2021-11-06,"NL","quantile",0.1,603
"2021-11-01","2 wk ahead inc hosp",2021-11-13,"NL","quantile",0.1,721
"2021-11-01","3 wk ahead inc hosp",2021-11-20,"NL","quantile",0.1,883
"2021-11-01","4 wk ahead inc hosp",2021-11-27,"NL","quantile",0.1,591
"2021-11-01","1 wk ahead inc hosp",2021-11-06,"NL","quantile",0.15,610
"2021-11-01","2 wk ahead inc hosp",2021-11-13,"NL","quantile",0.15,729
"2021-11-01","3 wk ahead inc hosp",2021-11-20,"NL","quantile",0.15,893
"2021-11-01","4 wk ahead inc hosp",2021-11-27,"NL","quantile",0.15,598
"2021-11-01","1 wk ahead inc hosp",2021-11-06,"NL","quantile",0.2,619
"2021-11-01","2 wk ahead inc hosp",2021-11-13,"NL","quantile",0.2,740
"2021-11-01","3 wk ahead inc hosp",2021-11-20,"NL","quantile",0.2,906
"2021-11-01","4 wk ahead inc hosp",2021-11-27,"NL","quantile",0.2,607
"2021-11-01","1 wk ahead inc hosp",2021-11-06,"NL","quantile",0.25,628
"2021-11-01","2 wk ahead inc hosp",2021-11-13,"NL","quantile",0.25,751
"2021-11-01","3 wk ahead inc hosp",2021-11-20,"NL","quantile",0.25,920
"2021-11-01","4 wk ahead inc hosp",2021-11-27,"NL","quantile",0.25,616
"2021-11-01","1 wk ahead inc hosp",2021-11-06,"NL","quantile",0.3,650
"2021-11-01","2 wk ahead inc hosp",2021-11-13,"NL","quantile",0.3,778
"2021-11-01","3 wk ahead inc hosp",2021-11-20,"NL","quantile",0.3,953
"2021-11-01","4 wk ahead inc hosp",2021-11-27,"NL","quantile",0.3,638
"2021-11-01","1 wk ahead inc hosp",2021-11-06,"NL","quantile",0.35,672
"2021-11-01","2 wk ahead inc hosp",2021-11-13,"NL","quantile",0.35,803
"2021-11-01","3 wk ahead inc hosp",2021-11-20,"NL","quantile",0.35,984
"2021-11-01","4 wk ahead inc hosp",2021-11-27,"NL","quantile",0.35,659
"2021-11-01","1 wk ahead inc hosp",2021-11-06,"NL","quantile",0.4,690
"2021-11-01","2 wk ahead inc hosp",2021-11-13,"NL","quantile",0.4,825
"2021-11-01","3 wk ahead inc hosp",2021-11-20,"NL","quantile",0.4,1011
"2021-11-01","4 wk ahead inc hosp",2021-11-27,"NL","quantile",0.4,677
"2021-11-01","1 wk ahead inc hosp",2021-11-06,"NL","quantile",0.45,702
"2021-11-01","2 wk ahead inc hosp",2021-11-13,"NL","quantile",0.45,839
"2021-11-01","3 wk ahead inc hosp",2021-11-20,"NL","quantile",0.45,1028
"2021-11-01","4 wk ahead inc hosp",2021-11-27,"NL","quantile",0.45,688
"2021-11-01","1 wk ahead inc hosp",2021-11-06,"NL","quantile",0.5,710
"2021-11-01","2 wk ahead inc hosp",2021-11-13,"NL","quantile",0.5,1287
"2021-11-01","3 wk ahead inc hosp",2021-11-20,"NL","quantile",0.5,1682
"2021-11-01","4 wk ahead inc hosp",2021-11-27,"NL","quantile",0.5,1732
"2021-11-01","1 wk ahead inc hosp",2021-11-06,"NL","quantile",0.55,713
"2021-11-01","2 wk ahead inc hosp",2021-11-13,"NL","quantile",0.55,1963
"2021-11-01","3 wk ahead inc hosp",2021-11-20,"NL","quantile",0.55,2734
"2021-11-01","4 wk ahead inc hosp",2021-11-27,"NL","quantile",0.55,4331
"2021-11-01","1 wk ahead inc hosp",2021-11-06,"NL","quantile",0.6,724
"2021-11-01","2 wk ahead inc hosp",2021-11-13,"NL","quantile",0.6,1993
"2021-11-01","3 wk ahead inc hosp",2021-11-20,"NL","quantile",0.6,2776
"2021-11-01","4 wk ahead inc hosp",2021-11-27,"NL","quantile",0.6,4397
"2021-11-01","1 wk ahead inc hosp",2021-11-06,"NL","quantile",0.65,750
"2021-11-01","2 wk ahead inc hosp",2021-11-13,"NL","quantile",0.65,2063
"2021-11-01","3 wk ahead inc hosp",2021-11-20,"NL","quantile",0.65,2873
"2021-11-01","4 wk ahead inc hosp",2021-11-27,"NL","quantile",0.65,4551
"2021-11-01","1 wk ahead inc hosp",2021-11-06,"NL","quantile",0.7,768
"2021-11-01","2 wk ahead inc hosp",2021-11-13,"NL","quantile",0.7,2115
"2021-11-01","3 wk ahead inc hosp",2021-11-20,"NL","quantile",0.7,2945
"2021-11-01","4 wk ahead inc hosp",2021-11-27,"NL","quantile",0.7,4665
"2021-11-01","1 wk ahead inc hosp",2021-11-06,"NL","quantile",0.75,784
"2021-11-01","2 wk ahead inc hosp",2021-11-13,"NL","quantile",0.75,2157
"2021-11-01","3 wk ahead inc hosp",2021-11-20,"NL","quantile",0.75,3004
"2021-11-01","4 wk ahead inc hosp",2021-11-27,"NL","quantile",0.75,4758
"2021-11-01","1 wk ahead inc hosp",2021-11-06,"NL","quantile",0.8,800
"2021-11-01","2 wk ahead inc hosp",2021-11-13,"NL","quantile",0.8,2201
"2021-11-01","3 wk ahead inc hosp",2021-11-20,"NL","quantile",0.8,3066
"2021-11-01","4 wk ahead inc hosp",2021-11-27,"NL","quantile",0.8,4856
"2021-11-01","1 wk ahead inc hosp",2021-11-06,"NL","quantile",0.85,818
"2021-11-01","2 wk ahead inc hosp",2021-11-13,"NL","quantile",0.85,2252
"2021-11-01","3 wk ahead inc hosp",2021-11-20,"NL","quantile",0.85,3136
"2021-11-01","4 wk ahead inc hosp",2021-11-27,"NL","quantile",0.85,4968
"2021-11-01","1 wk ahead inc hosp",2021-11-06,"NL","quantile",0.9,842
"2021-11-01","2 wk ahead inc hosp",2021-11-13,"NL","quantile",0.9,2316
"2021-11-01","3 wk ahead inc hosp",2021-11-20,"NL","quantile",0.9,3225
"2021-11-01","4 wk ahead inc hosp",2021-11-27,"NL","quantile",0.9,5108
"2021-11-01","1 wk ahead inc hosp",2021-11-06,"NL","quantile",0.95,876
"2021-11-01","2 wk ahead inc hosp",2021-11-13,"NL","quantile",0.95,2411
"2021-11-01","3 wk ahead inc hosp",2021-11-20,"NL","quantile",0.95,3357
"2021-11-01","4 wk ahead inc hosp",2021-11-27,"NL","quantile",0.95,5318
"2021-11-01","1 wk ahead inc hosp",2021-11-06,"NL","quantile",0.975,896
"2021-11-01","2 wk ahead inc hosp",2021-11-13,"NL","quantile",0.975,2466
"2021-11-01","3 wk ahead inc hosp",2021-11-20,"NL","quantile",0.975,3435
"2021-11-01","4 wk ahead inc hosp",2021-11-27,"NL","quantile",0.975,5441
"2021-11-01","1 wk ahead inc hosp",2021-11-06,"NL","quantile",0.99,908
"2021-11-01","2 wk ahead inc hosp",2021-11-13,"NL","quantile",0.99,2500
"2021-11-01","3 wk ahead inc hosp",2021-11-20,"NL","quantile",0.99,3481
"2021-11-01","4 wk ahead inc hosp",2021-11-27,"NL","quantile",0.99,5514
"2021-11-01","1 wk ahead inc hosp",2021-11-06,"NO","point",NA,126
"2021-11-01","2 wk ahead inc hosp",2021-11-13,"NO","point",NA,132
"2021-11-01","3 wk ahead inc hosp",2021-11-20,"NO","point",NA,159
"2021-11-01","4 wk ahead inc hosp",2021-11-27,"NO","point",NA,190
"2021-11-01","1 wk ahead inc hosp",2021-11-06,"NO","quantile",0.01,97
"2021-11-01","2 wk ahead inc hosp",2021-11-13,"NO","quantile",0.01,82
"2021-11-01","3 wk ahead inc hosp",2021-11-20,"NO","quantile",0.01,81
"2021-11-01","4 wk ahead inc hosp",2021-11-27,"NO","quantile",0.01,85
"2021-11-01","1 wk ahead inc hosp",2021-11-06,"NO","quantile",0.025,98
"2021-11-01","2 wk ahead inc hosp",2021-11-13,"NO","quantile",0.025,83
"2021-11-01","3 wk ahead inc hosp",2021-11-20,"NO","quantile",0.025,82
"2021-11-01","4 wk ahead inc hosp",2021-11-27,"NO","quantile",0.025,86
"2021-11-01","1 wk ahead inc hosp",2021-11-06,"NO","quantile",0.05,101
"2021-11-01","2 wk ahead inc hosp",2021-11-13,"NO","quantile",0.05,85
"2021-11-01","3 wk ahead inc hosp",2021-11-20,"NO","quantile",0.05,84
"2021-11-01","4 wk ahead inc hosp",2021-11-27,"NO","quantile",0.05,88
"2021-11-01","1 wk ahead inc hosp",2021-11-06,"NO","quantile",0.1,105
"2021-11-01","2 wk ahead inc hosp",2021-11-13,"NO","quantile",0.1,89
"2021-11-01","3 wk ahead inc hosp",2021-11-20,"NO","quantile",0.1,88
"2021-11-01","4 wk ahead inc hosp",2021-11-27,"NO","quantile",0.1,92
"2021-11-01","1 wk ahead inc hosp",2021-11-06,"NO","quantile",0.15,110
"2021-11-01","2 wk ahead inc hosp",2021-11-13,"NO","quantile",0.15,93
"2021-11-01","3 wk ahead inc hosp",2021-11-20,"NO","quantile",0.15,92
"2021-11-01","4 wk ahead inc hosp",2021-11-27,"NO","quantile",0.15,96
"2021-11-01","1 wk ahead inc hosp",2021-11-06,"NO","quantile",0.2,111
"2021-11-01","2 wk ahead inc hosp",2021-11-13,"NO","quantile",0.2,94
"2021-11-01","3 wk ahead inc hosp",2021-11-20,"NO","quantile",0.2,93
"2021-11-01","4 wk ahead inc hosp",2021-11-27,"NO","quantile",0.2,97
"2021-11-01","1 wk ahead inc hosp",2021-11-06,"NO","quantile",0.25,111
"2021-11-01","2 wk ahead inc hosp",2021-11-13,"NO","quantile",0.25,94
"2021-11-01","3 wk ahead inc hosp",2021-11-20,"NO","quantile",0.25,93
"2021-11-01","4 wk ahead inc hosp",2021-11-27,"NO","quantile",0.25,97
"2021-11-01","1 wk ahead inc hosp",2021-11-06,"NO","quantile",0.3,114
"2021-11-01","2 wk ahead inc hosp",2021-11-13,"NO","quantile",0.3,96
"2021-11-01","3 wk ahead inc hosp",2021-11-20,"NO","quantile",0.3,95
"2021-11-01","4 wk ahead inc hosp",2021-11-27,"NO","quantile",0.3,100
"2021-11-01","1 wk ahead inc hosp",2021-11-06,"NO","quantile",0.35,116
"2021-11-01","2 wk ahead inc hosp",2021-11-13,"NO","quantile",0.35,98
"2021-11-01","3 wk ahead inc hosp",2021-11-20,"NO","quantile",0.35,97
"2021-11-01","4 wk ahead inc hosp",2021-11-27,"NO","quantile",0.35,102
"2021-11-01","1 wk ahead inc hosp",2021-11-06,"NO","quantile",0.4,118
"2021-11-01","2 wk ahead inc hosp",2021-11-13,"NO","quantile",0.4,99
"2021-11-01","3 wk ahead inc hosp",2021-11-20,"NO","quantile",0.4,98
"2021-11-01","4 wk ahead inc hosp",2021-11-27,"NO","quantile",0.4,103
"2021-11-01","1 wk ahead inc hosp",2021-11-06,"NO","quantile",0.45,121
"2021-11-01","2 wk ahead inc hosp",2021-11-13,"NO","quantile",0.45,102
"2021-11-01","3 wk ahead inc hosp",2021-11-20,"NO","quantile",0.45,101
"2021-11-01","4 wk ahead inc hosp",2021-11-27,"NO","quantile",0.45,106
"2021-11-01","1 wk ahead inc hosp",2021-11-06,"NO","quantile",0.5,126
"2021-11-01","2 wk ahead inc hosp",2021-11-13,"NO","quantile",0.5,132
"2021-11-01","3 wk ahead inc hosp",2021-11-20,"NO","quantile",0.5,159
"2021-11-01","4 wk ahead inc hosp",2021-11-27,"NO","quantile",0.5,190
"2021-11-01","1 wk ahead inc hosp",2021-11-06,"NO","quantile",0.55,135
"2021-11-01","2 wk ahead inc hosp",2021-11-13,"NO","quantile",0.55,176
"2021-11-01","3 wk ahead inc hosp",2021-11-20,"NO","quantile",0.55,258
"2021-11-01","4 wk ahead inc hosp",2021-11-27,"NO","quantile",0.55,353
"2021-11-01","1 wk ahead inc hosp",2021-11-06,"NO","quantile",0.6,141
"2021-11-01","2 wk ahead inc hosp",2021-11-13,"NO","quantile",0.6,185
"2021-11-01","3 wk ahead inc hosp",2021-11-20,"NO","quantile",0.6,271
"2021-11-01","4 wk ahead inc hosp",2021-11-27,"NO","quantile",0.6,370
"2021-11-01","1 wk ahead inc hosp",2021-11-06,"NO","quantile",0.65,143
"2021-11-01","2 wk ahead inc hosp",2021-11-13,"NO","quantile",0.65,186
"2021-11-01","3 wk ahead inc hosp",2021-11-20,"NO","quantile",0.65,273
"2021-11-01","4 wk ahead inc hosp",2021-11-27,"NO","quantile",0.65,373
"2021-11-01","1 wk ahead inc hosp",2021-11-06,"NO","quantile",0.7,153
"2021-11-01","2 wk ahead inc hosp",2021-11-13,"NO","quantile",0.7,200
"2021-11-01","3 wk ahead inc hosp",2021-11-20,"NO","quantile",0.7,293
"2021-11-01","4 wk ahead inc hosp",2021-11-27,"NO","quantile",0.7,400
"2021-11-01","1 wk ahead inc hosp",2021-11-06,"NO","quantile",0.75,168
"2021-11-01","2 wk ahead inc hosp",2021-11-13,"NO","quantile",0.75,220
"2021-11-01","3 wk ahead inc hosp",2021-11-20,"NO","quantile",0.75,322
"2021-11-01","4 wk ahead inc hosp",2021-11-27,"NO","quantile",0.75,439
"2021-11-01","1 wk ahead inc hosp",2021-11-06,"NO","quantile",0.8,168
"2021-11-01","2 wk ahead inc hosp",2021-11-13,"NO","quantile",0.8,220
"2021-11-01","3 wk ahead inc hosp",2021-11-20,"NO","quantile",0.8,322
"2021-11-01","4 wk ahead inc hosp",2021-11-27,"NO","quantile",0.8,439
"2021-11-01","1 wk ahead inc hosp",2021-11-06,"NO","quantile",0.85,173
"2021-11-01","2 wk ahead inc hosp",2021-11-13,"NO","quantile",0.85,226
"2021-11-01","3 wk ahead inc hosp",2021-11-20,"NO","quantile",0.85,332
"2021-11-01","4 wk ahead inc hosp",2021-11-27,"NO","quantile",0.85,453
"2021-11-01","1 wk ahead inc hosp",2021-11-06,"NO","quantile",0.9,188
"2021-11-01","2 wk ahead inc hosp",2021-11-13,"NO","quantile",0.9,246
"2021-11-01","3 wk ahead inc hosp",2021-11-20,"NO","quantile",0.9,361
"2021-11-01","4 wk ahead inc hosp",2021-11-27,"NO","quantile",0.9,493
"2021-11-01","1 wk ahead inc hosp",2021-11-06,"NO","quantile",0.95,198
"2021-11-01","2 wk ahead inc hosp",2021-11-13,"NO","quantile",0.95,259
"2021-11-01","3 wk ahead inc hosp",2021-11-20,"NO","quantile",0.95,379
"2021-11-01","4 wk ahead inc hosp",2021-11-27,"NO","quantile",0.95,518
"2021-11-01","1 wk ahead inc hosp",2021-11-06,"NO","quantile",0.975,201
"2021-11-01","2 wk ahead inc hosp",2021-11-13,"NO","quantile",0.975,263
"2021-11-01","3 wk ahead inc hosp",2021-11-20,"NO","quantile",0.975,386
"2021-11-01","4 wk ahead inc hosp",2021-11-27,"NO","quantile",0.975,526
"2021-11-01","1 wk ahead inc hosp",2021-11-06,"NO","quantile",0.99,203
"2021-11-01","2 wk ahead inc hosp",2021-11-13,"NO","quantile",0.99,266
"2021-11-01","3 wk ahead inc hosp",2021-11-20,"NO","quantile",0.99,390
"2021-11-01","4 wk ahead inc hosp",2021-11-27,"NO","quantile",0.99,532
"2021-11-01","1 wk ahead inc hosp",2021-11-06,"SI","point",NA,675
"2021-11-01","2 wk ahead inc hosp",2021-11-13,"SI","point",NA,825
"2021-11-01","3 wk ahead inc hosp",2021-11-20,"SI","point",NA,1111
"2021-11-01","4 wk ahead inc hosp",2021-11-27,"SI","point",NA,1386
"2021-11-01","1 wk ahead inc hosp",2021-11-06,"SI","quantile",0.01,474
"2021-11-01","2 wk ahead inc hosp",2021-11-13,"SI","quantile",0.01,306
"2021-11-01","3 wk ahead inc hosp",2021-11-20,"SI","quantile",0.01,359
"2021-11-01","4 wk ahead inc hosp",2021-11-27,"SI","quantile",0.01,361
"2021-11-01","1 wk ahead inc hosp",2021-11-06,"SI","quantile",0.025,477
"2021-11-01","2 wk ahead inc hosp",2021-11-13,"SI","quantile",0.025,308
"2021-11-01","3 wk ahead inc hosp",2021-11-20,"SI","quantile",0.025,361
"2021-11-01","4 wk ahead inc hosp",2021-11-27,"SI","quantile",0.025,363
"2021-11-01","1 wk ahead inc hosp",2021-11-06,"SI","quantile",0.05,481
"2021-11-01","2 wk ahead inc hosp",2021-11-13,"SI","quantile",0.05,311
"2021-11-01","3 wk ahead inc hosp",2021-11-20,"SI","quantile",0.05,365
"2021-11-01","4 wk ahead inc hosp",2021-11-27,"SI","quantile",0.05,367
"2021-11-01","1 wk ahead inc hosp",2021-11-06,"SI","quantile",0.1,498
"2021-11-01","2 wk ahead inc hosp",2021-11-13,"SI","quantile",0.1,321
"2021-11-01","3 wk ahead inc hosp",2021-11-20,"SI","quantile",0.1,377
"2021-11-01","4 wk ahead inc hosp",2021-11-27,"SI","quantile",0.1,379
"2021-11-01","1 wk ahead inc hosp",2021-11-06,"SI","quantile",0.15,528
"2021-11-01","2 wk ahead inc hosp",2021-11-13,"SI","quantile",0.15,341
"2021-11-01","3 wk ahead inc hosp",2021-11-20,"SI","quantile",0.15,400
"2021-11-01","4 wk ahead inc hosp",2021-11-27,"SI","quantile",0.15,402
"2021-11-01","1 wk ahead inc hosp",2021-11-06,"SI","quantile",0.2,576
"2021-11-01","2 wk ahead inc hosp",2021-11-13,"SI","quantile",0.2,372
"2021-11-01","3 wk ahead inc hosp",2021-11-20,"SI","quantile",0.2,436
"2021-11-01","4 wk ahead inc hosp",2021-11-27,"SI","quantile",0.2,439
"2021-11-01","1 wk ahead inc hosp",2021-11-06,"SI","quantile",0.25,632
"2021-11-01","2 wk ahead inc hosp",2021-11-13,"SI","quantile",0.25,408
"2021-11-01","3 wk ahead inc hosp",2021-11-20,"SI","quantile",0.25,479
"2021-11-01","4 wk ahead inc hosp",2021-11-27,"SI","quantile",0.25,481
"2021-11-01","1 wk ahead inc hosp",2021-11-06,"SI","quantile",0.3,633
"2021-11-01","2 wk ahead inc hosp",2021-11-13,"SI","quantile",0.3,409
"2021-11-01","3 wk ahead inc hosp",2021-11-20,"SI","quantile",0.3,480
"2021-11-01","4 wk ahead inc hosp",2021-11-27,"SI","quantile",0.3,482
"2021-11-01","1 wk ahead inc hosp",2021-11-06,"SI","quantile",0.35,635
"2021-11-01","2 wk ahead inc hosp",2021-11-13,"SI","quantile",0.35,410
"2021-11-01","3 wk ahead inc hosp",2021-11-20,"SI","quantile",0.35,481
"2021-11-01","4 wk ahead inc hosp",2021-11-27,"SI","quantile",0.35,484
"2021-11-01","1 wk ahead inc hosp",2021-11-06,"SI","quantile",0.4,638
"2021-11-01","2 wk ahead inc hosp",2021-11-13,"SI","quantile",0.4,412
"2021-11-01","3 wk ahead inc hosp",2021-11-20,"SI","quantile",0.4,483
"2021-11-01","4 wk ahead inc hosp",2021-11-27,"SI","quantile",0.4,486
"2021-11-01","1 wk ahead inc hosp",2021-11-06,"SI","quantile",0.45,653
"2021-11-01","2 wk ahead inc hosp",2021-11-13,"SI","quantile",0.45,422
"2021-11-01","3 wk ahead inc hosp",2021-11-20,"SI","quantile",0.45,495
"2021-11-01","4 wk ahead inc hosp",2021-11-27,"SI","quantile",0.45,498
"2021-11-01","1 wk ahead inc hosp",2021-11-06,"SI","quantile",0.5,675
"2021-11-01","2 wk ahead inc hosp",2021-11-13,"SI","quantile",0.5,825
"2021-11-01","3 wk ahead inc hosp",2021-11-20,"SI","quantile",0.5,1111
"2021-11-01","4 wk ahead inc hosp",2021-11-27,"SI","quantile",0.5,1386
"2021-11-01","1 wk ahead inc hosp",2021-11-06,"SI","quantile",0.55,701
"2021-11-01","2 wk ahead inc hosp",2021-11-13,"SI","quantile",0.55,1624
"2021-11-01","3 wk ahead inc hosp",2021-11-20,"SI","quantile",0.55,2511
"2021-11-01","4 wk ahead inc hosp",2021-11-27,"SI","quantile",0.55,3884
"2021-11-01","1 wk ahead inc hosp",2021-11-06,"SI","quantile",0.6,724
"2021-11-01","2 wk ahead inc hosp",2021-11-13,"SI","quantile",0.6,1676
"2021-11-01","3 wk ahead inc hosp",2021-11-20,"SI","quantile",0.6,2592
"2021-11-01","4 wk ahead inc hosp",2021-11-27,"SI","quantile",0.6,4008
"2021-11-01","1 wk ahead inc hosp",2021-11-06,"SI","quantile",0.65,738
"2021-11-01","2 wk ahead inc hosp",2021-11-13,"SI","quantile",0.65,1709
"2021-11-01","3 wk ahead inc hosp",2021-11-20,"SI","quantile",0.65,2643
"2021-11-01","4 wk ahead inc hosp",2021-11-27,"SI","quantile",0.65,4087
"2021-11-01","1 wk ahead inc hosp",2021-11-06,"SI","quantile",0.7,772
"2021-11-01","2 wk ahead inc hosp",2021-11-13,"SI","quantile",0.7,1788
"2021-11-01","3 wk ahead inc hosp",2021-11-20,"SI","quantile",0.7,2766
"2021-11-01","4 wk ahead inc hosp",2021-11-27,"SI","quantile",0.7,4277
"2021-11-01","1 wk ahead inc hosp",2021-11-06,"SI","quantile",0.75,817
"2021-11-01","2 wk ahead inc hosp",2021-11-13,"SI","quantile",0.75,1891
"2021-11-01","3 wk ahead inc hosp",2021-11-20,"SI","quantile",0.75,2925
"2021-11-01","4 wk ahead inc hosp",2021-11-27,"SI","quantile",0.75,4523
"2021-11-01","1 wk ahead inc hosp",2021-11-06,"SI","quantile",0.8,833
"2021-11-01","2 wk ahead inc hosp",2021-11-13,"SI","quantile",0.8,1928
"2021-11-01","3 wk ahead inc hosp",2021-11-20,"SI","quantile",0.8,2982
"2021-11-01","4 wk ahead inc hosp",2021-11-27,"SI","quantile",0.8,4611
"2021-11-01","1 wk ahead inc hosp",2021-11-06,"SI","quantile",0.85,849
"2021-11-01","2 wk ahead inc hosp",2021-11-13,"SI","quantile",0.85,1965
"2021-11-01","3 wk ahead inc hosp",2021-11-20,"SI","quantile",0.85,3040
"2021-11-01","4 wk ahead inc hosp",2021-11-27,"SI","quantile",0.85,4701
"2021-11-01","1 wk ahead inc hosp",2021-11-06,"SI","quantile",0.9,865
"2021-11-01","2 wk ahead inc hosp",2021-11-13,"SI","quantile",0.9,2003
"2021-11-01","3 wk ahead inc hosp",2021-11-20,"SI","quantile",0.9,3098
"2021-11-01","4 wk ahead inc hosp",2021-11-27,"SI","quantile",0.9,4790
"2021-11-01","1 wk ahead inc hosp",2021-11-06,"SI","quantile",0.95,882
"2021-11-01","2 wk ahead inc hosp",2021-11-13,"SI","quantile",0.95,2041
"2021-11-01","3 wk ahead inc hosp",2021-11-20,"SI","quantile",0.95,3157
"2021-11-01","4 wk ahead inc hosp",2021-11-27,"SI","quantile",0.95,4882
"2021-11-01","1 wk ahead inc hosp",2021-11-06,"SI","quantile",0.975,890
"2021-11-01","2 wk ahead inc hosp",2021-11-13,"SI","quantile",0.975,2061
"2021-11-01","3 wk ahead inc hosp",2021-11-20,"SI","quantile",0.975,3188
"2021-11-01","4 wk ahead inc hosp",2021-11-27,"SI","quantile",0.975,4929
"2021-11-01","1 wk ahead inc hosp",2021-11-06,"SI","quantile",0.99,895
"2021-11-01","2 wk ahead inc hosp",2021-11-13,"SI","quantile",0.99,2072
"2021-11-01","3 wk ahead inc hosp",2021-11-20,"SI","quantile",0.99,3206
"2021-11-01","4 wk ahead inc hosp",2021-11-27,"SI","quantile",0.99,4957
"2021-11-01","1 wk ahead inc hosp",2021-11-06,"ES","point",NA,588
"2021-11-01","2 wk ahead inc hosp",2021-11-13,"ES","point",NA,656
"2021-11-01","3 wk ahead inc hosp",2021-11-20,"ES","point",NA,719
"2021-11-01","4 wk ahead inc hosp",2021-11-27,"ES","point",NA,755
"2021-11-01","1 wk ahead inc hosp",2021-11-06,"ES","quantile",0.01,216
"2021-11-01","2 wk ahead inc hosp",2021-11-13,"ES","quantile",0.01,189
"2021-11-01","3 wk ahead inc hosp",2021-11-20,"ES","quantile",0.01,160
"2021-11-01","4 wk ahead inc hosp",2021-11-27,"ES","quantile",0.01,126
"2021-11-01","1 wk ahead inc hosp",2021-11-06,"ES","quantile",0.025,218
"2021-11-01","2 wk ahead inc hosp",2021-11-13,"ES","quantile",0.025,191
"2021-11-01","3 wk ahead inc hosp",2021-11-20,"ES","quantile",0.025,161
"2021-11-01","4 wk ahead inc hosp",2021-11-27,"ES","quantile",0.025,127
"2021-11-01","1 wk ahead inc hosp",2021-11-06,"ES","quantile",0.05,221
"2021-11-01","2 wk ahead inc hosp",2021-11-13,"ES","quantile",0.05,194
"2021-11-01","3 wk ahead inc hosp",2021-11-20,"ES","quantile",0.05,163
"2021-11-01","4 wk ahead inc hosp",2021-11-27,"ES","quantile",0.05,129
"2021-11-01","1 wk ahead inc hosp",2021-11-06,"ES","quantile",0.1,227
"2021-11-01","2 wk ahead inc hosp",2021-11-13,"ES","quantile",0.1,199
"2021-11-01","3 wk ahead inc hosp",2021-11-20,"ES","quantile",0.1,168
"2021-11-01","4 wk ahead inc hosp",2021-11-27,"ES","quantile",0.1,133
"2021-11-01","1 wk ahead inc hosp",2021-11-06,"ES","quantile",0.15,233
"2021-11-01","2 wk ahead inc hosp",2021-11-13,"ES","quantile",0.15,204
"2021-11-01","3 wk ahead inc hosp",2021-11-20,"ES","quantile",0.15,172
"2021-11-01","4 wk ahead inc hosp",2021-11-27,"ES","quantile",0.15,136
"2021-11-01","1 wk ahead inc hosp",2021-11-06,"ES","quantile",0.2,237
"2021-11-01","2 wk ahead inc hosp",2021-11-13,"ES","quantile",0.2,208
"2021-11-01","3 wk ahead inc hosp",2021-11-20,"ES","quantile",0.2,176
"2021-11-01","4 wk ahead inc hosp",2021-11-27,"ES","quantile",0.2,139
"2021-11-01","1 wk ahead inc hosp",2021-11-06,"ES","quantile",0.25,241
"2021-11-01","2 wk ahead inc hosp",2021-11-13,"ES","quantile",0.25,212
"2021-11-01","3 wk ahead inc hosp",2021-11-20,"ES","quantile",0.25,179
"2021-11-01","4 wk ahead inc hosp",2021-11-27,"ES","quantile",0.25,141
"2021-11-01","1 wk ahead inc hosp",2021-11-06,"ES","quantile",0.3,248
"2021-11-01","2 wk ahead inc hosp",2021-11-13,"ES","quantile",0.3,218
"2021-11-01","3 wk ahead inc hosp",2021-11-20,"ES","quantile",0.3,184
"2021-11-01","4 wk ahead inc hosp",2021-11-27,"ES","quantile",0.3,145
"2021-11-01","1 wk ahead inc hosp",2021-11-06,"ES","quantile",0.35,253
"2021-11-01","2 wk ahead inc hosp",2021-11-13,"ES","quantile",0.35,222
"2021-11-01","3 wk ahead inc hosp",2021-11-20,"ES","quantile",0.35,187
"2021-11-01","4 wk ahead inc hosp",2021-11-27,"ES","quantile",0.35,148
"2021-11-01","1 wk ahead inc hosp",2021-11-06,"ES","quantile",0.4,254
"2021-11-01","2 wk ahead inc hosp",2021-11-13,"ES","quantile",0.4,223
"2021-11-01","3 wk ahead inc hosp",2021-11-20,"ES","quantile",0.4,188
"2021-11-01","4 wk ahead inc hosp",2021-11-27,"ES","quantile",0.4,149
"2021-11-01","1 wk ahead inc hosp",2021-11-06,"ES","quantile",0.45,255
"2021-11-01","2 wk ahead inc hosp",2021-11-13,"ES","quantile",0.45,224
"2021-11-01","3 wk ahead inc hosp",2021-11-20,"ES","quantile",0.45,189
"2021-11-01","4 wk ahead inc hosp",2021-11-27,"ES","quantile",0.45,149
"2021-11-01","1 wk ahead inc hosp",2021-11-06,"ES","quantile",0.5,588
"2021-11-01","2 wk ahead inc hosp",2021-11-13,"ES","quantile",0.5,656
"2021-11-01","3 wk ahead inc hosp",2021-11-20,"ES","quantile",0.5,719
"2021-11-01","4 wk ahead inc hosp",2021-11-27,"ES","quantile",0.5,755
"2021-11-01","1 wk ahead inc hosp",2021-11-06,"ES","quantile",0.55,1388
"2021-11-01","2 wk ahead inc hosp",2021-11-13,"ES","quantile",0.55,1970
"2021-11-01","3 wk ahead inc hosp",2021-11-20,"ES","quantile",0.55,2800
"2021-11-01","4 wk ahead inc hosp",2021-11-27,"ES","quantile",0.55,3905
"2021-11-01","1 wk ahead inc hosp",2021-11-06,"ES","quantile",0.6,1429
"2021-11-01","2 wk ahead inc hosp",2021-11-13,"ES","quantile",0.6,2028
"2021-11-01","3 wk ahead inc hosp",2021-11-20,"ES","quantile",0.6,2883
"2021-11-01","4 wk ahead inc hosp",2021-11-27,"ES","quantile",0.6,4020
"2021-11-01","1 wk ahead inc hosp",2021-11-06,"ES","quantile",0.65,1479
"2021-11-01","2 wk ahead inc hosp",2021-11-13,"ES","quantile",0.65,2098
"2021-11-01","3 wk ahead inc hosp",2021-11-20,"ES","quantile",0.65,2983
"2021-11-01","4 wk ahead inc hosp",2021-11-27,"ES","quantile",0.65,4160
"2021-11-01","1 wk ahead inc hosp",2021-11-06,"ES","quantile",0.7,1501
"2021-11-01","2 wk ahead inc hosp",2021-11-13,"ES","quantile",0.7,2131
"2021-11-01","3 wk ahead inc hosp",2021-11-20,"ES","quantile",0.7,3029
"2021-11-01","4 wk ahead inc hosp",2021-11-27,"ES","quantile",0.7,4224
"2021-11-01","1 wk ahead inc hosp",2021-11-06,"ES","quantile",0.75,1510
"2021-11-01","2 wk ahead inc hosp",2021-11-13,"ES","quantile",0.75,2144
"2021-11-01","3 wk ahead inc hosp",2021-11-20,"ES","quantile",0.75,3047
"2021-11-01","4 wk ahead inc hosp",2021-11-27,"ES","quantile",0.75,4250
"2021-11-01","1 wk ahead inc hosp",2021-11-06,"ES","quantile",0.8,1579
"2021-11-01","2 wk ahead inc hosp",2021-11-13,"ES","quantile",0.8,2240
"2021-11-01","3 wk ahead inc hosp",2021-11-20,"ES","quantile",0.8,3185
"2021-11-01","4 wk ahead inc hosp",2021-11-27,"ES","quantile",0.8,4442
"2021-11-01","1 wk ahead inc hosp",2021-11-06,"ES","quantile",0.85,1634
"2021-11-01","2 wk ahead inc hosp",2021-11-13,"ES","quantile",0.85,2319
"2021-11-01","3 wk ahead inc hosp",2021-11-20,"ES","quantile",0.85,3297
"2021-11-01","4 wk ahead inc hosp",2021-11-27,"ES","quantile",0.85,4597
"2021-11-01","1 wk ahead inc hosp",2021-11-06,"ES","quantile",0.9,1664
"2021-11-01","2 wk ahead inc hosp",2021-11-13,"ES","quantile",0.9,2362
"2021-11-01","3 wk ahead inc hosp",2021-11-20,"ES","quantile",0.9,3357
"2021-11-01","4 wk ahead inc hosp",2021-11-27,"ES","quantile",0.9,4682
"2021-11-01","1 wk ahead inc hosp",2021-11-06,"ES","quantile",0.95,2527
"2021-11-01","2 wk ahead inc hosp",2021-11-13,"ES","quantile",0.95,3587
"2021-11-01","3 wk ahead inc hosp",2021-11-20,"ES","quantile",0.95,5099
"2021-11-01","4 wk ahead inc hosp",2021-11-27,"ES","quantile",0.95,7111
"2021-11-01","1 wk ahead inc hosp",2021-11-06,"ES","quantile",0.975,3167
"2021-11-01","2 wk ahead inc hosp",2021-11-13,"ES","quantile",0.975,4495
"2021-11-01","3 wk ahead inc hosp",2021-11-20,"ES","quantile",0.975,6390
"2021-11-01","4 wk ahead inc hosp",2021-11-27,"ES","quantile",0.975,8911
"2021-11-01","1 wk ahead inc hosp",2021-11-06,"ES","quantile",0.99,3551
"2021-11-01","2 wk ahead inc hosp",2021-11-13,"ES","quantile",0.99,5040
"2021-11-01","3 wk ahead inc hosp",2021-11-20,"ES","quantile",0.99,7165
"2021-11-01","4 wk ahead inc hosp",2021-11-27,"ES","quantile",0.99,9992
"2021-11-01","1 wk ahead inc hosp",2021-11-06,"IE","point",NA,419
"2021-11-01","2 wk ahead inc hosp",2021-11-13,"IE","point",NA,438
"2021-11-01","3 wk ahead inc hosp",2021-11-20,"IE","point",NA,416
"2021-11-01","4 wk ahead inc hosp",2021-11-27,"IE","point",NA,405
"2021-11-01","1 wk ahead inc hosp",2021-11-06,"IE","quantile",0.01,236
"2021-11-01","2 wk ahead inc hosp",2021-11-13,"IE","quantile",0.01,173
"2021-11-01","3 wk ahead inc hosp",2021-11-20,"IE","quantile",0.01,113
"2021-11-01","4 wk ahead inc hosp",2021-11-27,"IE","quantile",0.01,93
"2021-11-01","1 wk ahead inc hosp",2021-11-06,"IE","quantile",0.025,245
"2021-11-01","2 wk ahead inc hosp",2021-11-13,"IE","quantile",0.025,179
"2021-11-01","3 wk ahead inc hosp",2021-11-20,"IE","quantile",0.025,117
"2021-11-01","4 wk ahead inc hosp",2021-11-27,"IE","quantile",0.025,96
"2021-11-01","1 wk ahead inc hosp",2021-11-06,"IE","quantile",0.05,260
"2021-11-01","2 wk ahead inc hosp",2021-11-13,"IE","quantile",0.05,190
"2021-11-01","3 wk ahead inc hosp",2021-11-20,"IE","quantile",0.05,125
"2021-11-01","4 wk ahead inc hosp",2021-11-27,"IE","quantile",0.05,102
"2021-11-01","1 wk ahead inc hosp",2021-11-06,"IE","quantile",0.1,287
"2021-11-01","2 wk ahead inc hosp",2021-11-13,"IE","quantile",0.1,209
"2021-11-01","3 wk ahead inc hosp",2021-11-20,"IE","quantile",0.1,137
"2021-11-01","4 wk ahead inc hosp",2021-11-27,"IE","quantile",0.1,113
"2021-11-01","1 wk ahead inc hosp",2021-11-06,"IE","quantile",0.15,307
"2021-11-01","2 wk ahead inc hosp",2021-11-13,"IE","quantile",0.15,224
"2021-11-01","3 wk ahead inc hosp",2021-11-20,"IE","quantile",0.15,147
"2021-11-01","4 wk ahead inc hosp",2021-11-27,"IE","quantile",0.15,121
"2021-11-01","1 wk ahead inc hosp",2021-11-06,"IE","quantile",0.2,336
"2021-11-01","2 wk ahead inc hosp",2021-11-13,"IE","quantile",0.2,245
"2021-11-01","3 wk ahead inc hosp",2021-11-20,"IE","quantile",0.2,161
"2021-11-01","4 wk ahead inc hosp",2021-11-27,"IE","quantile",0.2,132
"2021-11-01","1 wk ahead inc hosp",2021-11-06,"IE","quantile",0.25,370
"2021-11-01","2 wk ahead inc hosp",2021-11-13,"IE","quantile",0.25,270
"2021-11-01","3 wk ahead inc hosp",2021-11-20,"IE","quantile",0.25,177
"2021-11-01","4 wk ahead inc hosp",2021-11-27,"IE","quantile",0.25,145
"2021-11-01","1 wk ahead inc hosp",2021-11-06,"IE","quantile",0.3,374
"2021-11-01","2 wk ahead inc hosp",2021-11-13,"IE","quantile",0.3,273
"2021-11-01","3 wk ahead inc hosp",2021-11-20,"IE","quantile",0.3,179
"2021-11-01","4 wk ahead inc hosp",2021-11-27,"IE","quantile",0.3,147
"2021-11-01","1 wk ahead inc hosp",2021-11-06,"IE","quantile",0.35,380
"2021-11-01","2 wk ahead inc hosp",2021-11-13,"IE","quantile",0.35,277
"2021-11-01","3 wk ahead inc hosp",2021-11-20,"IE","quantile",0.35,182
"2021-11-01","4 wk ahead inc hosp",2021-11-27,"IE","quantile",0.35,149
"2021-11-01","1 wk ahead inc hosp",2021-11-06,"IE","quantile",0.4,387
"2021-11-01","2 wk ahead inc hosp",2021-11-13,"IE","quantile",0.4,282
"2021-11-01","3 wk ahead inc hosp",2021-11-20,"IE","quantile",0.4,185
"2021-11-01","4 wk ahead inc hosp",2021-11-27,"IE","quantile",0.4,152
"2021-11-01","1 wk ahead inc hosp",2021-11-06,"IE","quantile",0.45,401
"2021-11-01","2 wk ahead inc hosp",2021-11-13,"IE","quantile",0.45,293
"2021-11-01","3 wk ahead inc hosp",2021-11-20,"IE","quantile",0.45,192
"2021-11-01","4 wk ahead inc hosp",2021-11-27,"IE","quantile",0.45,158
"2021-11-01","1 wk ahead inc hosp",2021-11-06,"IE","quantile",0.5,419
"2021-11-01","2 wk ahead inc hosp",2021-11-13,"IE","quantile",0.5,438
"2021-11-01","3 wk ahead inc hosp",2021-11-20,"IE","quantile",0.5,416
"2021-11-01","4 wk ahead inc hosp",2021-11-27,"IE","quantile",0.5,405
"2021-11-01","1 wk ahead inc hosp",2021-11-06,"IE","quantile",0.55,430
"2021-11-01","2 wk ahead inc hosp",2021-11-13,"IE","quantile",0.55,644
"2021-11-01","3 wk ahead inc hosp",2021-11-20,"IE","quantile",0.55,883
"2021-11-01","4 wk ahead inc hosp",2021-11-27,"IE","quantile",0.55,1019
"2021-11-01","1 wk ahead inc hosp",2021-11-06,"IE","quantile",0.6,440
"2021-11-01","2 wk ahead inc hosp",2021-11-13,"IE","quantile",0.6,659
"2021-11-01","3 wk ahead inc hosp",2021-11-20,"IE","quantile",0.6,903
"2021-11-01","4 wk ahead inc hosp",2021-11-27,"IE","quantile",0.6,1043
"2021-11-01","1 wk ahead inc hosp",2021-11-06,"IE","quantile",0.65,447
"2021-11-01","2 wk ahead inc hosp",2021-11-13,"IE","quantile",0.65,671
"2021-11-01","3 wk ahead inc hosp",2021-11-20,"IE","quantile",0.65,919
"2021-11-01","4 wk ahead inc hosp",2021-11-27,"IE","quantile",0.65,1061
"2021-11-01","1 wk ahead inc hosp",2021-11-06,"IE","quantile",0.7,457
"2021-11-01","2 wk ahead inc hosp",2021-11-13,"IE","quantile",0.7,685
"2021-11-01","3 wk ahead inc hosp",2021-11-20,"IE","quantile",0.7,939
"2021-11-01","4 wk ahead inc hosp",2021-11-27,"IE","quantile",0.7,1084
"2021-11-01","1 wk ahead inc hosp",2021-11-06,"IE","quantile",0.75,468
"2021-11-01","2 wk ahead inc hosp",2021-11-13,"IE","quantile",0.75,701
"2021-11-01","3 wk ahead inc hosp",2021-11-20,"IE","quantile",0.75,961
"2021-11-01","4 wk ahead inc hosp",2021-11-27,"IE","quantile",0.75,1109
"2021-11-01","1 wk ahead inc hosp",2021-11-06,"IE","quantile",0.8,469
"2021-11-01","2 wk ahead inc hosp",2021-11-13,"IE","quantile",0.8,703
"2021-11-01","3 wk ahead inc hosp",2021-11-20,"IE","quantile",0.8,963
"2021-11-01","4 wk ahead inc hosp",2021-11-27,"IE","quantile",0.8,1112
"2021-11-01","1 wk ahead inc hosp",2021-11-06,"IE","quantile",0.85,473
"2021-11-01","2 wk ahead inc hosp",2021-11-13,"IE","quantile",0.85,708
"2021-11-01","3 wk ahead inc hosp",2021-11-20,"IE","quantile",0.85,970
"2021-11-01","4 wk ahead inc hosp",2021-11-27,"IE","quantile",0.85,1120
"2021-11-01","1 wk ahead inc hosp",2021-11-06,"IE","quantile",0.9,482
"2021-11-01","2 wk ahead inc hosp",2021-11-13,"IE","quantile",0.9,722
"2021-11-01","3 wk ahead inc hosp",2021-11-20,"IE","quantile",0.9,989
"2021-11-01","4 wk ahead inc hosp",2021-11-27,"IE","quantile",0.9,1142
"2021-11-01","1 wk ahead inc hosp",2021-11-06,"IE","quantile",0.95,520
"2021-11-01","2 wk ahead inc hosp",2021-11-13,"IE","quantile",0.95,780
"2021-11-01","3 wk ahead inc hosp",2021-11-20,"IE","quantile",0.95,1068
"2021-11-01","4 wk ahead inc hosp",2021-11-27,"IE","quantile",0.95,1233
"2021-11-01","1 wk ahead inc hosp",2021-11-06,"IE","quantile",0.975,547
"2021-11-01","2 wk ahead inc hosp",2021-11-13,"IE","quantile",0.975,819
"2021-11-01","3 wk ahead inc hosp",2021-11-20,"IE","quantile",0.975,1122
"2021-11-01","4 wk ahead inc hosp",2021-11-27,"IE","quantile",0.975,1296
"2021-11-01","1 wk ahead inc hosp",2021-11-06,"IE","quantile",0.99,562
"2021-11-01","2 wk ahead inc hosp",2021-11-13,"IE","quantile",0.99,843
"2021-11-01","3 wk ahead inc hosp",2021-11-20,"IE","quantile",0.99,1155
"2021-11-01","4 wk ahead inc hosp",2021-11-27,"IE","quantile",0.99,1334
