model,target_variable,location,horizon,weight
IEM_Health-CovidProject,inc case,AT,1,0.15803732910110735
ILM-EKF,inc case,AT,1,0.13716447431416864
LANL-GrowthRate,inc case,AT,1,0.19647884158516052
USC-SIkJalpha,inc case,AT,1,0.16711993422186067
epiforecasts-EpiNow2,inc case,AT,1,0.1913083457539721
IEM_Health-CovidProject,inc case,AT,2,0.16900393999573113
ILM-EKF,inc case,AT,2,0.1412767310901815
LANL-GrowthRate,inc case,AT,2,0.25469607858511595
USC-SIkJalpha,inc case,AT,2,0.23183873819927217
epiforecasts-EpiNow2,inc case,AT,2,0.20318451212969924
IEM_Health-CovidProject,inc case,AT,3,0.16423613611601232
ILM-EKF,inc case,AT,3,0.1367244991016549
LANL-GrowthRate,inc case,AT,3,0.27484414615332675
USC-SIkJalpha,inc case,AT,3,0.21042754939864078
epiforecasts-EpiNow2,inc case,AT,3,0.21376766923036522
IEM_Health-CovidProject,inc case,AT,4,0.1434660635993526
ILM-EKF,inc case,AT,4,0.12488461560305092
LANL-GrowthRate,inc case,AT,4,0.3605364554801122
UMass-SemiMech,inc case,AT,1,0.14989107502373072
USC-SIkJalpha,inc case,AT,4,0.18846223809187682
epiforecasts-EpiNow2,inc case,AT,4,0.1826506272256075
IEM_Health-CovidProject,inc death,AT,1,0.11654580110932092
ILM-EKF,inc death,AT,1,0.07086453233280317
LANL-GrowthRate,inc death,AT,1,0.13303813145497953
RobertWalraven-ESG,inc death,AT,1,0.1719761211491199
USC-SIkJalpha,inc death,AT,1,0.11103970026951047
epiforecasts-EpiNow2,inc death,AT,1,0.12704542283088135
IEM_Health-CovidProject,inc death,AT,2,0.13972007773761833
ILM-EKF,inc death,AT,2,0.11357363044168974
LANL-GrowthRate,inc death,AT,2,0.21821450343290952
RobertWalraven-ESG,inc death,AT,2,0.20021743098483452
USC-SIkJalpha,inc death,AT,2,0.1885542796653296
epiforecasts-EpiNow2,inc death,AT,2,0.13972007773761833
IEM_Health-CovidProject,inc death,AT,3,0.15181302452009074
ILM-EKF,inc death,AT,3,0.11482304900250516
LANL-GrowthRate,inc death,AT,3,0.23081776177034202
RobertWalraven-ESG,inc death,AT,3,0.1984222864341537
USC-SIkJalpha,inc death,AT,3,0.1984222864341537
epiforecasts-EpiNow2,inc death,AT,3,0.10570159183875476
IEM_Health-CovidProject,inc death,AT,4,0.16554289545092352
ILM-EKF,inc death,AT,4,0.12602139338381113
LANL-GrowthRate,inc death,AT,4,0.24117887354487996
RobertWalraven-ESG,inc death,AT,4,0.17485468332003798
UMass-MechBayes,inc death,AT,1,0.12704542283088135
UMass-SemiMech,inc death,AT,1,0.14244486802250336
USC-SIkJalpha,inc death,AT,4,0.18049515697552307
epiforecasts-EpiNow2,inc death,AT,4,0.1119069973248243
IEM_Health-CovidProject,inc case,BE,1,0.15521224578564696
ILM-EKF,inc case,BE,1,0.15678004624812825
LANL-GrowthRate,inc case,BE,1,0.22494528374731448
USC-SIkJalpha,inc case,BE,1,0.15069150076276405
epiforecasts-EpiNow2,inc case,BE,1,0.15069150076276405
IEM_Health-CovidProject,inc case,BE,2,0.14963036530230847
ILM-EKF,inc case,BE,2,0.14108005871360513
LANL-GrowthRate,inc case,BE,2,0.21237858300972812
USC-SIkJalpha,inc case,BE,2,0.19175930310587103
epiforecasts-EpiNow2,inc case,BE,2,0.14963036530230847
DSMPG-bayes,inc case,BE,2,0.15552132456617887
IEM_Health-CovidProject,inc case,BE,3,0.1390112350597428
ILM-EKF,inc case,BE,3,0.1281709093899463
LANL-GrowthRate,inc case,BE,3,0.22716470119518942
USC-SIkJalpha,inc case,BE,3,0.26113325464493736
epiforecasts-EpiNow2,inc case,BE,3,0.14783734522226616
DSMPG-bayes,inc case,BE,3,0.09668255448791797
IEM_Health-CovidProject,inc case,BE,4,0.1355185626994861
ILM-EKF,inc case,BE,4,0.09896648217494278
LANL-GrowthRate,inc case,BE,4,0.2968994465248283
UMass-SemiMech,inc case,BE,1,0.16167942269338226
USC-SIkJalpha,inc case,BE,4,0.31115061995802007
epiforecasts-EpiNow2,inc case,BE,4,0.1574648886427227
IEM_Health-CovidProject,inc death,BE,1,0.1264027759953455
ILM-EKF,inc death,BE,1,0.09303244313257429
LANL-GrowthRate,inc death,BE,1,0.11866383052624271
RobertWalraven-ESG,inc death,BE,1,0.1336673033513998
USC-SIkJalpha,inc death,BE,1,0.14356858508113315
epiforecasts-EpiNow2,inc death,BE,1,0.09229409040929988
IEM_Health-CovidProject,inc death,BE,2,0.14570241494796848
ILM-EKF,inc death,BE,2,0.1552047463576186
LANL-GrowthRate,inc death,BE,2,0.1622595075556922
RobertWalraven-ESG,inc death,BE,2,0.16412455936667714
USC-SIkJalpha,inc death,BE,2,0.23407928958853955
epiforecasts-EpiNow2,inc death,BE,2,0.13862948218350402
IEM_Health-CovidProject,inc death,BE,3,0.16885226127479133
ILM-EKF,inc death,BE,3,0.1423656320552162
LANL-GrowthRate,inc death,BE,3,0.17708895694673235
RobertWalraven-ESG,inc death,BE,3,0.1595746645014511
USC-SIkJalpha,inc death,BE,3,0.2461236350785094
epiforecasts-EpiNow2,inc death,BE,3,0.10599485014329965
IEM_Health-CovidProject,inc death,BE,4,0.15182180996840344
ILM-EKF,inc death,BE,4,0.1051837376251684
LANL-GrowthRate,inc death,BE,4,0.18497829720288236
RobertWalraven-ESG,inc death,BE,4,0.15624380443350258
UMass-MechBayes,inc death,BE,1,0.1571493971834025
UMass-SemiMech,inc death,BE,1,0.13522157432060217
USC-SIkJalpha,inc death,BE,4,0.3036436199368069
epiforecasts-EpiNow2,inc death,BE,4,0.09812873083323638
IEM_Health-CovidProject,inc case,BG,1,0.11108357524903155
ILM-EKF,inc case,BG,1,0.14414416312076714
LANL-GrowthRate,inc case,BG,1,0.15523217566851844
USC-SIkJalpha,inc case,BG,1,0.07712171784805374
epiforecasts-EpiNow2,inc case,BG,1,0.20180182836907398
DSMPG-bayes,inc case,BG,1,0.14244834943699342
IEM_Health-CovidProject,inc case,BG,2,0.1339507598797629
ILM-EKF,inc case,BG,2,0.12841560451283054
LANL-GrowthRate,inc case,BG,2,0.27260154642197365
USC-SIkJalpha,inc case,BG,2,0.14387303838937493
epiforecasts-EpiNow2,inc case,BG,2,0.18720829091629515
DSMPG-bayes,inc case,BG,2,0.1339507598797629
IEM_Health-CovidProject,inc case,BG,3,0.13010120352630433
ILM-EKF,inc case,BG,3,0.10369452360264851
LANL-GrowthRate,inc case,BG,3,0.29501822208077466
USC-SIkJalpha,inc case,BG,3,0.20738904720529702
epiforecasts-EpiNow2,inc case,BG,3,0.1517847374473551
DSMPG-bayes,inc case,BG,3,0.1120122661376203
IEM_Health-CovidProject,inc case,BG,4,0.13747930557260232
ILM-EKF,inc case,BG,4,0.08889368711108056
LANL-GrowthRate,inc case,BG,4,0.34650396404523237
UMass-SemiMech,inc case,BG,1,0.16816819030756164
USC-SIkJalpha,inc case,BG,4,0.3031909685395783
epiforecasts-EpiNow2,inc case,BG,4,0.12393207473150647
IEM_Health-CovidProject,inc death,BG,1,0.10353123252393202
ILM-EKF,inc death,BG,1,0.13347828325399502
LANL-GrowthRate,inc death,BG,1,0.10094295171083373
RobertWalraven-ESG,inc death,BG,1,0.14167431819064383
USC-SIkJalpha,inc death,BG,1,0.10556125669106795
epiforecasts-EpiNow2,inc death,BG,1,0.09229069870704797
IEM_Health-CovidProject,inc death,BG,2,0.14890366417116424
ILM-EKF,inc death,BG,2,0.14979530287877602
LANL-GrowthRate,inc death,BG,2,0.11268385396736752
RobertWalraven-ESG,inc death,BG,2,0.2943037127147717
USC-SIkJalpha,inc death,BG,2,0.17741713177840845
epiforecasts-EpiNow2,inc death,BG,2,0.11689633448951212
IEM_Health-CovidProject,inc death,BG,3,0.14789624486205794
ILM-EKF,inc death,BG,3,0.10034118220544766
LANL-GrowthRate,inc death,BG,3,0.1098806607954022
RobertWalraven-ESG,inc death,BG,3,0.3586908927114278
USC-SIkJalpha,inc death,BG,3,0.1950381729118389
epiforecasts-EpiNow2,inc death,BG,3,0.08815284651382549
IEM_Health-CovidProject,inc death,BG,4,0.14218337570410264
ILM-EKF,inc death,BG,4,0.08186315570842273
LANL-GrowthRate,inc death,BG,4,0.13689953403942315
RobertWalraven-ESG,inc death,BG,4,0.334894727898093
UMass-MechBayes,inc death,BG,1,0.19227228897301663
UMass-SemiMech,inc death,BG,1,0.1302489699494629
USC-SIkJalpha,inc death,BG,4,0.2263813523780405
epiforecasts-EpiNow2,inc death,BG,4,0.07777785427191795
IEM_Health-CovidProject,inc case,CH,1,0.16295831089117643
ILM-EKF,inc case,CH,1,0.240072511580751
LANL-GrowthRate,inc case,CH,1,0.1734717503035104
USC-SIkJalpha,inc case,CH,1,0.1649577993683688
epiforecasts-EpiNow2,inc case,CH,1,0.2585396278561934
IEM_Health-CovidProject,inc case,CH,2,0.156029397640792
ILM-EKF,inc case,CH,2,0.2504682435812714
LANL-GrowthRate,inc case,CH,2,0.23026919167955598
USC-SIkJalpha,inc case,CH,2,0.13661904195342078
epiforecasts-EpiNow2,inc case,CH,2,0.22661412514495982
IEM_Health-CovidProject,inc case,CH,3,0.1523612100796787
ILM-EKF,inc case,CH,3,0.20632247198289821
LANL-GrowthRate,inc case,CH,3,0.23579711083759797
USC-SIkJalpha,inc case,CH,3,0.15158385696702728
epiforecasts-EpiNow2,inc case,CH,3,0.25393535013279783
IEM_Health-CovidProject,inc case,CH,4,0.14957431452931252
ILM-EKF,inc case,CH,4,0.18379066099026636
LANL-GrowthRate,inc case,CH,4,0.3159547318147276
USC-SIkJalpha,inc case,CH,4,0.17042406746370156
epiforecasts-EpiNow2,inc case,CH,4,0.180256225201992
IEM_Health-CovidProject,inc death,CH,1,0.20517973799433983
ILM-EKF,inc death,CH,1,0.11748194675482361
LANL-GrowthRate,inc death,CH,1,0.15334485681682236
RobertWalraven-ESG,inc death,CH,1,0.2427960232933021
USC-SIkJalpha,inc death,CH,1,0.18209701746997659
epiforecasts-EpiNow2,inc death,CH,1,0.09910041767073555
IEM_Health-CovidProject,inc death,CH,2,0.18873782673207426
ILM-EKF,inc death,CH,2,0.10563684332019081
LANL-GrowthRate,inc death,CH,2,0.14593130932892343
RobertWalraven-ESG,inc death,CH,2,0.3011773830830972
USC-SIkJalpha,inc death,CH,2,0.17475724697414283
epiforecasts-EpiNow2,inc death,CH,2,0.08375939056157143
IEM_Health-CovidProject,inc death,CH,3,0.18025461846312318
ILM-EKF,inc death,CH,3,0.10266157078032181
LANL-GrowthRate,inc death,CH,3,0.14487754381148218
RobertWalraven-ESG,inc death,CH,3,0.28707217014497394
USC-SIkJalpha,inc death,CH,3,0.20397233141879728
epiforecasts-EpiNow2,inc death,CH,3,0.08116176538130153
IEM_Health-CovidProject,inc death,CH,4,0.16971605840054843
ILM-EKF,inc death,CH,4,0.09527919068100964
LANL-GrowthRate,inc death,CH,4,0.13465075707812107
RobertWalraven-ESG,inc death,CH,4,0.3325049307439316
USC-SIkJalpha,inc death,CH,4,0.18514479098241646
epiforecasts-EpiNow2,inc death,CH,4,0.08270427211397283
IEM_Health-CovidProject,inc case,CY,1,0.15799852113461849
ILM-EKF,inc case,CY,1,0.1637789548346655
LANL-GrowthRate,inc case,CY,1,0.21661087574907376
USC-SIkJalpha,inc case,CY,1,0.078080664514201
epiforecasts-EpiNow2,inc case,CY,1,0.18148478778976448
DSMPG-bayes,inc case,CY,1,0.0576389454782943
IEM_Health-CovidProject,inc case,CY,2,0.15594071940562987
ILM-EKF,inc case,CY,2,0.23897408947875745
LANL-GrowthRate,inc case,CY,2,0.21396517313795727
USC-SIkJalpha,inc case,CY,2,0.11288960055131486
epiforecasts-EpiNow2,inc case,CY,2,0.13334061514394438
DSMPG-bayes,inc case,CY,2,0.14488980228239623
IEM_Health-CovidProject,inc case,CY,3,0.1658463557228612
ILM-EKF,inc case,CY,3,0.25846185307458885
LANL-GrowthRate,inc case,CY,3,0.20517074934786952
USC-SIkJalpha,inc case,CY,3,0.11917103405235535
epiforecasts-EpiNow2,inc case,CY,3,0.11503793460545285
IEM_Health-CovidProject,inc case,CY,4,0.20426161768787196
ILM-EKF,inc case,CY,4,0.28863054673286254
LANL-GrowthRate,inc case,CY,4,0.25532702210983993
UMass-SemiMech,inc case,CY,1,0.14440725049938247
USC-SIkJalpha,inc case,CY,4,0.1383021369761633
epiforecasts-EpiNow2,inc case,CY,4,0.11347867649326221
DSMPG-bayes,inc case,CY,3,0.1363120731968722
IEM_Health-CovidProject,inc death,CY,1,0.132889088722105
ILM-EKF,inc death,CY,1,0.08542869989278179
LANL-GrowthRate,inc death,CY,1,0.10120015218067996
RobertWalraven-ESG,inc death,CY,1,0.12529542650941328
USC-SIkJalpha,inc death,CY,1,0.09966681654157876
epiforecasts-EpiNow2,inc death,CY,1,0.14617799759431552
IEM_Health-CovidProject,inc death,CY,2,0.13860445033054725
ILM-EKF,inc death,CY,2,0.1248165730725347
LANL-GrowthRate,inc death,CY,2,0.14716028059786498
RobertWalraven-ESG,inc death,CY,2,0.19540955292503384
USC-SIkJalpha,inc death,CY,2,0.21871527942068006
epiforecasts-EpiNow2,inc death,CY,2,0.17529386365333915
IEM_Health-CovidProject,inc death,CY,3,0.15290664261498865
ILM-EKF,inc death,CY,3,0.14219343835533976
LANL-GrowthRate,inc death,CY,3,0.16177079581006049
RobertWalraven-ESG,inc death,CY,3,0.18003524049829311
USC-SIkJalpha,inc death,CY,3,0.18449892414701113
epiforecasts-EpiNow2,inc death,CY,3,0.17859495857430677
IEM_Health-CovidProject,inc death,CY,4,0.1519674975255446
ILM-EKF,inc death,CY,4,0.13145654693927475
LANL-GrowthRate,inc death,CY,4,0.16610400892326965
RobertWalraven-ESG,inc death,CY,4,0.15640450475256779
UMass-MechBayes,inc death,CY,1,0.17085739978556358
UMass-SemiMech,inc death,CY,1,0.13848441877356205
USC-SIkJalpha,inc death,CY,4,0.24629215116208947
epiforecasts-EpiNow2,inc death,CY,4,0.1477752906972537
IEM_Health-CovidProject,inc case,CZ,1,0.0713642062158346
ILM-EKF,inc case,CZ,1,0.1823751936626884
LANL-GrowthRate,inc case,CZ,1,0.10131955203482688
USC-SIkJalpha,inc case,CZ,1,0.07327574745375873
epiforecasts-EpiNow2,inc case,CZ,1,0.13909972398001658
DSMPG-bayes,inc case,CZ,1,0.19540199321002327
IEM_Health-CovidProject,inc case,CZ,2,0.1196562315096059
ILM-EKF,inc case,CZ,2,0.20400406683604944
LANL-GrowthRate,inc case,CZ,2,0.3274802125526057
USC-SIkJalpha,inc case,CZ,2,0.14814581044046446
epiforecasts-EpiNow2,inc case,CZ,2,0.20071367866127446
IEM_Health-CovidProject,inc case,CZ,3,0.10629141631934427
ILM-EKF,inc case,CZ,3,0.17546519519383819
LANL-GrowthRate,inc case,CZ,3,0.3251266852121119
USC-SIkJalpha,inc case,CZ,3,0.15791867567445436
epiforecasts-EpiNow2,inc case,CZ,3,0.23519802760025119
IEM_Health-CovidProject,inc case,CZ,4,0.09920740548208598
ILM-EKF,inc case,CZ,4,0.16384253329617232
LANL-GrowthRate,inc case,CZ,4,0.2403023821677194
UMass-SemiMech,inc case,CZ,1,0.11090383398406727
USC-SIkJalpha,inc case,CZ,4,0.1689626124616777
bisop-seirfilter,inc case,CZ,1,0.12625974945878427
epiforecasts-EpiNow2,inc case,CZ,4,0.32768506659234464
IEM_Health-CovidProject,inc death,CZ,1,0.09402402722663411
ILM-EKF,inc death,CZ,1,0.09836359771401722
LANL-GrowthRate,inc death,CZ,1,0.10656056419018534
RobertWalraven-ESG,inc death,CZ,1,0.09687324017289575
USC-SIkJalpha,inc death,CZ,1,0.07025971265286944
epiforecasts-EpiNow2,inc death,CZ,1,0.21312112838037067
IEM_Health-CovidProject,inc death,CZ,2,0.12115747122376469
ILM-EKF,inc death,CZ,2,0.19888113200882127
LANL-GrowthRate,inc death,CZ,2,0.2395613635560802
RobertWalraven-ESG,inc death,CZ,2,0.11213510634539924
USC-SIkJalpha,inc death,CZ,2,0.10866701027286113
epiforecasts-EpiNow2,inc death,CZ,2,0.2195979165930735
IEM_Health-CovidProject,inc death,CZ,3,0.09509862341308717
ILM-EKF,inc death,CZ,3,0.17830991889953843
LANL-GrowthRate,inc death,CZ,3,0.35661983779907686
RobertWalraven-ESG,inc death,CZ,3,0.09332107905022573
USC-SIkJalpha,inc death,CZ,3,0.09509862341308717
epiforecasts-EpiNow2,inc death,CZ,3,0.18155191742498458
IEM_Health-CovidProject,inc death,CZ,4,0.06831377416089521
ILM-EKF,inc death,CZ,4,0.13662754832179042
LANL-GrowthRate,inc death,CZ,4,0.467410033732441
RobertWalraven-ESG,inc death,CZ,4,0.07526093763488458
UMass-MechBayes,inc death,CZ,1,0.12536536963551215
UMass-SemiMech,inc death,CZ,1,0.1184006268779837
USC-SIkJalpha,inc death,CZ,4,0.08792862020709286
bisop-seirfilter,inc death,CZ,1,0.07703173314953157
epiforecasts-EpiNow2,inc death,CZ,4,0.16445908594289588
DSMPG-bayes,inc case,DE,1,0.08239574305723081
FIAS_FZJ-Epi1Ger,inc case,DE,1,0.07150043819015897
IEM_Health-CovidProject,inc case,DE,1,0.06977058887910674
ILM-EKF,inc case,DE,1,0.07150043819015897
ITWW-county_repro,inc case,DE,1,0.058854102183736295
Karlen-pypm,inc case,DE,1,0.08399566039814792
LANL-GrowthRate,inc case,DE,1,0.05925721247266599
MIT_CovidAnalytics-DELPHI,inc case,DE,1,0.05149733941076926
UNIPV-BayesINGARCHX,inc case,DE,1,0.09612836690010262
USC-SIkJalpha,inc case,DE,1,0.05545867321159766
epiforecasts-EpiExpert,inc case,DE,1,0.08651553021009235
epiforecasts-EpiNow2,inc case,DE,1,0.07724600911615388
itwm-dSEIR,inc case,DE,1,0.07033782943909947
DSMPG-bayes,inc case,DE,2,0.09324317721128624
FIAS_FZJ-Epi1Ger,inc case,DE,2,0.09324317721128624
IEM_Health-CovidProject,inc case,DE,2,0.09013507130424336
ILM-EKF,inc case,DE,2,0.08450162934772815
ITWW-county_repro,inc case,DE,2,0.05942971734345715
Karlen-pypm,inc case,DE,2,0.08865744718450166
LANL-GrowthRate,inc case,DE,2,0.09244622697871115
UNIPV-BayesINGARCHX,inc case,DE,2,0.07069417357195558
USC-SIkJalpha,inc case,DE,2,0.06362475621476002
epiforecasts-EpiExpert,inc case,DE,2,0.0789504274197752
epiforecasts-EpiNow2,inc case,DE,2,0.09923127116063489
itwm-dSEIR,inc case,DE,2,0.08584292505166034
DSMPG-bayes,inc case,DE,3,0.07348002442304313
FIAS_FZJ-Epi1Ger,inc case,DE,3,0.09732880427964485
IEM_Health-CovidProject,inc case,DE,3,0.09483319391350012
ILM-EKF,inc case,DE,3,0.07251950122797067
ITWW-county_repro,inc case,DE,3,0.057193214885976874
Karlen-pypm,inc case,DE,3,0.0596531381068791
LANL-GrowthRate,inc case,DE,3,0.1193062762137582
UNIPV-BayesINGARCHX,inc case,DE,3,0.09732880427964485
USC-SIkJalpha,inc case,DE,3,0.07396989125253008
epiforecasts-EpiExpert,inc case,DE,3,0.09483319391350012
epiforecasts-EpiNow2,inc case,DE,3,0.09020718445430498
itwm-dSEIR,inc case,DE,3,0.06934677304924695
DSMPG-bayes,inc case,DE,4,0.05213916558757304
FIAS_FZJ-Epi1Ger,inc case,DE,4,0.1004632702784944
IEM_Health-CovidProject,inc case,DE,4,0.10745201951525925
ILM-EKF,inc case,DE,4,0.05541247643163593
ITWW-county_repro,inc case,DE,4,0.042610283600878665
Karlen-pypm,inc case,DE,4,0.034135310067002246
LANL-GrowthRate,inc case,DE,4,0.15446227805318516
UMass-SemiMech,inc case,DE,1,0.06554206834097906
UNIPV-BayesINGARCHX,inc case,DE,4,0.07580970701996817
USC-SIkJalpha,inc case,DE,4,0.07355346573961198
epiforecasts-EpiExpert,inc case,DE,4,0.14537626169711546
epiforecasts-EpiNow2,inc case,DE,4,0.08183431949837625
itwm-dSEIR,inc case,DE,4,0.07675144251089945
FIAS_FZJ-Epi1Ger,inc death,DE,1,0.03628226003240666
IEM_Health-CovidProject,inc death,DE,1,0.0527195270084141
ILM-EKF,inc death,DE,1,0.07757914137010528
ITWW-county_repro,inc death,DE,1,0.05515742421111533
Karlen-pypm,inc death,DE,1,0.1026046708443328
LANL-GrowthRate,inc death,DE,1,0.0649131591055983
MIT_CovidAnalytics-DELPHI,inc death,DE,1,0.07284148388185457
RobertWalraven-ESG,inc death,DE,1,0.06864916826275505
USC-SIkJalpha,inc death,DE,1,0.06535776978440377
epiforecasts-EpiExpert,inc death,DE,1,0.10968085504049369
epiforecasts-EpiNow2,inc death,DE,1,0.0369854046066781
itwm-dSEIR,inc death,DE,1,0.10721611672497698
FIAS_FZJ-Epi1Ger,inc death,DE,2,0.04359279470131178
IEM_Health-CovidProject,inc death,DE,2,0.06291232871666587
ILM-EKF,inc death,DE,2,0.07689284620925828
ITWW-county_repro,inc death,DE,2,0.10646701782820377
Karlen-pypm,inc death,DE,2,0.11184413994073933
LANL-GrowthRate,inc death,DE,2,0.07431254935659862
MIT_CovidAnalytics-DELPHI,inc death,DE,2,0.08452343400101674
RobertWalraven-ESG,inc death,DE,2,0.056205938345853766
USC-SIkJalpha,inc death,DE,2,0.08718558940262355
epiforecasts-EpiExpert,inc death,DE,2,0.12582465743333174
epiforecasts-EpiNow2,inc death,DE,2,0.03997317636871189
itwm-dSEIR,inc death,DE,2,0.1302655276956846
FIAS_FZJ-Epi1Ger,inc death,DE,3,0.041660406782799225
IEM_Health-CovidProject,inc death,DE,3,0.06226901226577969
ILM-EKF,inc death,DE,3,0.06327878003225179
ITWW-county_repro,inc death,DE,3,0.07909847504031474
Karlen-pypm,inc death,DE,3,0.08421995903573082
LANL-GrowthRate,inc death,DE,3,0.08244066412652523
MIT_CovidAnalytics-DELPHI,inc death,DE,3,0.13153454276366947
RobertWalraven-ESG,inc death,DE,3,0.04797776354904337
USC-SIkJalpha,inc death,DE,3,0.08868616898459532
epiforecasts-EpiExpert,inc death,DE,3,0.1672367757995226
epiforecasts-EpiNow2,inc death,DE,3,0.03569077532306885
itwm-dSEIR,inc death,DE,3,0.11590667629669883
FIAS_FZJ-Epi1Ger,inc death,DE,4,0.03919829021031343
IEM_Health-CovidProject,inc death,DE,4,0.06057917577957529
ILM-EKF,inc death,DE,4,0.04692753053347382
ITWW-county_repro,inc death,DE,4,0.05267754415615244
Karlen-pypm,inc death,DE,4,0.051259302582717554
LANL-GrowthRate,inc death,DE,4,0.14028861759480593
MIT_CovidAnalytics-DELPHI,inc death,DE,4,0.15865974608936387
RobertWalraven-ESG,inc death,DE,4,0.05029214593021346
UMass-MechBayes,inc death,DE,1,0.06914662600378951
UMass-SemiMech,inc death,DE,1,0.08086639312307586
USC-SIkJalpha,inc death,DE,4,0.0827789979596681
epiforecasts-EpiExpert,inc death,DE,4,0.19039169530723665
epiforecasts-EpiNow2,inc death,DE,4,0.03106624398952579
itwm-dSEIR,inc death,DE,4,0.09588070986695371
IEM_Health-CovidProject,inc case,DK,1,0.17497008501610783
ILM-EKF,inc case,DK,1,0.18604414102978553
LANL-GrowthRate,inc case,DK,1,0.22611518679004705
USC-SIkJalpha,inc case,DK,1,0.17291161342768305
epiforecasts-EpiNow2,inc case,DK,1,0.13997606801288626
IEM_Health-CovidProject,inc case,DK,2,0.14774340476290562
ILM-EKF,inc case,DK,2,0.1858216018667473
LANL-GrowthRate,inc case,DK,2,0.2731014451677952
USC-SIkJalpha,inc case,DK,2,0.26902530419514153
epiforecasts-EpiNow2,inc case,DK,2,0.12430824400741025
IEM_Health-CovidProject,inc case,DK,3,0.16459339747735585
ILM-EKF,inc case,DK,3,0.17227442269296578
LANL-GrowthRate,inc case,DK,3,0.2808822109124442
USC-SIkJalpha,inc case,DK,3,0.23707489361417308
epiforecasts-EpiNow2,inc case,DK,3,0.14517507530306106
IEM_Health-CovidProject,inc case,DK,4,0.13607926045801702
ILM-EKF,inc case,DK,4,0.1317363053370165
LANL-GrowthRate,inc case,DK,4,0.3642121382846926
UMass-SemiMech,inc case,DK,1,0.0999829057234902
USC-SIkJalpha,inc case,DK,4,0.263472610674033
epiforecasts-EpiNow2,inc case,DK,4,0.10449968524624093
IEM_Health-CovidProject,inc death,DK,1,0.12258928164811461
ILM-EKF,inc death,DK,1,0.08493113630522975
LANL-GrowthRate,inc death,DK,1,0.25479340891568925
RobertWalraven-ESG,inc death,DK,1,0.11012257503983179
USC-SIkJalpha,inc death,DK,1,0.10828719878916793
epiforecasts-EpiNow2,inc death,DK,1,0.09554752834338345
IEM_Health-CovidProject,inc death,DK,2,0.16411207792548715
ILM-EKF,inc death,DK,2,0.12276100317260849
LANL-GrowthRate,inc death,DK,2,0.28871569264669034
RobertWalraven-ESG,inc death,DK,2,0.1694635587274052
USC-SIkJalpha,inc death,DK,2,0.154362845573478
epiforecasts-EpiNow2,inc death,DK,2,0.10058482195433084
IEM_Health-CovidProject,inc death,DK,3,0.13270436274788905
ILM-EKF,inc death,DK,3,0.11681722072877558
LANL-GrowthRate,inc death,DK,3,0.24040645425342222
RobertWalraven-ESG,inc death,DK,3,0.19747673027959678
USC-SIkJalpha,inc death,DK,3,0.2126672479934119
epiforecasts-EpiNow2,inc death,DK,3,0.0999279839969044
IEM_Health-CovidProject,inc death,DK,4,0.1307949804080433
ILM-EKF,inc death,DK,4,0.10367894788442457
LANL-GrowthRate,inc death,DK,4,0.2931611629835454
RobertWalraven-ESG,inc death,DK,4,0.1977133424772748
UMass-MechBayes,inc death,DK,1,0.13823897717766118
UMass-SemiMech,inc death,DK,1,0.08548989378092205
USC-SIkJalpha,inc death,DK,4,0.1977133424772748
epiforecasts-EpiNow2,inc death,DK,4,0.07693822376943724
IEM_Health-CovidProject,inc case,EE,1,0.11608470615863553
ILM-EKF,inc case,EE,1,0.10403818004783373
LANL-GrowthRate,inc case,EE,1,0.19692941223339958
USC-SIkJalpha,inc case,EE,1,0.09425681269290921
epiforecasts-EpiNow2,inc case,EE,1,0.2042230941679699
DSMPG-bayes,inc case,EE,1,0.16459771768761755
IEM_Health-CovidProject,inc case,EE,2,0.11955063451725602
ILM-EKF,inc case,EE,2,0.10152315788370153
LANL-GrowthRate,inc case,EE,2,0.19381693777797565
USC-SIkJalpha,inc case,EE,2,0.15411949269092043
epiforecasts-EpiNow2,inc case,EE,2,0.25082191947738025
DSMPG-bayes,inc case,EE,2,0.18016785765276613
IEM_Health-CovidProject,inc case,EE,3,0.10298083847555035
ILM-EKF,inc case,EE,3,0.08893799686524803
LANL-GrowthRate,inc case,EE,3,0.18021646733221314
USC-SIkJalpha,inc case,EE,3,0.20141840466541464
epiforecasts-EpiNow2,inc case,EE,3,0.26339329840861914
DSMPG-bayes,inc case,EE,3,0.16305299425295472
IEM_Health-CovidProject,inc case,EE,4,0.10444345270872749
ILM-EKF,inc case,EE,4,0.09048042427173182
LANL-GrowthRate,inc case,EE,4,0.19905693339781005
UMass-SemiMech,inc case,EE,1,0.11987007701163452
USC-SIkJalpha,inc case,EE,4,0.28677693794599757
epiforecasts-EpiNow2,inc case,EE,4,0.31924225167573306
IEM_Health-CovidProject,inc death,EE,1,0.12760591559313125
ILM-EKF,inc death,EE,1,0.0798754586155478
LANL-GrowthRate,inc death,EE,1,0.10258514782977218
RobertWalraven-ESG,inc death,EE,1,0.12167075672833447
USC-SIkJalpha,inc death,EE,1,0.1414011497113076
epiforecasts-EpiNow2,inc death,EE,1,0.13079606348295955
IEM_Health-CovidProject,inc death,EE,2,0.15559795088287284
ILM-EKF,inc death,EE,2,0.11307428728755353
LANL-GrowthRate,inc death,EE,2,0.12469150858422
RobertWalraven-ESG,inc death,EE,2,0.24938301716844
USC-SIkJalpha,inc death,EE,2,0.21933687052164003
epiforecasts-EpiNow2,inc death,EE,2,0.13791636555527365
IEM_Health-CovidProject,inc death,EE,3,0.1274024074929805
ILM-EKF,inc death,EE,3,0.10075190388475501
LANL-GrowthRate,inc death,EE,3,0.12498337443931631
RobertWalraven-ESG,inc death,EE,3,0.3185060187324513
USC-SIkJalpha,inc death,EE,3,0.20570180376470815
epiforecasts-EpiNow2,inc death,EE,3,0.1226544916857887
IEM_Health-CovidProject,inc death,EE,4,0.12920803464906
ILM-EKF,inc death,EE,4,0.08048311922584545
LANL-GrowthRate,inc death,EE,4,0.18246936190897786
RobertWalraven-ESG,inc death,EE,4,0.2685784989896191
UMass-MechBayes,inc death,EE,1,0.12167075672833447
UMass-SemiMech,inc death,EE,1,0.17439475131061272
USC-SIkJalpha,inc death,EE,4,0.21730442190978272
epiforecasts-EpiNow2,inc death,EE,4,0.12195656331671481
IEM_Health-CovidProject,inc case,ES,1,0.2560119426781373
ILM-EKF,inc case,ES,1,0.1668132115187863
LANL-GrowthRate,inc case,ES,1,0.14514062891988885
UNIPV-BayesINGARCHX,inc case,ES,1,0.1668132115187863
USC-SIkJalpha,inc case,ES,1,0.2652210053644013
IEM_Health-CovidProject,inc case,ES,2,0.2388233230228582
ILM-EKF,inc case,ES,2,0.10766625218243606
LANL-GrowthRate,inc case,ES,2,0.21771186905398676
UNIPV-BayesINGARCHX,inc case,ES,2,0.17132977521205045
USC-SIkJalpha,inc case,ES,2,0.26446878052866846
IEM_Health-CovidProject,inc case,ES,3,0.21490416548886632
ILM-EKF,inc case,ES,3,0.06421310650493153
LANL-GrowthRate,inc case,ES,3,0.31216006519915623
UNIPV-BayesINGARCHX,inc case,ES,3,0.13281344388908198
USC-SIkJalpha,inc case,ES,3,0.2759092189179639
IEM_Health-CovidProject,inc death,ES,1,0.25063429386175573
ILM-EKF,inc death,ES,1,0.09780850492166077
LANL-GrowthRate,inc death,ES,1,0.23941186279331889
RobertWalraven-ESG,inc death,ES,1,0.2467783816484979
USC-SIkJalpha,inc death,ES,1,0.16536695677476668
IEM_Health-CovidProject,inc death,ES,2,0.22832887681157474
ILM-EKF,inc death,ES,2,0.06775613011075186
LANL-GrowthRate,inc death,ES,2,0.22832887681157474
RobertWalraven-ESG,inc death,ES,2,0.29242119310956066
USC-SIkJalpha,inc death,ES,2,0.18316492315653798
IEM_Health-CovidProject,inc death,ES,3,0.3869633261826764
ILM-EKF,inc death,ES,3,0.06919211792670374
LANL-GrowthRate,inc death,ES,3,0.16988633832410185
RobertWalraven-ESG,inc death,ES,3,0.25175927245619917
USC-SIkJalpha,inc death,ES,3,0.12219894511031887
IEM_Health-CovidProject,inc death,ES,4,0.1903353383107878
ILM-EKF,inc death,ES,4,0.029003480123548614
LANL-GrowthRate,inc death,ES,4,0.2076385508844958
RobertWalraven-ESG,inc death,ES,4,0.29471278190057465
USC-SIkJalpha,inc death,ES,4,0.12346075998537587
epiforecasts-EpiNow2,inc death,ES,4,0.1548490887952172
IEM_Health-CovidProject,inc case,FI,1,0.16472951732373292
ILM-EKF,inc case,FI,1,0.12496722003869393
LANL-GrowthRate,inc case,FI,1,0.24569826312692367
USC-SIkJalpha,inc case,FI,1,0.13299263783934398
epiforecasts-EpiNow2,inc case,FI,1,0.1610688613832055
IEM_Health-CovidProject,inc case,FI,2,0.1906846956043898
ILM-EKF,inc case,FI,2,0.1544388443738033
LANL-GrowthRate,inc case,FI,2,0.2919859401442219
USC-SIkJalpha,inc case,FI,2,0.17968365547336732
epiforecasts-EpiNow2,inc case,FI,2,0.18320686440421766
IEM_Health-CovidProject,inc case,FI,3,0.18425910735822426
ILM-EKF,inc case,FI,3,0.1602801824280444
LANL-GrowthRate,inc case,FI,3,0.285376910176762
USC-SIkJalpha,inc case,FI,3,0.2017319537456421
epiforecasts-EpiNow2,inc case,FI,3,0.1683518462913272
IEM_Health-CovidProject,inc case,FI,4,0.16828028934078057
ILM-EKF,inc case,FI,4,0.1621610060920249
LANL-GrowthRate,inc case,FI,4,0.30405188642254677
UMass-SemiMech,inc case,FI,1,0.17054350028809995
USC-SIkJalpha,inc case,FI,4,0.20903567191550088
epiforecasts-EpiNow2,inc case,FI,4,0.15647114622914685
IEM_Health-CovidProject,inc death,FI,1,0.10019079531855879
ILM-EKF,inc death,FI,1,0.08000309775437157
LANL-GrowthRate,inc death,FI,1,0.1392261701179973
RobertWalraven-ESG,inc death,FI,1,0.10308091441428645
USC-SIkJalpha,inc death,FI,1,0.120454102236919
epiforecasts-EpiNow2,inc death,FI,1,0.11527328063533109
IEM_Health-CovidProject,inc death,FI,2,0.14686152334622213
ILM-EKF,inc death,FI,2,0.11791801144587179
LANL-GrowthRate,inc death,FI,2,0.18784613451260973
RobertWalraven-ESG,inc death,FI,2,0.15385492921985175
USC-SIkJalpha,inc death,FI,2,0.24111593385200647
epiforecasts-EpiNow2,inc death,FI,2,0.15240346762343807
IEM_Health-CovidProject,inc death,FI,3,0.1646760830304522
ILM-EKF,inc death,FI,3,0.1261348721084315
LANL-GrowthRate,inc death,FI,3,0.19123674158375095
RobertWalraven-ESG,inc death,FI,3,0.17608927690384987
USC-SIkJalpha,inc death,FI,3,0.18721070491882988
epiforecasts-EpiNow2,inc death,FI,3,0.15465232145468558
IEM_Health-CovidProject,inc death,FI,4,0.10333216836916027
ILM-EKF,inc death,FI,4,0.0833433226846342
LANL-GrowthRate,inc death,FI,4,0.3258937617796593
RobertWalraven-ESG,inc death,FI,4,0.1381506164065947
UMass-MechBayes,inc death,FI,1,0.1949166381651962
UMass-SemiMech,inc death,FI,1,0.1468550013573396
USC-SIkJalpha,inc death,FI,4,0.23320837998911398
epiforecasts-EpiNow2,inc death,FI,4,0.11607175077083758
IEM_Health-CovidProject,inc case,FR,1,0.106649757322365
ILM-EKF,inc case,FR,1,0.08734247366917823
LANL-GrowthRate,inc case,FR,1,0.10031412817450172
UNIPV-BayesINGARCHX,inc case,FR,1,0.10131726945624675
USC-SIkJalpha,inc case,FR,1,0.11919678759558441
epiforecasts-EpiExpert,inc case,FR,1,0.10445079325386264
epiforecasts-EpiNow2,inc case,FR,1,0.12508304871141573
DSMPG-bayes,inc case,FR,1,0.106649757322365
IEM_Health-CovidProject,inc case,FR,2,0.12807099349390527
ILM-EKF,inc case,FR,2,0.11848744976306883
LANL-GrowthRate,inc case,FR,2,0.12530687133216634
UNIPV-BayesINGARCHX,inc case,FR,2,0.13934124092136896
USC-SIkJalpha,inc case,FR,2,0.13195193269069028
epiforecasts-EpiExpert,inc case,FR,2,0.10818419326193239
epiforecasts-EpiNow2,inc case,FR,2,0.1555147778140278
DSMPG-bayes,inc case,FR,2,0.09314254072284019
IEM_Health-CovidProject,inc case,FR,3,0.09738407301019983
ILM-EKF,inc case,FR,3,0.10019864159430965
LANL-GrowthRate,inc case,FR,3,0.12381689282725405
UNIPV-BayesINGARCHX,inc case,FR,3,0.0979342655130823
USC-SIkJalpha,inc case,FR,3,0.13132094693799673
epiforecasts-EpiExpert,inc case,FR,3,0.21942234171918437
epiforecasts-EpiNow2,inc case,FR,3,0.14815696577620144
DSMPG-bayes,inc case,FR,3,0.08176587262177154
IEM_Health-CovidProject,inc case,FR,4,0.10574080284925304
ILM-EKF,inc case,FR,4,0.06674668618391388
LANL-GrowthRate,inc case,FR,4,0.18099777064286557
UMass-SemiMech,inc case,FR,1,0.14899598449448048
UNIPV-BayesINGARCHX,inc case,FR,4,0.19134050039388645
USC-SIkJalpha,inc case,FR,4,0.12715666165416503
epiforecasts-EpiExpert,inc case,FR,4,0.19318031289767382
epiforecasts-EpiNow2,inc case,FR,4,0.13483726537824214
IEM_Health-CovidProject,inc death,FR,1,0.10631151722367772
ILM-EKF,inc death,FR,1,0.10913394688448333
LANL-GrowthRate,inc death,FR,1,0.09865708798357292
RobertWalraven-ESG,inc death,FR,1,0.14339693020868158
USC-SIkJalpha,inc death,FR,1,0.12981195787312225
epiforecasts-EpiExpert,inc death,FR,1,0.0725419764585095
epiforecasts-EpiNow2,inc death,FR,1,0.06015676096559325
IEM_Health-CovidProject,inc death,FR,2,0.14629410064466136
ILM-EKF,inc death,FR,2,0.16080260649371872
LANL-GrowthRate,inc death,FR,2,0.1389793956124283
RobertWalraven-ESG,inc death,FR,2,0.17688286714309057
USC-SIkJalpha,inc death,FR,2,0.18530586081657108
epiforecasts-EpiExpert,inc death,FR,2,0.09092109993336432
epiforecasts-EpiNow2,inc death,FR,2,0.10081406935616563
IEM_Health-CovidProject,inc death,FR,3,0.12505723079612813
ILM-EKF,inc death,FR,3,0.1244191837002295
LANL-GrowthRate,inc death,FR,3,0.15053185188422827
RobertWalraven-ESG,inc death,FR,3,0.11186311929011458
USC-SIkJalpha,inc death,FR,3,0.2771154546050566
epiforecasts-EpiExpert,inc death,FR,3,0.12834821055392096
epiforecasts-EpiNow2,inc death,FR,3,0.08266494917032197
IEM_Health-CovidProject,inc death,FR,4,0.1171960869246226
ILM-EKF,inc death,FR,4,0.06739711069147625
LANL-GrowthRate,inc death,FR,4,0.3458245187939683
RobertWalraven-ESG,inc death,FR,4,0.08645612969849208
UMass-MechBayes,inc death,FR,1,0.15415169997433267
UMass-SemiMech,inc death,FR,1,0.1258381224280267
USC-SIkJalpha,inc death,FR,4,0.190047708526415
epiforecasts-EpiExpert,inc death,FR,4,0.1171960869246226
epiforecasts-EpiNow2,inc death,FR,4,0.07588235844040313
IEM_Health-CovidProject,inc case,GB,1,0.1667718670559408
ILM-EKF,inc case,GB,1,0.11511686398551667
LANL-GrowthRate,inc case,GB,1,0.1667718670559408
USC-SIkJalpha,inc case,GB,1,0.13838516628046152
epiforecasts-EpiExpert,inc case,GB,1,0.11511686398551667
epiforecasts-EpiNow2,inc case,GB,1,0.18852471928062878
IEM_Health-CovidProject,inc case,GB,2,0.2077144082219807
ILM-EKF,inc case,GB,2,0.1422188740979327
LANL-GrowthRate,inc case,GB,2,0.15476759828304443
USC-SIkJalpha,inc case,GB,2,0.1948925311712411
epiforecasts-EpiExpert,inc case,GB,2,0.14094906272205832
epiforecasts-EpiNow2,inc case,GB,2,0.15945752550374276
IEM_Health-CovidProject,inc case,GB,3,0.22812612769261367
ILM-EKF,inc case,GB,3,0.16729249364125004
LANL-GrowthRate,inc case,GB,3,0.1814014991290663
USC-SIkJalpha,inc case,GB,3,0.1730612003185345
epiforecasts-EpiExpert,inc case,GB,3,0.11070826785082721
epiforecasts-EpiNow2,inc case,GB,3,0.13941041136770835
IEM_Health-CovidProject,inc case,GB,4,0.3054215628015049
ILM-EKF,inc case,GB,4,0.15271078140075245
LANL-GrowthRate,inc case,GB,4,0.16119471370079422
UMass-SemiMech,inc case,GB,1,0.10931265235599481
USC-SIkJalpha,inc case,GB,4,0.1634650617810871
epiforecasts-EpiExpert,inc case,GB,4,0.07392369035959989
epiforecasts-EpiNow2,inc case,GB,4,0.14328418995626152
IEM_Health-CovidProject,inc death,GB,1,0.10363843273955267
ILM-EKF,inc death,GB,1,0.1289160992613948
LANL-GrowthRate,inc death,GB,1,0.24025273044169032
RobertWalraven-ESG,inc death,GB,1,0.1289160992613948
USC-SIkJalpha,inc death,GB,1,0.0644580496306974
epiforecasts-EpiExpert,inc death,GB,1,0.12012636522084516
epiforecasts-EpiNow2,inc death,GB,1,0.06075356401973777
IEM_Health-CovidProject,inc death,GB,2,0.14100415660315352
ILM-EKF,inc death,GB,2,0.14515133767971683
LANL-GrowthRate,inc death,GB,2,0.27417474895057625
RobertWalraven-ESG,inc death,GB,2,0.17017743038311633
USC-SIkJalpha,inc death,GB,2,0.07592531509400573
epiforecasts-EpiExpert,inc death,GB,2,0.13338231030028036
epiforecasts-EpiNow2,inc death,GB,2,0.06018470098915089
IEM_Health-CovidProject,inc death,GB,3,0.14357676304162192
ILM-EKF,inc death,GB,3,0.1256296676614192
LANL-GrowthRate,inc death,GB,3,0.30924225885887796
RobertWalraven-ESG,inc death,GB,3,0.1914356840554959
USC-SIkJalpha,inc death,GB,3,0.06484111879299055
epiforecasts-EpiExpert,inc death,GB,3,0.10865268554501119
epiforecasts-EpiNow2,inc death,GB,3,0.0566218220445833
IEM_Health-CovidProject,inc death,GB,4,0.14884525161998471
ILM-EKF,inc death,GB,4,0.12318227720274598
LANL-GrowthRate,inc death,GB,4,0.32475327626178485
RobertWalraven-ESG,inc death,GB,4,0.19846033549331293
UMass-MechBayes,inc death,GB,1,0.09788074203179974
UMass-SemiMech,inc death,GB,1,0.055057917392887366
USC-SIkJalpha,inc death,GB,4,0.06267168489262515
epiforecasts-EpiExpert,inc death,GB,4,0.08712892777755202
epiforecasts-EpiNow2,inc death,GB,4,0.05495824675199435
IEM_Health-CovidProject,inc case,GR,1,0.14905111717252884
ILM-EKF,inc case,GR,1,0.16892459946219932
LANL-GrowthRate,inc case,GR,1,0.15203213951597938
USC-SIkJalpha,inc case,GR,1,0.11016821704056479
epiforecasts-EpiNow2,inc case,GR,1,0.15727462708549594
DSMPG-bayes,inc case,GR,1,0.12599348578672326
IEM_Health-CovidProject,inc case,GR,2,0.17887535458034373
ILM-EKF,inc case,GR,2,0.16044577259327802
LANL-GrowthRate,inc case,GR,2,0.240668658889917
USC-SIkJalpha,inc case,GR,2,0.15041791180619815
epiforecasts-EpiNow2,inc case,GR,2,0.13788308582234832
DSMPG-bayes,inc case,GR,2,0.1317092163079148
IEM_Health-CovidProject,inc case,GR,3,0.17731235410431914
ILM-EKF,inc case,GR,3,0.15615576639869017
LANL-GrowthRate,inc case,GR,3,0.286285571730932
USC-SIkJalpha,inc case,GR,3,0.16262375672289625
epiforecasts-EpiNow2,inc case,GR,3,0.11695070164327433
DSMPG-bayes,inc case,GR,3,0.10067184939988816
IEM_Health-CovidProject,inc case,GR,4,0.1641855627027753
ILM-EKF,inc case,GR,4,0.14239790509292835
LANL-GrowthRate,inc case,GR,4,0.39534155229747214
UMass-SemiMech,inc case,GR,1,0.13655581393650845
USC-SIkJalpha,inc case,GR,4,0.17884498794409454
epiforecasts-EpiNow2,inc case,GR,4,0.11922999196272968
IEM_Health-CovidProject,inc death,GR,1,0.14071242195087505
ILM-EKF,inc death,GR,1,0.06358116843706205
LANL-GrowthRate,inc death,GR,1,0.13205319598466733
RobertWalraven-ESG,inc death,GR,1,0.16506649498083417
USC-SIkJalpha,inc death,GR,1,0.08498473008914235
epiforecasts-EpiNow2,inc death,GR,1,0.17517260691843628
IEM_Health-CovidProject,inc death,GR,2,0.15673594814764621
ILM-EKF,inc death,GR,2,0.11117317252333045
LANL-GrowthRate,inc death,GR,2,0.20784549645666126
RobertWalraven-ESG,inc death,GR,2,0.18386332378858494
USC-SIkJalpha,inc death,GR,2,0.11803571403711627
epiforecasts-EpiNow2,inc death,GR,2,0.2223463450466609
IEM_Health-CovidProject,inc death,GR,3,0.14292858717791362
ILM-EKF,inc death,GR,3,0.14679152196650586
LANL-GrowthRate,inc death,GR,3,0.2129916201082634
RobertWalraven-ESG,inc death,GR,3,0.14679152196650586
USC-SIkJalpha,inc death,GR,3,0.17807496107412188
epiforecasts-EpiNow2,inc death,GR,3,0.17242178770668942
IEM_Health-CovidProject,inc death,GR,4,0.12818175985984295
ILM-EKF,inc death,GR,4,0.16835813235322653
LANL-GrowthRate,inc death,GR,4,0.26232546203874835
RobertWalraven-ESG,inc death,GR,4,0.1054205127819269
UMass-MechBayes,inc death,GR,1,0.11921469081949135
UMass-SemiMech,inc death,GR,1,0.11921469081949135
USC-SIkJalpha,inc death,GR,4,0.1790475375820028
epiforecasts-EpiNow2,inc death,GR,4,0.15666659538425248
IEM_Health-CovidProject,inc case,HR,1,0.16316501803482275
ILM-EKF,inc case,HR,1,0.14747607399301285
LANL-GrowthRate,inc case,HR,1,0.16144749152919302
USC-SIkJalpha,inc case,HR,1,0.12270009356218671
epiforecasts-EpiNow2,inc case,HR,1,0.17629323787670503
IEM_Health-CovidProject,inc case,HR,2,0.153881763101704
ILM-EKF,inc case,HR,2,0.16394879433265658
LANL-GrowthRate,inc case,HR,2,0.25423943468977184
USC-SIkJalpha,inc case,HR,2,0.21657433325425005
epiforecasts-EpiNow2,inc case,HR,2,0.21135567462161756
IEM_Health-CovidProject,inc case,HR,3,0.15457727105187427
ILM-EKF,inc case,HR,3,0.13842740691212618
LANL-GrowthRate,inc case,HR,3,0.2576287850864571
USC-SIkJalpha,inc case,HR,3,0.19525550027605168
epiforecasts-EpiNow2,inc case,HR,3,0.15329977294400754
DSMPG-bayes,inc case,HR,3,0.10081126372948321
IEM_Health-CovidProject,inc case,HR,4,0.16154349247874428
ILM-EKF,inc case,HR,4,0.18639633747547416
LANL-GrowthRate,inc case,HR,4,0.24231523871811642
UMass-SemiMech,inc case,HR,1,0.22891808500407965
USC-SIkJalpha,inc case,HR,4,0.2609548724656638
epiforecasts-EpiNow2,inc case,HR,4,0.1487900588620013
IEM_Health-CovidProject,inc death,HR,1,0.09246785455173427
ILM-EKF,inc death,HR,1,0.08249583102164529
LANL-GrowthRate,inc death,HR,1,0.19568778521413535
RobertWalraven-ESG,inc death,HR,1,0.10017350909771214
USC-SIkJalpha,inc death,HR,1,0.09784389260706768
epiforecasts-EpiNow2,inc death,HR,1,0.14261991125775966
IEM_Health-CovidProject,inc death,HR,2,0.08974022953712352
ILM-EKF,inc death,HR,2,0.15176656465837063
LANL-GrowthRate,inc death,HR,2,0.22933614215042675
RobertWalraven-ESG,inc death,HR,2,0.08820620851939491
USC-SIkJalpha,inc death,HR,2,0.2345483271993001
epiforecasts-EpiNow2,inc death,HR,2,0.20640252793538408
IEM_Health-CovidProject,inc death,HR,3,0.11646062821920643
ILM-EKF,inc death,HR,3,0.1697561699466399
LANL-GrowthRate,inc death,HR,3,0.17885025047949557
RobertWalraven-ESG,inc death,HR,3,0.06767306774899833
USC-SIkJalpha,inc death,HR,3,0.2945768831426986
epiforecasts-EpiNow2,inc death,HR,3,0.17268300046296126
IEM_Health-CovidProject,inc death,HR,4,0.1119073752249215
ILM-EKF,inc death,HR,4,0.21759767404845848
LANL-GrowthRate,inc death,HR,4,0.15260096621580205
RobertWalraven-ESG,inc death,HR,4,0.0695282508793891
UMass-MechBayes,inc death,HR,1,0.15299226844014216
UMass-SemiMech,inc death,HR,1,0.13571894780980354
USC-SIkJalpha,inc death,HR,4,0.29375685996541895
epiforecasts-EpiNow2,inc death,HR,4,0.15460887366601
IEM_Health-CovidProject,inc case,HU,1,0.07519234235454246
ILM-EKF,inc case,HU,1,0.11588466880523604
LANL-GrowthRate,inc case,HU,1,0.26622153644446117
USC-SIkJalpha,inc case,HU,1,0.0965705573376967
epiforecasts-EpiNow2,inc case,HU,1,0.1515414899760779
IEM_Health-CovidProject,inc case,HU,2,0.07400048738476069
ILM-EKF,inc case,HU,2,0.11993182438219838
LANL-GrowthRate,inc case,HU,2,0.2898352422569794
USC-SIkJalpha,inc case,HU,2,0.163671666215706
epiforecasts-EpiNow2,inc case,HU,2,0.2076431586318658
DSMPG-bayes,inc case,HU,1,0.16147863685975514
IEM_Health-CovidProject,inc case,HU,3,0.07669314853003395
ILM-EKF,inc case,HU,3,0.11087161689667951
LANL-GrowthRate,inc case,HU,3,0.33443241818014807
USC-SIkJalpha,inc case,HU,3,0.24878509157303696
epiforecasts-EpiNow2,inc case,HU,3,0.2292177248201015
DSMPG-bayes,inc case,HU,2,0.1449176211284897
IEM_Health-CovidProject,inc case,HU,4,0.06559247348989733
ILM-EKF,inc case,HU,4,0.08399244007927112
LANL-GrowthRate,inc case,HU,4,0.33684468156791025
UMass-SemiMech,inc case,HU,1,0.13311076822223059
USC-SIkJalpha,inc case,HU,4,0.2994174947270313
epiforecasts-EpiNow2,inc case,HU,4,0.21415291013588997
IEM_Health-CovidProject,inc death,HU,1,0.10646893149806134
ILM-EKF,inc death,HU,1,0.1042736957970704
LANL-GrowthRate,inc death,HU,1,0.18061693736278261
RobertWalraven-ESG,inc death,HU,1,0.09452849058239092
USC-SIkJalpha,inc death,HU,1,0.0842879041026319
epiforecasts-EpiNow2,inc death,HU,1,0.0981994999253964
IEM_Health-CovidProject,inc death,HU,2,0.15101904163355911
ILM-EKF,inc death,HU,2,0.17591229025447544
LANL-GrowthRate,inc death,HU,2,0.23541203548760686
RobertWalraven-ESG,inc death,HU,2,0.14686255424914924
USC-SIkJalpha,inc death,HU,2,0.16169715568845724
epiforecasts-EpiNow2,inc death,HU,2,0.12909692268675216
IEM_Health-CovidProject,inc death,HU,3,0.12227529553425888
ILM-EKF,inc death,HU,3,0.12505427952367387
LANL-GrowthRate,inc death,HU,3,0.30568823883564716
RobertWalraven-ESG,inc death,HU,3,0.16507164897124948
USC-SIkJalpha,inc death,HU,3,0.1587227393954322
epiforecasts-EpiNow2,inc death,HU,3,0.12318779773973842
IEM_Health-CovidProject,inc death,HU,4,0.1284344329984881
ILM-EKF,inc death,HU,4,0.07575624758895197
LANL-GrowthRate,inc death,HU,4,0.3232266563795284
RobertWalraven-ESG,inc death,HU,4,0.18828737264826897
UMass-MechBayes,inc death,HU,1,0.16581227036583324
UMass-SemiMech,inc death,HU,1,0.16581227036583324
USC-SIkJalpha,inc death,HU,4,0.18828737264826897
epiforecasts-EpiNow2,inc death,HU,4,0.09600791773649359
IEM_Health-CovidProject,inc case,IE,1,0.17780702818620323
ILM-EKF,inc case,IE,1,0.15558114966292783
LANL-GrowthRate,inc case,IE,1,0.2050010442617402
USC-SIkJalpha,inc case,IE,1,0.17780702818620323
epiforecasts-EpiNow2,inc case,IE,1,0.13613350595506185
IEM_Health-CovidProject,inc case,IE,2,0.24480230644632642
ILM-EKF,inc case,IE,2,0.2004846475206984
LANL-GrowthRate,inc case,IE,2,0.23025959517228725
USC-SIkJalpha,inc case,IE,2,0.2673128633609312
epiforecasts-EpiNow2,inc case,IE,2,0.057140587499756784
IEM_Health-CovidProject,inc case,IE,3,0.2478442932672486
ILM-EKF,inc case,IE,3,0.19866883825390563
LANL-GrowthRate,inc case,IE,3,0.2607528502082512
USC-SIkJalpha,inc case,IE,3,0.26630078319140543
epiforecasts-EpiNow2,inc case,IE,3,0.026433235079189134
IEM_Health-CovidProject,inc case,IE,4,0.24378562589454042
ILM-EKF,inc case,IE,4,0.16593811510468717
LANL-GrowthRate,inc case,IE,4,0.2820947956779682
UMass-SemiMech,inc case,IE,1,0.14767024374786372
USC-SIkJalpha,inc case,IE,4,0.29039170143320253
epiforecasts-EpiNow2,inc case,IE,4,0.017789761889601602
IEM_Health-CovidProject,inc death,IE,1,0.08564639679367345
ILM-EKF,inc death,IE,1,0.10229986283688772
LANL-GrowthRate,inc death,IE,1,0.12846959519051018
RobertWalraven-ESG,inc death,IE,1,0.12413915939757164
USC-SIkJalpha,inc death,IE,1,0.09777332023348563
epiforecasts-EpiNow2,inc death,IE,1,0.1187998407138051
IEM_Health-CovidProject,inc death,IE,2,0.11240148532776438
ILM-EKF,inc death,IE,2,0.18265241365761714
LANL-GrowthRate,inc death,IE,2,0.22056140517146217
RobertWalraven-ESG,inc death,IE,2,0.18555165831884915
USC-SIkJalpha,inc death,IE,2,0.17447394737444022
epiforecasts-EpiNow2,inc death,IE,2,0.12435909014986699
IEM_Health-CovidProject,inc death,IE,3,0.11005354483869996
ILM-EKF,inc death,IE,3,0.1591543571513507
LANL-GrowthRate,inc death,IE,3,0.28736203374549435
RobertWalraven-ESG,inc death,IE,3,0.19518930594033576
USC-SIkJalpha,inc death,IE,3,0.19518930594033576
epiforecasts-EpiNow2,inc death,IE,3,0.05305145238378357
IEM_Health-CovidProject,inc death,IE,4,0.1113438709434871
ILM-EKF,inc death,IE,4,0.15959288168566485
LANL-GrowthRate,inc death,IE,4,0.33019216900482384
RobertWalraven-ESG,inc death,IE,4,0.18414563271422865
UMass-MechBayes,inc death,IE,1,0.18726076587091314
UMass-SemiMech,inc death,IE,1,0.1556110589631532
USC-SIkJalpha,inc death,IE,4,0.19541985512530388
epiforecasts-EpiNow2,inc death,IE,4,0.019305590526491716
IEM_Health-CovidProject,inc case,IS,1,0.15960280569248486
ILM-EKF,inc case,IS,1,0.20079062651635196
LANL-GrowthRate,inc case,IS,1,0.20079062651635196
USC-SIkJalpha,inc case,IS,1,0.11473750086648683
epiforecasts-EpiNow2,inc case,IS,1,0.10374182370011518
IEM_Health-CovidProject,inc case,IS,2,0.23147203129218472
ILM-EKF,inc case,IS,2,0.288809139960891
LANL-GrowthRate,inc case,IS,2,0.26453946433392544
USC-SIkJalpha,inc case,IS,2,0.13687041850320492
epiforecasts-EpiNow2,inc case,IS,2,0.07830894590979386
IEM_Health-CovidProject,inc case,IS,3,0.23722719982886886
ILM-EKF,inc case,IS,3,0.31686775977141773
LANL-GrowthRate,inc case,IS,3,0.29772809642952003
USC-SIkJalpha,inc case,IS,3,0.10953453424197157
epiforecasts-EpiNow2,inc case,IS,3,0.03864240972822167
IEM_Health-CovidProject,inc case,IS,4,0.2373565288794983
ILM-EKF,inc case,IS,4,0.23592667027179048
LANL-GrowthRate,inc case,IS,4,0.2373565288794983
UMass-SemiMech,inc case,IS,1,0.22033661670820923
USC-SIkJalpha,inc case,IS,4,0.2628444782893773
epiforecasts-EpiNow2,inc case,IS,4,0.02651579367983562
USC-SIkJalpha,inc death,IS,1,NA
USC-SIkJalpha,inc death,IS,2,NA
USC-SIkJalpha,inc death,IS,3,NA
USC-SIkJalpha,inc death,IS,4,NA
IEM_Health-CovidProject,inc case,IT,1,0.1234263482929881
ILM-EKF,inc case,IT,1,0.12808394634178008
LANL-GrowthRate,inc case,IT,1,0.18102531082971587
UNIPV-BayesINGARCHX,inc case,IT,1,0.05852111341477884
USC-SIkJalpha,inc case,IT,1,0.11128605173957944
epiforecasts-EpiExpert,inc case,IT,1,0.12455870011218982
epiforecasts-EpiNow2,inc case,IT,1,0.15605630243941024
IEM_Health-CovidProject,inc case,IT,2,0.10488081360107876
ILM-EKF,inc case,IT,2,0.1078774082753953
LANL-GrowthRate,inc case,IT,2,0.25171395264258906
UNIPV-BayesINGARCHX,inc case,IT,2,0.0853267636076573
USC-SIkJalpha,inc case,IT,2,0.15732122040161817
epiforecasts-EpiExpert,inc case,IT,2,0.1269145979710533
epiforecasts-EpiNow2,inc case,IT,2,0.16596524350060815
IEM_Health-CovidProject,inc case,IT,3,0.07831569734449662
ILM-EKF,inc case,IT,3,0.08816672845701191
LANL-GrowthRate,inc case,IT,3,0.26450018537103576
UNIPV-BayesINGARCHX,inc case,IT,3,0.097350762671284
USC-SIkJalpha,inc case,IT,3,0.18691346432886527
epiforecasts-EpiExpert,inc case,IT,3,0.1158554530964041
epiforecasts-EpiNow2,inc case,IT,3,0.16889770873090237
IEM_Health-CovidProject,inc case,IT,4,0.06208188900688989
ILM-EKF,inc case,IT,4,0.0731007524236972
LANL-GrowthRate,inc case,IT,4,0.24123248299820077
UMass-SemiMech,inc case,IT,1,0.11704222682955769
UNIPV-BayesINGARCHX,inc case,IT,4,0.12236430297010185
USC-SIkJalpha,inc case,IT,4,0.2520339374608067
epiforecasts-EpiExpert,inc case,IT,4,0.11409644466131116
epiforecasts-EpiNow2,inc case,IT,4,0.13509019047899243
IEM_Health-CovidProject,inc death,IT,1,0.0768981480628067
ILM-EKF,inc death,IT,1,0.11919212949735038
LANL-GrowthRate,inc death,IT,1,0.2028802204210219
RobertWalraven-ESG,inc death,IT,1,0.08513723535525027
USC-SIkJalpha,inc death,IT,1,0.08364359964726344
epiforecasts-EpiExpert,inc death,IT,1,0.05959606474867519
epiforecasts-EpiNow2,inc death,IT,1,0.1945993950977149
IEM_Health-CovidProject,inc death,IT,2,0.07810566827178457
ILM-EKF,inc death,IT,2,0.18533548403474304
LANL-GrowthRate,inc death,IT,2,0.17636763803306194
RobertWalraven-ESG,inc death,IT,2,0.07810566827178457
USC-SIkJalpha,inc death,IT,2,0.14579724744066452
epiforecasts-EpiExpert,inc death,IT,2,0.0759360663753461
epiforecasts-EpiNow2,inc death,IT,2,0.2603522275726152
IEM_Health-CovidProject,inc death,IT,3,0.08044211582408353
ILM-EKF,inc death,IT,3,0.16088423164816706
LANL-GrowthRate,inc death,IT,3,0.16873224294807765
RobertWalraven-ESG,inc death,IT,3,0.08984444105027511
USC-SIkJalpha,inc death,IT,3,0.186973566510032
epiforecasts-EpiExpert,inc death,IT,3,0.10026118783871282
epiforecasts-EpiNow2,inc death,IT,3,0.2128622141806518
IEM_Health-CovidProject,inc death,IT,4,0.08507968911234973
ILM-EKF,inc death,IT,4,0.12215012508273067
LANL-GrowthRate,inc death,IT,4,0.17101017511582292
RobertWalraven-ESG,inc death,IT,4,0.09772010006618452
UMass-MechBayes,inc death,IT,1,0.08364359964726344
UMass-SemiMech,inc death,IT,1,0.09440960752265376
USC-SIkJalpha,inc death,IT,4,0.24085940157158162
epiforecasts-EpiExpert,inc death,IT,4,0.10688135944738933
epiforecasts-EpiNow2,inc death,IT,4,0.1762991496039412
IEM_Health-CovidProject,inc case,LI,1,0.2321003256040411
ILM-EKF,inc case,LI,1,0.1001800550684109
LANL-GrowthRate,inc case,LI,1,0.15732975091280638
USC-SIkJalpha,inc case,LI,1,0.1723686241618246
epiforecasts-EpiNow2,inc case,LI,1,0.14743479802520848
IEM_Health-CovidProject,inc case,LI,2,0.24491280013505265
ILM-EKF,inc case,LI,2,0.1490773566039451
LANL-GrowthRate,inc case,LI,2,0.18368460010128948
USC-SIkJalpha,inc case,LI,2,0.25088628306517585
epiforecasts-EpiNow2,inc case,LI,2,0.17143896009453685
IEM_Health-CovidProject,inc case,LI,3,0.2728316708546306
ILM-EKF,inc case,LI,3,0.143274732180644
LANL-GrowthRate,inc case,LI,3,0.16335144624417372
USC-SIkJalpha,inc case,LI,3,0.20682400855109095
epiforecasts-EpiNow2,inc case,LI,3,0.21371814216946064
IEM_Health-CovidProject,inc case,LI,4,0.2621117816550079
ILM-EKF,inc case,LI,4,0.1587232455577548
LANL-GrowthRate,inc case,LI,4,0.19174620268722056
UMass-SemiMech,inc case,LI,1,0.19058644622770854
USC-SIkJalpha,inc case,LI,4,0.17420844024631624
epiforecasts-EpiNow2,inc case,LI,4,0.21321032985370045
IEM_Health-CovidProject,inc death,LI,1,0.04002345518022739
ILM-EKF,inc death,LI,1,0.07608419202577879
LANL-GrowthRate,inc death,LI,1,0.15682659988987058
RobertWalraven-ESG,inc death,LI,1,0.16525813751835824
USC-SIkJalpha,inc death,LI,1,0.08634273477082763
epiforecasts-EpiNow2,inc death,LI,1,0.16177901883376122
IEM_Health-CovidProject,inc death,LI,2,0.03564347056091428
ILM-EKF,inc death,LI,2,0.10495021887380317
LANL-GrowthRate,inc death,LI,2,0.21589759311182366
RobertWalraven-ESG,inc death,LI,2,0.2518805252971276
USC-SIkJalpha,inc death,LI,2,0.17573059904450763
epiforecasts-EpiNow2,inc death,LI,2,0.21589759311182366
IEM_Health-CovidProject,inc death,LI,3,0.028537555929754665
ILM-EKF,inc death,LI,3,0.1599233332301103
LANL-GrowthRate,inc death,LI,3,0.2647910927252646
RobertWalraven-ESG,inc death,LI,3,0.2447311614581991
USC-SIkJalpha,inc death,LI,3,0.15383101577372513
epiforecasts-EpiNow2,inc death,LI,3,0.14818584088294623
IEM_Health-CovidProject,inc death,LI,4,0.02566722656906132
ILM-EKF,inc death,LI,4,0.18759256949239878
LANL-GrowthRate,inc death,LI,4,0.28669807790347734
RobertWalraven-ESG,inc death,LI,4,0.23376920198283538
UMass-MechBayes,inc death,LI,1,0.15524249282027594
UMass-SemiMech,inc death,LI,1,0.1584433689609002
USC-SIkJalpha,inc death,LI,4,0.14069442711929905
epiforecasts-EpiNow2,inc death,LI,4,0.1255784969329281
IEM_Health-CovidProject,inc case,LT,1,0.14464607830875437
ILM-EKF,inc case,LT,1,0.13094276562687235
LANL-GrowthRate,inc case,LT,1,0.1256521488338674
USC-SIkJalpha,inc case,LT,1,0.1337587390812137
epiforecasts-EpiNow2,inc case,LT,1,0.12316398747082054
DSMPG-bayes,inc case,LT,1,0.18028351789207067
IEM_Health-CovidProject,inc case,LT,2,0.16595512482106647
ILM-EKF,inc case,LT,2,0.17727024696795737
LANL-GrowthRate,inc case,LT,2,0.15293903659980634
USC-SIkJalpha,inc case,LT,2,0.18139281085093312
epiforecasts-EpiNow2,inc case,LT,2,0.13220154011169702
DSMPG-bayes,inc case,LT,2,0.19024124064853962
IEM_Health-CovidProject,inc case,LT,3,0.17255991541721014
ILM-EKF,inc case,LT,3,0.19617337752693365
LANL-GrowthRate,inc case,LT,3,0.15928607576973247
USC-SIkJalpha,inc case,LT,3,0.170976796927144
epiforecasts-EpiNow2,inc case,LT,3,0.1218069991180307
DSMPG-bayes,inc case,LT,3,0.17919683524094898
IEM_Health-CovidProject,inc case,LT,4,0.2067910473948001
ILM-EKF,inc case,LT,4,0.24617981832714295
LANL-GrowthRate,inc case,LT,4,0.19731970171259547
UMass-SemiMech,inc case,LT,1,0.16155276278640096
USC-SIkJalpha,inc case,LT,4,0.20845871713185493
epiforecasts-EpiNow2,inc case,LT,4,0.1412507154336066
IEM_Health-CovidProject,inc death,LT,1,0.12578926290432071
ILM-EKF,inc death,LT,1,0.06873021581370102
LANL-GrowthRate,inc death,LT,1,0.12121510788961816
RobertWalraven-ESG,inc death,LT,1,0.13468345321068684
USC-SIkJalpha,inc death,LT,1,0.12345983210979626
epiforecasts-EpiNow2,inc death,LT,1,0.10582271323696822
IEM_Health-CovidProject,inc death,LT,2,0.16852146926172054
ILM-EKF,inc death,LT,2,0.1364713738806571
LANL-GrowthRate,inc death,LT,2,0.15776477973437666
RobertWalraven-ESG,inc death,LT,2,0.14539107151991576
USC-SIkJalpha,inc death,LT,2,0.21389263406295297
epiforecasts-EpiNow2,inc death,LT,2,0.1779586715403769
IEM_Health-CovidProject,inc death,LT,3,0.17270925873257312
ILM-EKF,inc death,LT,3,0.1619149300617873
LANL-GrowthRate,inc death,LT,3,0.18909772853931364
RobertWalraven-ESG,inc death,LT,3,0.1239540134444305
USC-SIkJalpha,inc death,LT,3,0.20082471945648037
epiforecasts-EpiNow2,inc death,LT,3,0.15149934976541501
IEM_Health-CovidProject,inc death,LT,4,0.16993037800152946
ILM-EKF,inc death,LT,4,0.1722113226726909
LANL-GrowthRate,inc death,LT,4,0.21931185536949527
RobertWalraven-ESG,inc death,LT,4,0.10647090073954749
UMass-MechBayes,inc death,LT,1,0.16878052997288603
UMass-SemiMech,inc death,LT,1,0.15151888486202272
USC-SIkJalpha,inc death,LT,4,0.2138290589852579
epiforecasts-EpiNow2,inc death,LT,4,0.11824648423147902
IEM_Health-CovidProject,inc case,LU,1,0.18609045449478712
ILM-EKF,inc case,LU,1,0.23261306811848392
LANL-GrowthRate,inc case,LU,1,0.16712006835696902
USC-SIkJalpha,inc case,LU,1,0.23579954850366863
epiforecasts-EpiNow2,inc case,LU,1,0.1783768605260913
IEM_Health-CovidProject,inc case,LU,2,0.17022093207266875
ILM-EKF,inc case,LU,2,0.22028591209404186
LANL-GrowthRate,inc case,LU,2,0.21399202889135496
USC-SIkJalpha,inc case,LU,2,0.19709792134730064
epiforecasts-EpiNow2,inc case,LU,2,0.19840320559463376
IEM_Health-CovidProject,inc case,LU,3,0.16658507716593343
ILM-EKF,inc case,LU,3,0.18850416626671415
LANL-GrowthRate,inc case,LU,3,0.23679862208711197
USC-SIkJalpha,inc case,LU,3,0.182500848869685
epiforecasts-EpiNow2,inc case,LU,3,0.2256112856105555
IEM_Health-CovidProject,inc case,LU,4,0.1759278358938029
ILM-EKF,inc case,LU,4,0.17389398808000175
LANL-GrowthRate,inc case,LU,4,0.24862528874248183
USC-SIkJalpha,inc case,LU,4,0.17190662821623026
epiforecasts-EpiNow2,inc case,LU,4,0.22964625906748318
IEM_Health-CovidProject,inc death,LU,1,0.14845986412636256
ILM-EKF,inc death,LU,1,0.15923517684521146
LANL-GrowthRate,inc death,LU,1,0.1954966527604576
RobertWalraven-ESG,inc death,LU,1,0.16318315643641504
USC-SIkJalpha,inc death,LU,1,0.13617353054349118
epiforecasts-EpiNow2,inc death,LU,1,0.1974516192880622
IEM_Health-CovidProject,inc death,LU,2,0.12282670109484907
ILM-EKF,inc death,LU,2,0.1549955990006429
LANL-GrowthRate,inc death,LU,2,0.2099940373557097
RobertWalraven-ESG,inc death,LU,2,0.16140037581885128
USC-SIkJalpha,inc death,LU,2,0.1385067054899362
epiforecasts-EpiNow2,inc death,LU,2,0.2122765812400109
IEM_Health-CovidProject,inc death,LU,3,0.08641641986296345
ILM-EKF,inc death,LU,3,0.12291528042620264
LANL-GrowthRate,inc death,LU,3,0.1978936014861863
RobertWalraven-ESG,inc death,LU,3,0.26385813531491503
USC-SIkJalpha,inc death,LU,3,0.1766907156126663
epiforecasts-EpiNow2,inc death,LU,3,0.15222584729706634
IEM_Health-CovidProject,inc death,LU,4,0.0477744411648836
ILM-EKF,inc death,LU,4,0.09469065883578727
LANL-GrowthRate,inc death,LU,4,0.22272309895178133
RobertWalraven-ESG,inc death,LU,4,0.4054702570660634
USC-SIkJalpha,inc death,LU,4,0.136321896772211
epiforecasts-EpiNow2,inc death,LU,4,0.09301964720927337
IEM_Health-CovidProject,inc case,LV,1,0.11311342912330388
ILM-EKF,inc case,LV,1,0.13642688398077873
LANL-GrowthRate,inc case,LV,1,0.09165088103324112
USC-SIkJalpha,inc case,LV,1,0.11680994641491514
epiforecasts-EpiNow2,inc case,LV,1,0.16860303586303788
DSMPG-bayes,inc case,LV,1,0.24482084659564404
IEM_Health-CovidProject,inc case,LV,2,0.13419313184938095
ILM-EKF,inc case,LV,2,0.16565910759337374
LANL-GrowthRate,inc case,LV,2,0.12255393163795505
USC-SIkJalpha,inc case,LV,2,0.15202892785467842
epiforecasts-EpiNow2,inc case,LV,2,0.1779301526002903
DSMPG-bayes,inc case,LV,2,0.24763474846432157
IEM_Health-CovidProject,inc case,LV,3,0.1301476702666027
ILM-EKF,inc case,LV,3,0.16646795034100348
LANL-GrowthRate,inc case,LV,3,0.15230046520559892
USC-SIkJalpha,inc case,LV,3,0.20748179317864204
epiforecasts-EpiNow2,inc case,LV,3,0.15646168010192674
DSMPG-bayes,inc case,LV,3,0.18714044090622614
IEM_Health-CovidProject,inc case,LV,4,0.15572314930147096
ILM-EKF,inc case,LV,4,0.17408672822853122
LANL-GrowthRate,inc case,LV,4,0.21089363648256354
UMass-SemiMech,inc case,LV,1,0.12857497698907927
USC-SIkJalpha,inc case,LV,4,0.2774916269507415
epiforecasts-EpiNow2,inc case,LV,4,0.18180485903669275
IEM_Health-CovidProject,inc death,LV,1,0.08451574727183217
ILM-EKF,inc death,LV,1,0.06790784933631931
LANL-GrowthRate,inc death,LV,1,0.11187696041738937
RobertWalraven-ESG,inc death,LV,1,0.09256486605962572
USC-SIkJalpha,inc death,LV,1,0.2130259931235222
epiforecasts-EpiNow2,inc death,LV,1,0.12440717998413697
IEM_Health-CovidProject,inc death,LV,2,0.11113845601515884
ILM-EKF,inc death,LV,2,0.11458460969004748
LANL-GrowthRate,inc death,LV,2,0.1660833106743385
RobertWalraven-ESG,inc death,LV,2,0.11547980195325099
USC-SIkJalpha,inc death,LV,2,0.26875299363665683
epiforecasts-EpiNow2,inc death,LV,2,0.22396082803054737
IEM_Health-CovidProject,inc death,LV,3,0.11304046685579844
ILM-EKF,inc death,LV,3,0.13564856022695812
LANL-GrowthRate,inc death,LV,3,0.17120692067480153
RobertWalraven-ESG,inc death,LV,3,0.10496614779466999
USC-SIkJalpha,inc death,LV,3,0.251918754707208
epiforecasts-EpiNow2,inc death,LV,3,0.223219149740564
IEM_Health-CovidProject,inc death,LV,4,0.11664552468431641
ILM-EKF,inc death,LV,4,0.1450591781330601
LANL-GrowthRate,inc death,LV,4,0.16517687437049183
RobertWalraven-ESG,inc death,LV,4,0.10380381554475862
UMass-MechBayes,inc death,LV,1,0.13291365382920617
UMass-SemiMech,inc death,LV,1,0.17278774997796803
USC-SIkJalpha,inc death,LV,4,0.22857809887633718
epiforecasts-EpiNow2,inc death,LV,4,0.24073650839103594
IEM_Health-CovidProject,inc case,MT,1,0.10547987122878469
ILM-EKF,inc case,MT,1,0.08333492588793485
LANL-GrowthRate,inc case,MT,1,0.22181796449582658
USC-SIkJalpha,inc case,MT,1,0.12891984261295905
epiforecasts-EpiNow2,inc case,MT,1,0.1587749640601706
IEM_Health-CovidProject,inc case,MT,2,0.17425768518973453
ILM-EKF,inc case,MT,2,0.1536855973548353
LANL-GrowthRate,inc case,MT,2,0.23295501072732933
USC-SIkJalpha,inc case,MT,2,0.26346102403686056
epiforecasts-EpiNow2,inc case,MT,2,0.17564068269124036
IEM_Health-CovidProject,inc case,MT,3,0.16920621414967638
ILM-EKF,inc case,MT,3,0.15932555930881936
LANL-GrowthRate,inc case,MT,3,0.22737085026362766
USC-SIkJalpha,inc case,MT,3,0.26947656327541053
epiforecasts-EpiNow2,inc case,MT,3,0.17462081300246604
IEM_Health-CovidProject,inc case,MT,4,0.1544336234960026
ILM-EKF,inc case,MT,4,0.15014380062111363
LANL-GrowthRate,inc case,MT,4,0.23500768792869958
UMass-SemiMech,inc case,MT,1,0.3016724317143242
USC-SIkJalpha,inc case,MT,4,0.27718855499282513
epiforecasts-EpiNow2,inc case,MT,4,0.183226332961359
IEM_Health-CovidProject,inc death,MT,1,0.11351885564796234
ILM-EKF,inc death,MT,1,0.08464700796871182
LANL-GrowthRate,inc death,MT,1,0.12516181520159952
RobertWalraven-ESG,inc death,MT,1,0.12410112185243344
USC-SIkJalpha,inc death,MT,1,0.12003223261137003
epiforecasts-EpiNow2,inc death,MT,1,0.19789097808901546
IEM_Health-CovidProject,inc death,MT,2,0.1615559981953286
ILM-EKF,inc death,MT,2,0.11847439867657432
LANL-GrowthRate,inc death,MT,2,0.16034129144198025
RobertWalraven-ESG,inc death,MT,2,0.21325391761783374
USC-SIkJalpha,inc death,MT,2,0.14707166732264398
epiforecasts-EpiNow2,inc death,MT,2,0.199302726745639
IEM_Health-CovidProject,inc death,MT,3,0.1542977865142323
ILM-EKF,inc death,MT,3,0.12615542293616477
LANL-GrowthRate,inc death,MT,3,0.16998908683771358
RobertWalraven-ESG,inc death,MT,3,0.2539077499601291
USC-SIkJalpha,inc death,MT,3,0.13645382480850476
epiforecasts-EpiNow2,inc death,MT,3,0.15919612894325555
IEM_Health-CovidProject,inc death,MT,4,0.1333414083641563
ILM-EKF,inc death,MT,4,0.11216365527102559
LANL-GrowthRate,inc death,MT,4,0.1733438308734032
RobertWalraven-ESG,inc death,MT,4,0.3231834134927856
UMass-MechBayes,inc death,MT,1,0.15096837503698088
UMass-SemiMech,inc death,MT,1,0.08367961359192654
USC-SIkJalpha,inc death,MT,4,0.1333414083641563
epiforecasts-EpiNow2,inc death,MT,4,0.12462628363447288
IEM_Health-CovidProject,inc case,NL,1,0.12981649037096066
ILM-EKF,inc case,NL,1,0.13872546520034032
LANL-GrowthRate,inc case,NL,1,0.1458762623756156
USC-SIkJalpha,inc case,NL,1,0.11230156706694215
epiforecasts-EpiExpert,inc case,NL,1,0.18376620065499627
epiforecasts-EpiNow2,inc case,NL,1,0.16647055824040838
IEM_Health-CovidProject,inc case,NL,2,0.15912419640580233
ILM-EKF,inc case,NL,2,0.17175310088245332
LANL-GrowthRate,inc case,NL,2,0.16271346399390316
USC-SIkJalpha,inc case,NL,2,0.16271346399390316
epiforecasts-EpiExpert,inc case,NL,2,0.20037861769619553
epiforecasts-EpiNow2,inc case,NL,2,0.14331715702774253
IEM_Health-CovidProject,inc case,NL,3,0.10996434745060438
ILM-EKF,inc case,NL,3,0.1320800821334075
LANL-GrowthRate,inc case,NL,3,0.15974550474243202
USC-SIkJalpha,inc case,NL,3,0.19867508152840285
epiforecasts-EpiExpert,inc case,NL,3,0.22953723011533925
epiforecasts-EpiNow2,inc case,NL,3,0.1014692476475534
DSMPG-bayes,inc case,NL,3,0.0685285063822607
IEM_Health-CovidProject,inc case,NL,4,0.09004768387670908
ILM-EKF,inc case,NL,4,0.10341720899377504
LANL-GrowthRate,inc case,NL,4,0.19572347817830155
UMass-SemiMech,inc case,NL,1,0.12304345609073664
USC-SIkJalpha,inc case,NL,4,0.26024770175356576
epiforecasts-EpiExpert,inc case,NL,4,0.2466931339539009
epiforecasts-EpiNow2,inc case,NL,4,0.10387079324374775
IEM_Health-CovidProject,inc death,NL,1,0.10248902046004986
ILM-EKF,inc death,NL,1,0.06517250531818555
LANL-GrowthRate,inc death,NL,1,0.25935997014379963
RobertWalraven-ESG,inc death,NL,1,0.26476330285512883
USC-SIkJalpha,inc death,NL,1,0.05525495016107036
epiforecasts-EpiExpert,inc death,NL,1,0.15498339679324613
epiforecasts-EpiNow2,inc death,NL,1,0.039224193015574636
IEM_Health-CovidProject,inc death,NL,2,0.13599470624727916
ILM-EKF,inc death,NL,2,0.06276678749874422
LANL-GrowthRate,inc death,NL,2,0.27862330060418167
RobertWalraven-ESG,inc death,NL,2,0.2929116749941397
USC-SIkJalpha,inc death,NL,2,0.053631715139772065
epiforecasts-EpiExpert,inc death,NL,2,0.14460196613634743
epiforecasts-EpiNow2,inc death,NL,2,0.031469849379535675
IEM_Health-CovidProject,inc death,NL,3,0.14943718529095973
ILM-EKF,inc death,NL,3,0.05075225160825047
LANL-GrowthRate,inc death,NL,3,0.2907966848905162
RobertWalraven-ESG,inc death,NL,3,0.3074136383128314
USC-SIkJalpha,inc death,NL,3,0.044460650169211156
epiforecasts-EpiExpert,inc death,NL,3,0.13121313830425732
epiforecasts-EpiNow2,inc death,NL,3,0.02592645142397373
IEM_Health-CovidProject,inc death,NL,4,0.15764562690745443
ILM-EKF,inc death,NL,4,0.04299426188385121
LANL-GrowthRate,inc death,NL,4,0.3021541182392876
RobertWalraven-ESG,inc death,NL,4,0.32962267444285925
UMass-MechBayes,inc death,NL,1,0.03886433803378037
UMass-SemiMech,inc death,NL,1,0.019888323219164606
USC-SIkJalpha,inc death,NL,4,0.04089303855870058
epiforecasts-EpiExpert,inc death,NL,4,0.10359569768204147
epiforecasts-EpiNow2,inc death,NL,4,0.023094582285805427
IEM_Health-CovidProject,inc case,NO,1,0.1501069180143368
ILM-EKF,inc case,NO,1,0.09785975870547924
LANL-GrowthRate,inc case,NO,1,0.20596065494990395
USC-SIkJalpha,inc case,NO,1,0.10298032747495198
epiforecasts-EpiNow2,inc case,NO,1,0.21600751616697242
IEM_Health-CovidProject,inc case,NO,2,0.1831273113364784
ILM-EKF,inc case,NO,2,0.14093207830964005
LANL-GrowthRate,inc case,NO,2,0.2506742704359991
USC-SIkJalpha,inc case,NO,2,0.22001626613807118
epiforecasts-EpiNow2,inc case,NO,2,0.20525007377981136
IEM_Health-CovidProject,inc case,NO,3,0.1483288442593468
ILM-EKF,inc case,NO,3,0.11746272637878911
LANL-GrowthRate,inc case,NO,3,0.27460880626392586
USC-SIkJalpha,inc case,NO,3,0.23224059044034873
epiforecasts-EpiNow2,inc case,NO,3,0.13684209874431322
DSMPG-bayes,inc case,NO,3,0.09051693391327623
IEM_Health-CovidProject,inc case,NO,4,0.1349759857154273
ILM-EKF,inc case,NO,4,0.1124799880961894
LANL-GrowthRate,inc case,NO,4,0.36967945132250785
UMass-SemiMech,inc case,NO,1,0.2270848246883556
USC-SIkJalpha,inc case,NO,4,0.279036893546316
epiforecasts-EpiNow2,inc case,NO,4,0.10382768131955947
IEM_Health-CovidProject,inc death,NO,1,0.12527153852660153
ILM-EKF,inc death,NO,1,0.11749606372150215
LANL-GrowthRate,inc death,NO,1,0.1362954339169425
RobertWalraven-ESG,inc death,NO,1,0.12169235171155579
USC-SIkJalpha,inc death,NO,1,0.07924153134705958
epiforecasts-EpiNow2,inc death,NO,1,0.14080106809601498
IEM_Health-CovidProject,inc death,NO,2,0.17247112721596788
ILM-EKF,inc death,NO,2,0.15078314115887015
LANL-GrowthRate,inc death,NO,2,0.1879163027875471
RobertWalraven-ESG,inc death,NO,2,0.15448334094190988
USC-SIkJalpha,inc death,NO,2,0.1798627469537951
epiforecasts-EpiNow2,inc death,NO,2,0.15448334094190988
IEM_Health-CovidProject,inc death,NO,3,0.17656502662220172
ILM-EKF,inc death,NO,3,0.14427885032557053
LANL-GrowthRate,inc death,NO,3,0.19880943942499876
RobertWalraven-ESG,inc death,NO,3,0.150290469089136
USC-SIkJalpha,inc death,NO,3,0.2086677587353293
epiforecasts-EpiNow2,inc death,NO,3,0.12138845580276367
IEM_Health-CovidProject,inc death,NO,4,0.15482171783189863
ILM-EKF,inc death,NO,4,0.1195977291188212
LANL-GrowthRate,inc death,NO,4,0.1965562678561496
RobertWalraven-ESG,inc death,NO,4,0.15918289298209298
UMass-MechBayes,inc death,NO,1,0.15922363775343748
UMass-SemiMech,inc death,NO,1,0.119978374926886
USC-SIkJalpha,inc death,NO,4,0.2756581805299659
epiforecasts-EpiNow2,inc death,NO,4,0.09418321168107169
IEM_Health-CovidProject,inc case,Overall,1,0.1115757868883185
ILM-EKF,inc case,Overall,1,0.11820405145594139
LANL-GrowthRate,inc case,Overall,1,0.13265121330055646
USC-SIkJalpha,inc case,Overall,1,0.11054267775046368
epiforecasts-EpiExpert,inc case,Overall,1,0.13119350765989096
epiforecasts-EpiNow2,inc case,Overall,1,0.13882103717500094
DSMPG-bayes,inc case,Overall,1,0.12436051246927167
IEM_Health-CovidProject,inc case,Overall,2,0.12034953790793766
ILM-EKF,inc case,Overall,2,0.13462829664277773
LANL-GrowthRate,inc case,Overall,2,0.1765126555983086
USC-SIkJalpha,inc case,Overall,2,0.1457443945307135
epiforecasts-EpiExpert,inc case,Overall,2,0.14709387966525714
epiforecasts-EpiNow2,inc case,Overall,2,0.1588613900384777
DSMPG-bayes,inc case,Overall,2,0.11680984561652773
IEM_Health-CovidProject,inc case,Overall,3,0.10291525132891374
ILM-EKF,inc case,Overall,3,0.10866827780071636
LANL-GrowthRate,inc case,Overall,3,0.19881355370358336
USC-SIkJalpha,inc case,Overall,3,0.16986012355257607
epiforecasts-EpiExpert,inc case,Overall,3,0.16662469262776508
epiforecasts-EpiNow2,inc case,Overall,3,0.15482825421164015
DSMPG-bayes,inc case,Overall,3,0.09828984677480526
IEM_Health-CovidProject,inc case,Overall,4,0.09601563146991374
ILM-EKF,inc case,Overall,4,0.0851811827826472
LANL-GrowthRate,inc case,Overall,4,0.24323959972378145
UMass-SemiMech,inc case,Overall,1,0.13265121330055646
USC-SIkJalpha,inc case,Overall,4,0.19373065464725955
epiforecasts-EpiExpert,inc case,Overall,4,0.17237451948929391
epiforecasts-EpiNow2,inc case,Overall,4,0.13768279229648006
DSMPG-bayes,inc case,Overall,4,0.07177561959062403
IEM_Health-CovidProject,inc death,Overall,1,0.10490584915149535
ILM-EKF,inc death,Overall,1,0.10690405580200002
LANL-GrowthRate,inc death,Overall,1,0.13524007059289161
RobertWalraven-ESG,inc death,Overall,1,0.12472139843566671
USC-SIkJalpha,inc death,Overall,1,0.10690405580200002
epiforecasts-EpiExpert,inc death,Overall,1,0.1039344986963889
epiforecasts-EpiNow2,inc death,Overall,1,0.09432710806058826
IEM_Health-CovidProject,inc death,Overall,2,0.1307903936752059
ILM-EKF,inc death,Overall,2,0.1358207934319446
LANL-GrowthRate,inc death,Overall,2,0.17226051849905166
RobertWalraven-ESG,inc death,Overall,2,0.142680429463861
USC-SIkJalpha,inc death,Overall,2,0.1623604887002556
epiforecasts-EpiExpert,inc death,Overall,2,0.13325813695209657
epiforecasts-EpiNow2,inc death,Overall,2,0.12282923927758468
IEM_Health-CovidProject,inc death,Overall,3,0.12975156001059385
ILM-EKF,inc death,Overall,3,0.11902829058823074
LANL-GrowthRate,inc death,Overall,3,0.17780769334785082
RobertWalraven-ESG,inc death,Overall,3,0.12745507222279576
USC-SIkJalpha,inc death,Overall,3,0.16002692401306576
epiforecasts-EpiExpert,inc death,Overall,3,0.180030289514699
epiforecasts-EpiNow2,inc death,Overall,3,0.1059001703027641
IEM_Health-CovidProject,inc death,Overall,4,0.1293401583452131
ILM-EKF,inc death,Overall,4,0.08776653601996602
LANL-GrowthRate,inc death,Overall,4,0.22684273925160445
RobertWalraven-ESG,inc death,Overall,4,0.12495574619791773
UMass-MechBayes,inc death,Overall,1,0.1181571143074737
UMass-SemiMech,inc death,Overall,1,0.10490584915149535
USC-SIkJalpha,inc death,Overall,4,0.17981436647993038
epiforecasts-EpiExpert,inc death,Overall,4,0.15854600055219667
epiforecasts-EpiNow2,inc death,Overall,4,0.09273445315317164
ICM-agentModel,inc case,PL,1,0.057197386930485365
IEM_Health-CovidProject,inc case,PL,1,0.053590344511445745
ILM-EKF,inc case,PL,1,0.08747835648191879
ITWW-county_repro,inc case,PL,1,0.03519839195722177
LANL-GrowthRate,inc case,PL,1,0.12931583132109736
MIMUW-StochSEIR,inc case,PL,1,0.043739178240959395
MIT_CovidAnalytics-DELPHI,inc case,PL,1,0.03913505421559526
MOCOS-agent1,inc case,PL,1,0.17495671296383758
USC-SIkJalpha,inc case,PL,1,0.05889631921554929
epiforecasts-EpiExpert,inc case,PL,1,0.08621055421406491
epiforecasts-EpiNow2,inc case,PL,1,0.13833786606442974
ICM-agentModel,inc case,PL,2,0.10314056126291307
IEM_Health-CovidProject,inc case,PL,2,0.05009684404198635
ILM-EKF,inc case,PL,2,0.081553001928815
ITWW-county_repro,inc case,PL,2,0.043293568925173394
LANL-GrowthRate,inc case,PL,2,0.10626603281633469
MIMUW-StochSEIR,inc case,PL,2,0.06046170832653526
MOCOS-agent1,inc case,PL,2,0.2504842202099318
USC-SIkJalpha,inc case,PL,2,0.08658713785034679
epiforecasts-EpiExpert,inc case,PL,2,0.10314056126291307
epiforecasts-EpiNow2,inc case,PL,2,0.11497636337505066
ICM-agentModel,inc case,PL,3,0.1692500774400423
IEM_Health-CovidProject,inc case,PL,3,0.040217840183772426
ILM-EKF,inc case,PL,3,0.05207694690462839
ITWW-county_repro,inc case,PL,3,0.03289070330818635
LANL-GrowthRate,inc case,PL,3,0.0955765143190827
MIMUW-StochSEIR,inc case,PL,3,0.07064351058366983
MOCOS-agent1,inc case,PL,3,0.2901429898972153
USC-SIkJalpha,inc case,PL,3,0.0955765143190827
epiforecasts-EpiExpert,inc case,PL,3,0.07318922267677504
epiforecasts-EpiNow2,inc case,PL,3,0.08043568036754485
ICM-agentModel,inc case,PL,4,0.24434602098041225
IEM_Health-CovidProject,inc case,PL,4,0.031808357760763725
ILM-EKF,inc case,PL,4,0.03228596073014456
ITWW-county_repro,inc case,PL,4,0.023372228093778563
LANL-GrowthRate,inc case,PL,4,0.10644777151621919
MIMUW-StochSEIR,inc case,PL,4,0.06595843511127691
MOCOS-agent1,inc case,PL,4,0.2559815457890033
UMass-SemiMech,inc case,PL,1,0.09594400388339483
USC-SIkJalpha,inc case,PL,4,0.12080028003525999
epiforecasts-EpiExpert,inc case,PL,4,0.06804572736163378
epiforecasts-EpiNow2,inc case,PL,4,0.05095367262150776
ICM-agentModel,inc death,PL,1,0.03651875011403955
IEM_Health-CovidProject,inc death,PL,1,0.04818446195602441
ILM-EKF,inc death,PL,1,0.09251416695556687
ITWW-county_repro,inc death,PL,1,0.033198863740035965
LANL-GrowthRate,inc death,PL,1,0.10512973517678054
MIMUW-StochSEIR,inc death,PL,1,0.06424594927469922
MIT_CovidAnalytics-DELPHI,inc death,PL,1,0.05641107741193102
MOCOS-agent1,inc death,PL,1,0.1309162739937267
RobertWalraven-ESG,inc death,PL,1,0.06736468467638365
USC-SIkJalpha,inc death,PL,1,0.07227669293403663
epiforecasts-EpiExpert,inc death,PL,1,0.11191229873657284
epiforecasts-EpiNow2,inc death,PL,1,0.05687346329235669
ICM-agentModel,inc death,PL,2,0.027503735260694957
IEM_Health-CovidProject,inc death,PL,2,0.05145860145549379
ILM-EKF,inc death,PL,2,0.08862314695112819
ITWW-county_repro,inc death,PL,2,0.037315009242580285
LANL-GrowthRate,inc death,PL,2,0.08507822107308306
MIMUW-StochSEIR,inc death,PL,2,0.13871449088002671
MIT_CovidAnalytics-DELPHI,inc death,PL,2,0.07334329402851987
MOCOS-agent1,inc death,PL,2,0.1724558535265197
RobertWalraven-ESG,inc death,PL,2,0.05697202304001098
USC-SIkJalpha,inc death,PL,2,0.08987136028846802
epiforecasts-EpiExpert,inc death,PL,2,0.1276173316096246
epiforecasts-EpiNow2,inc death,PL,2,0.05104693264384984
ICM-agentModel,inc death,PL,3,0.042894443206536834
IEM_Health-CovidProject,inc death,PL,3,0.06152536298311343
ILM-EKF,inc death,PL,3,0.06693418610250801
ITWW-county_repro,inc death,PL,3,0.035829476090166054
LANL-GrowthRate,inc death,PL,3,0.08578888641307367
MIMUW-StochSEIR,inc death,PL,3,0.12959597734740913
MIT_CovidAnalytics-DELPHI,inc death,PL,3,0.06767789928142477
MOCOS-agent1,inc death,PL,3,0.19034409172900718
RobertWalraven-ESG,inc death,PL,3,0.052965312481115044
USC-SIkJalpha,inc death,PL,3,0.09668271325917824
epiforecasts-EpiExpert,inc death,PL,3,0.12430634561894346
epiforecasts-EpiNow2,inc death,PL,3,0.0454553054875241
ICM-agentModel,inc death,PL,4,0.053881213305079466
IEM_Health-CovidProject,inc death,PL,4,0.07267698538824673
ILM-EKF,inc death,PL,4,0.04310497064406357
ITWW-county_repro,inc death,PL,4,0.028027895710265552
LANL-GrowthRate,inc death,PL,4,0.08561946223820846
MIMUW-StochSEIR,inc death,PL,4,0.13889379429753818
MIT_CovidAnalytics-DELPHI,inc death,PL,4,0.05896434663574733
MOCOS-agent1,inc death,PL,4,0.20834069144630726
RobertWalraven-ESG,inc death,PL,4,0.047711608728161964
UMass-MechBayes,inc death,PL,1,0.06938562521667516
UMass-SemiMech,inc death,PL,1,0.055067956521170754
USC-SIkJalpha,inc death,PL,4,0.10246263513752817
epiforecasts-EpiExpert,inc death,PL,4,0.12500441486778435
epiforecasts-EpiNow2,inc death,PL,4,0.03531198160106903
IEM_Health-CovidProject,inc case,PT,1,0.12465578732736815
ILM-EKF,inc case,PT,1,0.17807969618195452
LANL-GrowthRate,inc case,PT,1,0.1506828198462692
USC-SIkJalpha,inc case,PT,1,0.20164906773544847
epiforecasts-EpiNow2,inc case,PT,1,0.14904496310880974
IEM_Health-CovidProject,inc case,PT,2,0.17016587499686947
ILM-EKF,inc case,PT,2,0.21536618554291295
LANL-GrowthRate,inc case,PT,2,0.21536618554291295
USC-SIkJalpha,inc case,PT,2,0.2812946096887026
epiforecasts-EpiNow2,inc case,PT,2,0.11780714422860196
IEM_Health-CovidProject,inc case,PT,3,0.15243929906752557
ILM-EKF,inc case,PT,3,0.17996306139916213
LANL-GrowthRate,inc case,PT,3,0.25406549844587595
USC-SIkJalpha,inc case,PT,3,0.2756880940582909
epiforecasts-EpiNow2,inc case,PT,3,0.13784404702914546
IEM_Health-CovidProject,inc case,PT,4,0.14484428712169833
ILM-EKF,inc case,PT,4,0.15736169465073396
LANL-GrowthRate,inc case,PT,4,0.32682813504383207
UMass-SemiMech,inc case,PT,1,0.19588766580014996
USC-SIkJalpha,inc case,PT,4,0.2601285156471317
epiforecasts-EpiNow2,inc case,PT,4,0.11083736753660393
IEM_Health-CovidProject,inc death,PT,1,0.12966954309624973
ILM-EKF,inc death,PT,1,0.10060567998846963
LANL-GrowthRate,inc death,PT,1,0.14232023022759116
RobertWalraven-ESG,inc death,PT,1,0.12156519665273413
USC-SIkJalpha,inc death,PT,1,0.1268506399854617
epiforecasts-EpiNow2,inc death,PT,1,0.12966954309624973
IEM_Health-CovidProject,inc death,PT,2,0.18556411177582355
ILM-EKF,inc death,PT,2,0.1580731322534793
LANL-GrowthRate,inc death,PT,2,0.20323688432590198
RobertWalraven-ESG,inc death,PT,2,0.1939988441292701
USC-SIkJalpha,inc death,PT,2,0.15242766324442647
epiforecasts-EpiNow2,inc death,PT,2,0.10669936427109854
IEM_Health-CovidProject,inc death,PT,3,0.20803637492859584
ILM-EKF,inc death,PT,3,0.17336364577382984
LANL-GrowthRate,inc death,PT,3,0.22289611599492407
RobertWalraven-ESG,inc death,PT,3,0.18356150728993748
USC-SIkJalpha,inc death,PT,3,0.1300227343303724
epiforecasts-EpiNow2,inc death,PT,3,0.08211962168234047
IEM_Health-CovidProject,inc death,PT,4,0.21880525385198282
ILM-EKF,inc death,PT,4,0.1875473604445567
LANL-GrowthRate,inc death,PT,4,0.23869664056579945
RobertWalraven-ESG,inc death,PT,4,0.17504420308158625
UMass-MechBayes,inc death,PT,1,0.13261657816661906
UMass-SemiMech,inc death,PT,1,0.11670258878662476
USC-SIkJalpha,inc death,PT,4,0.1312831523111897
epiforecasts-EpiNow2,inc death,PT,4,0.048623389744885066
IEM_Health-CovidProject,inc case,RO,1,0.10737508109904237
ILM-EKF,inc case,RO,1,0.13887177155476144
LANL-GrowthRate,inc case,RO,1,0.24221820620016532
USC-SIkJalpha,inc case,RO,1,0.08902036638125735
epiforecasts-EpiNow2,inc case,RO,1,0.26706109914377196
IEM_Health-CovidProject,inc case,RO,2,0.13600296000189724
ILM-EKF,inc case,RO,2,0.1478867137884708
LANL-GrowthRate,inc case,RO,2,0.30464663040424983
USC-SIkJalpha,inc case,RO,2,0.1771201339559592
epiforecasts-EpiNow2,inc case,RO,2,0.23434356184942293
IEM_Health-CovidProject,inc case,RO,3,0.13820310593901364
ILM-EKF,inc case,RO,3,0.13648629716958488
LANL-GrowthRate,inc case,RO,3,0.2969499168149077
USC-SIkJalpha,inc case,RO,3,0.24970788459435422
epiforecasts-EpiNow2,inc case,RO,3,0.17865279548213958
IEM_Health-CovidProject,inc case,RO,4,0.13882648806341263
ILM-EKF,inc case,RO,4,0.12243369242492849
LANL-GrowthRate,inc case,RO,4,0.34205701698098584
UMass-SemiMech,inc case,RO,1,0.1554534756210016
USC-SIkJalpha,inc case,RO,4,0.26125614682799697
epiforecasts-EpiNow2,inc case,RO,4,0.13542665570267598
IEM_Health-CovidProject,inc death,RO,1,0.13589738116206007
ILM-EKF,inc death,RO,1,0.10807587005801626
LANL-GrowthRate,inc death,RO,1,0.12708921756822283
RobertWalraven-ESG,inc death,RO,1,0.18802240407353515
USC-SIkJalpha,inc death,RO,1,0.129487127333661
epiforecasts-EpiNow2,inc death,RO,1,0.13197726439776986
IEM_Health-CovidProject,inc death,RO,2,0.1315408495265361
ILM-EKF,inc death,RO,2,0.16688018223515774
LANL-GrowthRate,inc death,RO,2,0.14907962946340758
RobertWalraven-ESG,inc death,RO,2,0.1315408495265361
USC-SIkJalpha,inc death,RO,2,0.22818310632154223
epiforecasts-EpiNow2,inc death,RO,2,0.19277538292682017
IEM_Health-CovidProject,inc death,RO,3,0.0997503719206233
ILM-EKF,inc death,RO,3,0.14962555788093496
LANL-GrowthRate,inc death,RO,3,0.18790186338536022
RobertWalraven-ESG,inc death,RO,3,0.08782369701707052
USC-SIkJalpha,inc death,RO,3,0.2992511157618699
epiforecasts-EpiNow2,inc death,RO,3,0.17564739403414104
IEM_Health-CovidProject,inc death,RO,4,0.10964856904104237
ILM-EKF,inc death,RO,4,0.12823307226833766
LANL-GrowthRate,inc death,RO,4,0.2161643218237692
RobertWalraven-ESG,inc death,RO,4,0.06695355100736214
UMass-MechBayes,inc death,RO,1,0.08855248707979398
UMass-SemiMech,inc death,RO,1,0.09089824832694085
USC-SIkJalpha,inc death,RO,4,0.34389778471963284
epiforecasts-EpiNow2,inc death,RO,4,0.13510270113985573
IEM_Health-CovidProject,inc case,SE,1,0.24540162571883958
ILM-EKF,inc case,SE,1,0.2644619461630213
LANL-GrowthRate,inc case,SE,1,0.15389593477283162
USC-SIkJalpha,inc case,SE,1,0.18657246886843284
epiforecasts-EpiNow2,inc case,SE,1,0.1496680244768747
IEM_Health-CovidProject,inc case,SE,2,0.18485732359127582
ILM-EKF,inc case,SE,2,0.259181402148593
LANL-GrowthRate,inc case,SE,2,0.18622663709935935
USC-SIkJalpha,inc case,SE,2,0.18350800006141252
epiforecasts-EpiNow2,inc case,SE,2,0.18622663709935935
IEM_Health-CovidProject,inc case,SE,3,0.18151668896082823
ILM-EKF,inc case,SE,3,0.2823592939390661
LANL-GrowthRate,inc case,SE,3,0.19107019890613497
USC-SIkJalpha,inc case,SE,3,0.16609370231709772
epiforecasts-EpiNow2,inc case,SE,3,0.1789601158768729
IEM_Health-CovidProject,inc case,SE,4,0.18250242303587716
ILM-EKF,inc case,SE,4,0.1975966083997467
LANL-GrowthRate,inc case,SE,4,0.20061335051271992
USC-SIkJalpha,inc case,SE,4,0.22461836681338732
epiforecasts-EpiNow2,inc case,SE,4,0.19466925123826898
IEM_Health-CovidProject,inc death,SE,1,0.1525374273534808
ILM-EKF,inc death,SE,1,0.16687855300209867
LANL-GrowthRate,inc death,SE,1,0.15619832560996436
RobertWalraven-ESG,inc death,SE,1,0.23243798453863743
USC-SIkJalpha,inc death,SE,1,0.17432848840397805
epiforecasts-EpiNow2,inc death,SE,1,0.11761922109184063
IEM_Health-CovidProject,inc death,SE,2,0.13935873140815203
ILM-EKF,inc death,SE,2,0.15836219478199093
LANL-GrowthRate,inc death,SE,2,0.21774801782523753
RobertWalraven-ESG,inc death,SE,2,0.18531746197892554
USC-SIkJalpha,inc death,SE,2,0.2150597706915926
epiforecasts-EpiNow2,inc death,SE,2,0.08415382331410147
IEM_Health-CovidProject,inc death,SE,3,0.128369693900665
ILM-EKF,inc death,SE,3,0.14876487891292017
LANL-GrowthRate,inc death,SE,3,0.2697939329437705
RobertWalraven-ESG,inc death,SE,3,0.1658108546216923
USC-SIkJalpha,inc death,SE,3,0.21805263073537612
epiforecasts-EpiNow2,inc death,SE,3,0.0692080088855759
IEM_Health-CovidProject,inc death,SE,4,0.14016371013344453
ILM-EKF,inc death,SE,4,0.12857993243646568
LANL-GrowthRate,inc death,SE,4,0.24695510833035467
RobertWalraven-ESG,inc death,SE,4,0.21608571978906035
USC-SIkJalpha,inc death,SE,4,0.20471278716858352
epiforecasts-EpiNow2,inc death,SE,4,0.0635027421420912
IEM_Health-CovidProject,inc case,SI,1,0.12472188727366032
ILM-EKF,inc case,SI,1,0.13719407600102634
LANL-GrowthRate,inc case,SI,1,0.1317063129609853
USC-SIkJalpha,inc case,SI,1,0.1407118728215655
epiforecasts-EpiNow2,inc case,SI,1,0.16140479529532512
DSMPG-bayes,inc case,SI,1,0.13276846064615455
IEM_Health-CovidProject,inc case,SI,2,0.16146100344754416
ILM-EKF,inc case,SI,2,0.16591510009437296
LANL-GrowthRate,inc case,SI,2,0.20216545809818554
USC-SIkJalpha,inc case,SI,2,0.16823559100478377
epiforecasts-EpiNow2,inc case,SI,2,0.16706728828947276
DSMPG-bayes,inc case,SI,2,0.1351555590656409
IEM_Health-CovidProject,inc case,SI,3,0.17582611086319266
ILM-EKF,inc case,SI,3,0.16599732205717566
LANL-GrowthRate,inc case,SI,3,0.20879350665004126
USC-SIkJalpha,inc case,SI,3,0.16599732205717566
epiforecasts-EpiNow2,inc case,SI,3,0.15908076697146
DSMPG-bayes,inc case,SI,3,0.1243049714009548
IEM_Health-CovidProject,inc case,SI,4,0.18345985737290083
ILM-EKF,inc case,SI,4,0.19611226132965262
LANL-GrowthRate,inc case,SI,4,0.2437395247954254
UMass-SemiMech,inc case,SI,1,0.17149259500128294
USC-SIkJalpha,inc case,SI,4,0.15510697032436163
epiforecasts-EpiNow2,inc case,SI,4,0.22158138617765946
IEM_Health-CovidProject,inc death,SI,1,0.10482698129694251
ILM-EKF,inc death,SI,1,0.08079022125433148
LANL-GrowthRate,inc death,SI,1,0.21140107894883406
RobertWalraven-ESG,inc death,SI,1,0.11744504386046335
USC-SIkJalpha,inc death,SI,1,0.13787026887967438
epiforecasts-EpiNow2,inc death,SI,1,0.0919135125864496
IEM_Health-CovidProject,inc death,SI,2,0.14180446512885964
ILM-EKF,inc death,SI,2,0.1324203461129792
LANL-GrowthRate,inc death,SI,2,0.2501273204356274
RobertWalraven-ESG,inc death,SI,2,0.14180446512885964
USC-SIkJalpha,inc death,SI,2,0.1837670109322977
epiforecasts-EpiNow2,inc death,SI,2,0.15007639226137645
IEM_Health-CovidProject,inc death,SI,3,0.14261524794023572
ILM-EKF,inc death,SI,3,0.15198413284141912
LANL-GrowthRate,inc death,SI,3,0.2238906042932733
RobertWalraven-ESG,inc death,SI,3,0.12932811303897154
USC-SIkJalpha,inc death,SI,3,0.18426394866614532
epiforecasts-EpiNow2,inc death,SI,3,0.167917953219955
IEM_Health-CovidProject,inc death,SI,4,0.10704864653201045
ILM-EKF,inc death,SI,4,0.1421465634277516
LANL-GrowthRate,inc death,SI,4,0.17001843860966367
RobertWalraven-ESG,inc death,SI,4,0.07776628133715559
UMass-MechBayes,inc death,SI,1,0.139385326779451
UMass-SemiMech,inc death,SI,1,0.1163675663938536
USC-SIkJalpha,inc death,SI,4,0.2989979437618223
epiforecasts-EpiNow2,inc death,SI,4,0.20402212633159642
IEM_Health-CovidProject,inc case,SK,1,0.10369872559908759
ILM-EKF,inc case,SK,1,0.1744772208492585
LANL-GrowthRate,inc case,SK,1,0.12490982856253735
USC-SIkJalpha,inc case,SK,1,0.08327321904169156
epiforecasts-EpiExpert,inc case,SK,1,0.16654643808338312
epiforecasts-EpiNow2,inc case,SK,1,0.2498196571250747
IEM_Health-CovidProject,inc case,SK,2,0.14333800809595107
ILM-EKF,inc case,SK,2,0.180328461798132
LANL-GrowthRate,inc case,SK,2,0.2109502760657393
USC-SIkJalpha,inc case,SK,2,0.09722056201290595
epiforecasts-EpiExpert,inc case,SK,2,0.15315567988334497
epiforecasts-EpiNow2,inc case,SK,2,0.2150070121439266
IEM_Health-CovidProject,inc case,SK,3,0.11835231089402959
ILM-EKF,inc case,SK,3,0.14949765586614266
LANL-GrowthRate,inc case,SK,3,0.20783820449683246
USC-SIkJalpha,inc case,SK,3,0.08193621523432817
epiforecasts-EpiExpert,inc case,SK,3,0.11066709590091078
epiforecasts-EpiNow2,inc case,SK,3,0.17390543641571696
DSMPG-bayes,inc case,SK,3,0.15780308119203945
IEM_Health-CovidProject,inc case,SK,4,0.14515412737644762
ILM-EKF,inc case,SK,4,0.1760886135386414
LANL-GrowthRate,inc case,SK,4,0.24412285058766195
UMass-SemiMech,inc case,SK,1,0.09727491073896714
USC-SIkJalpha,inc case,SK,4,0.09764914023506477
epiforecasts-EpiExpert,inc case,SK,4,0.12636947559831913
epiforecasts-EpiNow2,inc case,SK,4,0.21061579266386518
IEM_Health-CovidProject,inc death,SK,1,0.11273944609611007
ILM-EKF,inc death,SK,1,0.10954870705565412
LANL-GrowthRate,inc death,SK,1,0.0928973035831947
RobertWalraven-ESG,inc death,SK,1,0.09518166350737162
USC-SIkJalpha,inc death,SK,1,0.13661368173999222
epiforecasts-EpiExpert,inc death,SK,1,0.10276250396371096
epiforecasts-EpiNow2,inc death,SK,1,0.10186107849034508
IEM_Health-CovidProject,inc death,SK,2,0.15593754706202
ILM-EKF,inc death,SK,2,0.1599359457046359
LANL-GrowthRate,inc death,SK,2,0.10942985758738245
RobertWalraven-ESG,inc death,SK,2,0.16131470385726207
USC-SIkJalpha,inc death,SK,2,0.14851194958287617
epiforecasts-EpiExpert,inc death,SK,2,0.14176140642001817
epiforecasts-EpiNow2,inc death,SK,2,0.12310858978580527
IEM_Health-CovidProject,inc death,SK,3,0.15967530887209433
ILM-EKF,inc death,SK,3,0.14274004884020552
LANL-GrowthRate,inc death,SK,3,0.09969146268204833
RobertWalraven-ESG,inc death,SK,3,0.22430579103460868
USC-SIkJalpha,inc death,SK,3,0.12645427145575255
epiforecasts-EpiExpert,inc death,SK,3,0.13362898189295838
epiforecasts-EpiNow2,inc death,SK,3,0.11350413522233212
IEM_Health-CovidProject,inc death,SK,4,0.1558348087182767
ILM-EKF,inc death,SK,4,0.1280372482442057
LANL-GrowthRate,inc death,SK,4,0.10865546295953238
RobertWalraven-ESG,inc death,SK,4,0.22558943738264817
UMass-MechBayes,inc death,SK,1,0.1248619671817133
UMass-SemiMech,inc death,SK,1,0.12353364838190785
USC-SIkJalpha,inc death,SK,4,0.11387928329412528
epiforecasts-EpiExpert,inc death,SK,4,0.14897415676212614
epiforecasts-EpiNow2,inc death,SK,4,0.11902960263908571
