forecast_date,target,target_end_date,location,type,quantile,value
2021-10-17,1 wk ahead inc hosp,2021-10-23,BE,quantile,0.01,312
2021-10-17,1 wk ahead inc hosp,2021-10-23,BE,quantile,0.025,355
2021-10-17,1 wk ahead inc hosp,2021-10-23,BE,quantile,0.05,391
2021-10-17,1 wk ahead inc hosp,2021-10-23,BE,quantile,0.1,437
2021-10-17,1 wk ahead inc hosp,2021-10-23,BE,quantile,0.15,459
2021-10-17,1 wk ahead inc hosp,2021-10-23,BE,quantile,0.2,473
2021-10-17,1 wk ahead inc hosp,2021-10-23,BE,quantile,0.25,484
2021-10-17,1 wk ahead inc hosp,2021-10-23,BE,quantile,0.3,496
2021-10-17,1 wk ahead inc hosp,2021-10-23,BE,quantile,0.35,508
2021-10-17,1 wk ahead inc hosp,2021-10-23,BE,quantile,0.4,516
2021-10-17,1 wk ahead inc hosp,2021-10-23,BE,quantile,0.45,525
2021-10-17,1 wk ahead inc hosp,2021-10-23,BE,quantile,0.5,536
2021-10-17,1 wk ahead inc hosp,2021-10-23,BE,quantile,0.55,545
2021-10-17,1 wk ahead inc hosp,2021-10-23,BE,quantile,0.6,556
2021-10-17,1 wk ahead inc hosp,2021-10-23,BE,quantile,0.65,566
2021-10-17,1 wk ahead inc hosp,2021-10-23,BE,quantile,0.7,578
2021-10-17,1 wk ahead inc hosp,2021-10-23,BE,quantile,0.75,590
2021-10-17,1 wk ahead inc hosp,2021-10-23,BE,quantile,0.8,606
2021-10-17,1 wk ahead inc hosp,2021-10-23,BE,quantile,0.85,624
2021-10-17,1 wk ahead inc hosp,2021-10-23,BE,quantile,0.9,651
2021-10-17,1 wk ahead inc hosp,2021-10-23,BE,quantile,0.95,700
2021-10-17,1 wk ahead inc hosp,2021-10-23,BE,quantile,0.975,723
2021-10-17,1 wk ahead inc hosp,2021-10-23,BE,quantile,0.99,784
2021-10-17,2 wk ahead inc hosp,2021-10-30,BE,quantile,0.01,347
2021-10-17,2 wk ahead inc hosp,2021-10-30,BE,quantile,0.025,382
2021-10-17,2 wk ahead inc hosp,2021-10-30,BE,quantile,0.05,412
2021-10-17,2 wk ahead inc hosp,2021-10-30,BE,quantile,0.1,450
2021-10-17,2 wk ahead inc hosp,2021-10-30,BE,quantile,0.15,474
2021-10-17,2 wk ahead inc hosp,2021-10-30,BE,quantile,0.2,492
2021-10-17,2 wk ahead inc hosp,2021-10-30,BE,quantile,0.25,508
2021-10-17,2 wk ahead inc hosp,2021-10-30,BE,quantile,0.3,523
2021-10-17,2 wk ahead inc hosp,2021-10-30,BE,quantile,0.35,539
2021-10-17,2 wk ahead inc hosp,2021-10-30,BE,quantile,0.4,550
2021-10-17,2 wk ahead inc hosp,2021-10-30,BE,quantile,0.45,563
2021-10-17,2 wk ahead inc hosp,2021-10-30,BE,quantile,0.5,577
2021-10-17,2 wk ahead inc hosp,2021-10-30,BE,quantile,0.55,590
2021-10-17,2 wk ahead inc hosp,2021-10-30,BE,quantile,0.6,606
2021-10-17,2 wk ahead inc hosp,2021-10-30,BE,quantile,0.65,623
2021-10-17,2 wk ahead inc hosp,2021-10-30,BE,quantile,0.7,640
2021-10-17,2 wk ahead inc hosp,2021-10-30,BE,quantile,0.75,658
2021-10-17,2 wk ahead inc hosp,2021-10-30,BE,quantile,0.8,678
2021-10-17,2 wk ahead inc hosp,2021-10-30,BE,quantile,0.85,713
2021-10-17,2 wk ahead inc hosp,2021-10-30,BE,quantile,0.9,744
2021-10-17,2 wk ahead inc hosp,2021-10-30,BE,quantile,0.95,789
2021-10-17,2 wk ahead inc hosp,2021-10-30,BE,quantile,0.975,839
2021-10-17,2 wk ahead inc hosp,2021-10-30,BE,quantile,0.99,908
2021-10-17,3 wk ahead inc hosp,2021-11-06,BE,quantile,0.01,350
2021-10-17,3 wk ahead inc hosp,2021-11-06,BE,quantile,0.025,368
2021-10-17,3 wk ahead inc hosp,2021-11-06,BE,quantile,0.05,420
2021-10-17,3 wk ahead inc hosp,2021-11-06,BE,quantile,0.1,466
2021-10-17,3 wk ahead inc hosp,2021-11-06,BE,quantile,0.15,495
2021-10-17,3 wk ahead inc hosp,2021-11-06,BE,quantile,0.2,520
2021-10-17,3 wk ahead inc hosp,2021-11-06,BE,quantile,0.25,543
2021-10-17,3 wk ahead inc hosp,2021-11-06,BE,quantile,0.3,565
2021-10-17,3 wk ahead inc hosp,2021-11-06,BE,quantile,0.35,581
2021-10-17,3 wk ahead inc hosp,2021-11-06,BE,quantile,0.4,599
2021-10-17,3 wk ahead inc hosp,2021-11-06,BE,quantile,0.45,621
2021-10-17,3 wk ahead inc hosp,2021-11-06,BE,quantile,0.5,638
2021-10-17,3 wk ahead inc hosp,2021-11-06,BE,quantile,0.55,658
2021-10-17,3 wk ahead inc hosp,2021-11-06,BE,quantile,0.6,674
2021-10-17,3 wk ahead inc hosp,2021-11-06,BE,quantile,0.65,695
2021-10-17,3 wk ahead inc hosp,2021-11-06,BE,quantile,0.7,717
2021-10-17,3 wk ahead inc hosp,2021-11-06,BE,quantile,0.75,743
2021-10-17,3 wk ahead inc hosp,2021-11-06,BE,quantile,0.8,774
2021-10-17,3 wk ahead inc hosp,2021-11-06,BE,quantile,0.85,803
2021-10-17,3 wk ahead inc hosp,2021-11-06,BE,quantile,0.9,854
2021-10-17,3 wk ahead inc hosp,2021-11-06,BE,quantile,0.95,916
2021-10-17,3 wk ahead inc hosp,2021-11-06,BE,quantile,0.975,973
2021-10-17,3 wk ahead inc hosp,2021-11-06,BE,quantile,0.99,1069
2021-10-17,4 wk ahead inc hosp,2021-11-13,BE,quantile,0.01,329
2021-10-17,4 wk ahead inc hosp,2021-11-13,BE,quantile,0.025,362
2021-10-17,4 wk ahead inc hosp,2021-11-13,BE,quantile,0.05,401
2021-10-17,4 wk ahead inc hosp,2021-11-13,BE,quantile,0.1,451
2021-10-17,4 wk ahead inc hosp,2021-11-13,BE,quantile,0.15,491
2021-10-17,4 wk ahead inc hosp,2021-11-13,BE,quantile,0.2,525
2021-10-17,4 wk ahead inc hosp,2021-11-13,BE,quantile,0.25,550
2021-10-17,4 wk ahead inc hosp,2021-11-13,BE,quantile,0.3,576
2021-10-17,4 wk ahead inc hosp,2021-11-13,BE,quantile,0.35,603
2021-10-17,4 wk ahead inc hosp,2021-11-13,BE,quantile,0.4,626
2021-10-17,4 wk ahead inc hosp,2021-11-13,BE,quantile,0.45,653
2021-10-17,4 wk ahead inc hosp,2021-11-13,BE,quantile,0.5,672
2021-10-17,4 wk ahead inc hosp,2021-11-13,BE,quantile,0.55,694
2021-10-17,4 wk ahead inc hosp,2021-11-13,BE,quantile,0.6,718
2021-10-17,4 wk ahead inc hosp,2021-11-13,BE,quantile,0.65,745
2021-10-17,4 wk ahead inc hosp,2021-11-13,BE,quantile,0.7,777
2021-10-17,4 wk ahead inc hosp,2021-11-13,BE,quantile,0.75,815
2021-10-17,4 wk ahead inc hosp,2021-11-13,BE,quantile,0.8,849
2021-10-17,4 wk ahead inc hosp,2021-11-13,BE,quantile,0.85,898
2021-10-17,4 wk ahead inc hosp,2021-11-13,BE,quantile,0.9,960
2021-10-17,4 wk ahead inc hosp,2021-11-13,BE,quantile,0.95,1048
2021-10-17,4 wk ahead inc hosp,2021-11-13,BE,quantile,0.975,1163
2021-10-17,4 wk ahead inc hosp,2021-11-13,BE,quantile,0.99,1258
2021-10-17,1 wk ahead inc hosp,2021-10-23,DK,quantile,0.01,48
2021-10-17,1 wk ahead inc hosp,2021-10-23,DK,quantile,0.025,63
2021-10-17,1 wk ahead inc hosp,2021-10-23,DK,quantile,0.05,74
2021-10-17,1 wk ahead inc hosp,2021-10-23,DK,quantile,0.1,84
2021-10-17,1 wk ahead inc hosp,2021-10-23,DK,quantile,0.15,94
2021-10-17,1 wk ahead inc hosp,2021-10-23,DK,quantile,0.2,99
2021-10-17,1 wk ahead inc hosp,2021-10-23,DK,quantile,0.25,104
2021-10-17,1 wk ahead inc hosp,2021-10-23,DK,quantile,0.3,108
2021-10-17,1 wk ahead inc hosp,2021-10-23,DK,quantile,0.35,112
2021-10-17,1 wk ahead inc hosp,2021-10-23,DK,quantile,0.4,115
2021-10-17,1 wk ahead inc hosp,2021-10-23,DK,quantile,0.45,119
2021-10-17,1 wk ahead inc hosp,2021-10-23,DK,quantile,0.5,122
2021-10-17,1 wk ahead inc hosp,2021-10-23,DK,quantile,0.55,126
2021-10-17,1 wk ahead inc hosp,2021-10-23,DK,quantile,0.6,131
2021-10-17,1 wk ahead inc hosp,2021-10-23,DK,quantile,0.65,135
2021-10-17,1 wk ahead inc hosp,2021-10-23,DK,quantile,0.7,138
2021-10-17,1 wk ahead inc hosp,2021-10-23,DK,quantile,0.75,144
2021-10-17,1 wk ahead inc hosp,2021-10-23,DK,quantile,0.8,151
2021-10-17,1 wk ahead inc hosp,2021-10-23,DK,quantile,0.85,159
2021-10-17,1 wk ahead inc hosp,2021-10-23,DK,quantile,0.9,171
2021-10-17,1 wk ahead inc hosp,2021-10-23,DK,quantile,0.95,189
2021-10-17,1 wk ahead inc hosp,2021-10-23,DK,quantile,0.975,205
2021-10-17,1 wk ahead inc hosp,2021-10-23,DK,quantile,0.99,239
2021-10-17,2 wk ahead inc hosp,2021-10-30,DK,quantile,0.01,54
2021-10-17,2 wk ahead inc hosp,2021-10-30,DK,quantile,0.025,70
2021-10-17,2 wk ahead inc hosp,2021-10-30,DK,quantile,0.05,84
2021-10-17,2 wk ahead inc hosp,2021-10-30,DK,quantile,0.1,99
2021-10-17,2 wk ahead inc hosp,2021-10-30,DK,quantile,0.15,107
2021-10-17,2 wk ahead inc hosp,2021-10-30,DK,quantile,0.2,112
2021-10-17,2 wk ahead inc hosp,2021-10-30,DK,quantile,0.25,118
2021-10-17,2 wk ahead inc hosp,2021-10-30,DK,quantile,0.3,123
2021-10-17,2 wk ahead inc hosp,2021-10-30,DK,quantile,0.35,128
2021-10-17,2 wk ahead inc hosp,2021-10-30,DK,quantile,0.4,134
2021-10-17,2 wk ahead inc hosp,2021-10-30,DK,quantile,0.45,137
2021-10-17,2 wk ahead inc hosp,2021-10-30,DK,quantile,0.5,141
2021-10-17,2 wk ahead inc hosp,2021-10-30,DK,quantile,0.55,146
2021-10-17,2 wk ahead inc hosp,2021-10-30,DK,quantile,0.6,150
2021-10-17,2 wk ahead inc hosp,2021-10-30,DK,quantile,0.65,155
2021-10-17,2 wk ahead inc hosp,2021-10-30,DK,quantile,0.7,161
2021-10-17,2 wk ahead inc hosp,2021-10-30,DK,quantile,0.75,169
2021-10-17,2 wk ahead inc hosp,2021-10-30,DK,quantile,0.8,176
2021-10-17,2 wk ahead inc hosp,2021-10-30,DK,quantile,0.85,184
2021-10-17,2 wk ahead inc hosp,2021-10-30,DK,quantile,0.9,196
2021-10-17,2 wk ahead inc hosp,2021-10-30,DK,quantile,0.95,218
2021-10-17,2 wk ahead inc hosp,2021-10-30,DK,quantile,0.975,254
2021-10-17,2 wk ahead inc hosp,2021-10-30,DK,quantile,0.99,290
2021-10-17,3 wk ahead inc hosp,2021-11-06,DK,quantile,0.01,73
2021-10-17,3 wk ahead inc hosp,2021-11-06,DK,quantile,0.025,86
2021-10-17,3 wk ahead inc hosp,2021-11-06,DK,quantile,0.05,99
2021-10-17,3 wk ahead inc hosp,2021-11-06,DK,quantile,0.1,115
2021-10-17,3 wk ahead inc hosp,2021-11-06,DK,quantile,0.15,122
2021-10-17,3 wk ahead inc hosp,2021-11-06,DK,quantile,0.2,131
2021-10-17,3 wk ahead inc hosp,2021-11-06,DK,quantile,0.25,138
2021-10-17,3 wk ahead inc hosp,2021-11-06,DK,quantile,0.3,145
2021-10-17,3 wk ahead inc hosp,2021-11-06,DK,quantile,0.35,151
2021-10-17,3 wk ahead inc hosp,2021-11-06,DK,quantile,0.4,157
2021-10-17,3 wk ahead inc hosp,2021-11-06,DK,quantile,0.45,163
2021-10-17,3 wk ahead inc hosp,2021-11-06,DK,quantile,0.5,168
2021-10-17,3 wk ahead inc hosp,2021-11-06,DK,quantile,0.55,175
2021-10-17,3 wk ahead inc hosp,2021-11-06,DK,quantile,0.6,179
2021-10-17,3 wk ahead inc hosp,2021-11-06,DK,quantile,0.65,185
2021-10-17,3 wk ahead inc hosp,2021-11-06,DK,quantile,0.7,192
2021-10-17,3 wk ahead inc hosp,2021-11-06,DK,quantile,0.75,198
2021-10-17,3 wk ahead inc hosp,2021-11-06,DK,quantile,0.8,208
2021-10-17,3 wk ahead inc hosp,2021-11-06,DK,quantile,0.85,219
2021-10-17,3 wk ahead inc hosp,2021-11-06,DK,quantile,0.9,234
2021-10-17,3 wk ahead inc hosp,2021-11-06,DK,quantile,0.95,260
2021-10-17,3 wk ahead inc hosp,2021-11-06,DK,quantile,0.975,284
2021-10-17,3 wk ahead inc hosp,2021-11-06,DK,quantile,0.99,338
2021-10-17,4 wk ahead inc hosp,2021-11-13,DK,quantile,0.01,69
2021-10-17,4 wk ahead inc hosp,2021-11-13,DK,quantile,0.025,91
2021-10-17,4 wk ahead inc hosp,2021-11-13,DK,quantile,0.05,111
2021-10-17,4 wk ahead inc hosp,2021-11-13,DK,quantile,0.1,127
2021-10-17,4 wk ahead inc hosp,2021-11-13,DK,quantile,0.15,137
2021-10-17,4 wk ahead inc hosp,2021-11-13,DK,quantile,0.2,148
2021-10-17,4 wk ahead inc hosp,2021-11-13,DK,quantile,0.25,159
2021-10-17,4 wk ahead inc hosp,2021-11-13,DK,quantile,0.3,168
2021-10-17,4 wk ahead inc hosp,2021-11-13,DK,quantile,0.35,174
2021-10-17,4 wk ahead inc hosp,2021-11-13,DK,quantile,0.4,181
2021-10-17,4 wk ahead inc hosp,2021-11-13,DK,quantile,0.45,189
2021-10-17,4 wk ahead inc hosp,2021-11-13,DK,quantile,0.5,196
2021-10-17,4 wk ahead inc hosp,2021-11-13,DK,quantile,0.55,202
2021-10-17,4 wk ahead inc hosp,2021-11-13,DK,quantile,0.6,207
2021-10-17,4 wk ahead inc hosp,2021-11-13,DK,quantile,0.65,215
2021-10-17,4 wk ahead inc hosp,2021-11-13,DK,quantile,0.7,222
2021-10-17,4 wk ahead inc hosp,2021-11-13,DK,quantile,0.75,231
2021-10-17,4 wk ahead inc hosp,2021-11-13,DK,quantile,0.8,241
2021-10-17,4 wk ahead inc hosp,2021-11-13,DK,quantile,0.85,254
2021-10-17,4 wk ahead inc hosp,2021-11-13,DK,quantile,0.9,279
2021-10-17,4 wk ahead inc hosp,2021-11-13,DK,quantile,0.95,312
2021-10-17,4 wk ahead inc hosp,2021-11-13,DK,quantile,0.975,348
2021-10-17,4 wk ahead inc hosp,2021-11-13,DK,quantile,0.99,404
2021-10-17,1 wk ahead inc hosp,2021-10-23,EE,quantile,0.01,182
2021-10-17,1 wk ahead inc hosp,2021-10-23,EE,quantile,0.025,219
2021-10-17,1 wk ahead inc hosp,2021-10-23,EE,quantile,0.05,251
2021-10-17,1 wk ahead inc hosp,2021-10-23,EE,quantile,0.1,280
2021-10-17,1 wk ahead inc hosp,2021-10-23,EE,quantile,0.15,299
2021-10-17,1 wk ahead inc hosp,2021-10-23,EE,quantile,0.2,312
2021-10-17,1 wk ahead inc hosp,2021-10-23,EE,quantile,0.25,320
2021-10-17,1 wk ahead inc hosp,2021-10-23,EE,quantile,0.3,328
2021-10-17,1 wk ahead inc hosp,2021-10-23,EE,quantile,0.35,336
2021-10-17,1 wk ahead inc hosp,2021-10-23,EE,quantile,0.4,343
2021-10-17,1 wk ahead inc hosp,2021-10-23,EE,quantile,0.45,350
2021-10-17,1 wk ahead inc hosp,2021-10-23,EE,quantile,0.5,357
2021-10-17,1 wk ahead inc hosp,2021-10-23,EE,quantile,0.55,364
2021-10-17,1 wk ahead inc hosp,2021-10-23,EE,quantile,0.6,372
2021-10-17,1 wk ahead inc hosp,2021-10-23,EE,quantile,0.65,382
2021-10-17,1 wk ahead inc hosp,2021-10-23,EE,quantile,0.7,390
2021-10-17,1 wk ahead inc hosp,2021-10-23,EE,quantile,0.75,401
2021-10-17,1 wk ahead inc hosp,2021-10-23,EE,quantile,0.8,413
2021-10-17,1 wk ahead inc hosp,2021-10-23,EE,quantile,0.85,428
2021-10-17,1 wk ahead inc hosp,2021-10-23,EE,quantile,0.9,449
2021-10-17,1 wk ahead inc hosp,2021-10-23,EE,quantile,0.95,492
2021-10-17,1 wk ahead inc hosp,2021-10-23,EE,quantile,0.975,530
2021-10-17,1 wk ahead inc hosp,2021-10-23,EE,quantile,0.99,595
2021-10-17,2 wk ahead inc hosp,2021-10-30,EE,quantile,0.01,241
2021-10-17,2 wk ahead inc hosp,2021-10-30,EE,quantile,0.025,272
2021-10-17,2 wk ahead inc hosp,2021-10-30,EE,quantile,0.05,306
2021-10-17,2 wk ahead inc hosp,2021-10-30,EE,quantile,0.1,333
2021-10-17,2 wk ahead inc hosp,2021-10-30,EE,quantile,0.15,356
2021-10-17,2 wk ahead inc hosp,2021-10-30,EE,quantile,0.2,367
2021-10-17,2 wk ahead inc hosp,2021-10-30,EE,quantile,0.25,382
2021-10-17,2 wk ahead inc hosp,2021-10-30,EE,quantile,0.3,393
2021-10-17,2 wk ahead inc hosp,2021-10-30,EE,quantile,0.35,404
2021-10-17,2 wk ahead inc hosp,2021-10-30,EE,quantile,0.4,412
2021-10-17,2 wk ahead inc hosp,2021-10-30,EE,quantile,0.45,423
2021-10-17,2 wk ahead inc hosp,2021-10-30,EE,quantile,0.5,432
2021-10-17,2 wk ahead inc hosp,2021-10-30,EE,quantile,0.55,442
2021-10-17,2 wk ahead inc hosp,2021-10-30,EE,quantile,0.6,452
2021-10-17,2 wk ahead inc hosp,2021-10-30,EE,quantile,0.65,464
2021-10-17,2 wk ahead inc hosp,2021-10-30,EE,quantile,0.7,475
2021-10-17,2 wk ahead inc hosp,2021-10-30,EE,quantile,0.75,487
2021-10-17,2 wk ahead inc hosp,2021-10-30,EE,quantile,0.8,503
2021-10-17,2 wk ahead inc hosp,2021-10-30,EE,quantile,0.85,521
2021-10-17,2 wk ahead inc hosp,2021-10-30,EE,quantile,0.9,545
2021-10-17,2 wk ahead inc hosp,2021-10-30,EE,quantile,0.95,608
2021-10-17,2 wk ahead inc hosp,2021-10-30,EE,quantile,0.975,667
2021-10-17,2 wk ahead inc hosp,2021-10-30,EE,quantile,0.99,768
2021-10-17,3 wk ahead inc hosp,2021-11-06,EE,quantile,0.01,270
2021-10-17,3 wk ahead inc hosp,2021-11-06,EE,quantile,0.025,327
2021-10-17,3 wk ahead inc hosp,2021-11-06,EE,quantile,0.05,364
2021-10-17,3 wk ahead inc hosp,2021-11-06,EE,quantile,0.1,395
2021-10-17,3 wk ahead inc hosp,2021-11-06,EE,quantile,0.15,418
2021-10-17,3 wk ahead inc hosp,2021-11-06,EE,quantile,0.2,439
2021-10-17,3 wk ahead inc hosp,2021-11-06,EE,quantile,0.25,454
2021-10-17,3 wk ahead inc hosp,2021-11-06,EE,quantile,0.3,468
2021-10-17,3 wk ahead inc hosp,2021-11-06,EE,quantile,0.35,481
2021-10-17,3 wk ahead inc hosp,2021-11-06,EE,quantile,0.4,493
2021-10-17,3 wk ahead inc hosp,2021-11-06,EE,quantile,0.45,505
2021-10-17,3 wk ahead inc hosp,2021-11-06,EE,quantile,0.5,515
2021-10-17,3 wk ahead inc hosp,2021-11-06,EE,quantile,0.55,527
2021-10-17,3 wk ahead inc hosp,2021-11-06,EE,quantile,0.6,539
2021-10-17,3 wk ahead inc hosp,2021-11-06,EE,quantile,0.65,552
2021-10-17,3 wk ahead inc hosp,2021-11-06,EE,quantile,0.7,566
2021-10-17,3 wk ahead inc hosp,2021-11-06,EE,quantile,0.75,581
2021-10-17,3 wk ahead inc hosp,2021-11-06,EE,quantile,0.8,595
2021-10-17,3 wk ahead inc hosp,2021-11-06,EE,quantile,0.85,621
2021-10-17,3 wk ahead inc hosp,2021-11-06,EE,quantile,0.9,653
2021-10-17,3 wk ahead inc hosp,2021-11-06,EE,quantile,0.95,711
2021-10-17,3 wk ahead inc hosp,2021-11-06,EE,quantile,0.975,767
2021-10-17,3 wk ahead inc hosp,2021-11-06,EE,quantile,0.99,897
2021-10-17,4 wk ahead inc hosp,2021-11-13,EE,quantile,0.01,325
2021-10-17,4 wk ahead inc hosp,2021-11-13,EE,quantile,0.025,383
2021-10-17,4 wk ahead inc hosp,2021-11-13,EE,quantile,0.05,422
2021-10-17,4 wk ahead inc hosp,2021-11-13,EE,quantile,0.1,462
2021-10-17,4 wk ahead inc hosp,2021-11-13,EE,quantile,0.15,489
2021-10-17,4 wk ahead inc hosp,2021-11-13,EE,quantile,0.2,513
2021-10-17,4 wk ahead inc hosp,2021-11-13,EE,quantile,0.25,530
2021-10-17,4 wk ahead inc hosp,2021-11-13,EE,quantile,0.3,552
2021-10-17,4 wk ahead inc hosp,2021-11-13,EE,quantile,0.35,567
2021-10-17,4 wk ahead inc hosp,2021-11-13,EE,quantile,0.4,581
2021-10-17,4 wk ahead inc hosp,2021-11-13,EE,quantile,0.45,596
2021-10-17,4 wk ahead inc hosp,2021-11-13,EE,quantile,0.5,611
2021-10-17,4 wk ahead inc hosp,2021-11-13,EE,quantile,0.55,627
2021-10-17,4 wk ahead inc hosp,2021-11-13,EE,quantile,0.6,641
2021-10-17,4 wk ahead inc hosp,2021-11-13,EE,quantile,0.65,655
2021-10-17,4 wk ahead inc hosp,2021-11-13,EE,quantile,0.7,674
2021-10-17,4 wk ahead inc hosp,2021-11-13,EE,quantile,0.75,692
2021-10-17,4 wk ahead inc hosp,2021-11-13,EE,quantile,0.8,724
2021-10-17,4 wk ahead inc hosp,2021-11-13,EE,quantile,0.85,758
2021-10-17,4 wk ahead inc hosp,2021-11-13,EE,quantile,0.9,795
2021-10-17,4 wk ahead inc hosp,2021-11-13,EE,quantile,0.95,846
2021-10-17,4 wk ahead inc hosp,2021-11-13,EE,quantile,0.975,934
2021-10-17,4 wk ahead inc hosp,2021-11-13,EE,quantile,0.99,1054
2021-10-17,1 wk ahead inc hosp,2021-10-23,ES,quantile,0.01,267
2021-10-17,1 wk ahead inc hosp,2021-10-23,ES,quantile,0.025,299
2021-10-17,1 wk ahead inc hosp,2021-10-23,ES,quantile,0.05,323
2021-10-17,1 wk ahead inc hosp,2021-10-23,ES,quantile,0.1,345
2021-10-17,1 wk ahead inc hosp,2021-10-23,ES,quantile,0.15,363
2021-10-17,1 wk ahead inc hosp,2021-10-23,ES,quantile,0.2,374
2021-10-17,1 wk ahead inc hosp,2021-10-23,ES,quantile,0.25,384
2021-10-17,1 wk ahead inc hosp,2021-10-23,ES,quantile,0.3,392
2021-10-17,1 wk ahead inc hosp,2021-10-23,ES,quantile,0.35,401
2021-10-17,1 wk ahead inc hosp,2021-10-23,ES,quantile,0.4,409
2021-10-17,1 wk ahead inc hosp,2021-10-23,ES,quantile,0.45,417
2021-10-17,1 wk ahead inc hosp,2021-10-23,ES,quantile,0.5,424
2021-10-17,1 wk ahead inc hosp,2021-10-23,ES,quantile,0.55,429
2021-10-17,1 wk ahead inc hosp,2021-10-23,ES,quantile,0.6,437
2021-10-17,1 wk ahead inc hosp,2021-10-23,ES,quantile,0.65,446
2021-10-17,1 wk ahead inc hosp,2021-10-23,ES,quantile,0.7,455
2021-10-17,1 wk ahead inc hosp,2021-10-23,ES,quantile,0.75,466
2021-10-17,1 wk ahead inc hosp,2021-10-23,ES,quantile,0.8,478
2021-10-17,1 wk ahead inc hosp,2021-10-23,ES,quantile,0.85,490
2021-10-17,1 wk ahead inc hosp,2021-10-23,ES,quantile,0.9,507
2021-10-17,1 wk ahead inc hosp,2021-10-23,ES,quantile,0.95,544
2021-10-17,1 wk ahead inc hosp,2021-10-23,ES,quantile,0.975,576
2021-10-17,1 wk ahead inc hosp,2021-10-23,ES,quantile,0.99,612
2021-10-17,2 wk ahead inc hosp,2021-10-30,ES,quantile,0.01,182
2021-10-17,2 wk ahead inc hosp,2021-10-30,ES,quantile,0.025,207
2021-10-17,2 wk ahead inc hosp,2021-10-30,ES,quantile,0.05,230
2021-10-17,2 wk ahead inc hosp,2021-10-30,ES,quantile,0.1,260
2021-10-17,2 wk ahead inc hosp,2021-10-30,ES,quantile,0.15,285
2021-10-17,2 wk ahead inc hosp,2021-10-30,ES,quantile,0.2,297
2021-10-17,2 wk ahead inc hosp,2021-10-30,ES,quantile,0.25,313
2021-10-17,2 wk ahead inc hosp,2021-10-30,ES,quantile,0.3,325
2021-10-17,2 wk ahead inc hosp,2021-10-30,ES,quantile,0.35,335
2021-10-17,2 wk ahead inc hosp,2021-10-30,ES,quantile,0.4,349
2021-10-17,2 wk ahead inc hosp,2021-10-30,ES,quantile,0.45,361
2021-10-17,2 wk ahead inc hosp,2021-10-30,ES,quantile,0.5,372
2021-10-17,2 wk ahead inc hosp,2021-10-30,ES,quantile,0.55,382
2021-10-17,2 wk ahead inc hosp,2021-10-30,ES,quantile,0.6,393
2021-10-17,2 wk ahead inc hosp,2021-10-30,ES,quantile,0.65,408
2021-10-17,2 wk ahead inc hosp,2021-10-30,ES,quantile,0.7,423
2021-10-17,2 wk ahead inc hosp,2021-10-30,ES,quantile,0.75,438
2021-10-17,2 wk ahead inc hosp,2021-10-30,ES,quantile,0.8,457
2021-10-17,2 wk ahead inc hosp,2021-10-30,ES,quantile,0.85,475
2021-10-17,2 wk ahead inc hosp,2021-10-30,ES,quantile,0.9,502
2021-10-17,2 wk ahead inc hosp,2021-10-30,ES,quantile,0.95,551
2021-10-17,2 wk ahead inc hosp,2021-10-30,ES,quantile,0.975,603
2021-10-17,2 wk ahead inc hosp,2021-10-30,ES,quantile,0.99,659
2021-10-17,3 wk ahead inc hosp,2021-11-06,ES,quantile,0.01,110
2021-10-17,3 wk ahead inc hosp,2021-11-06,ES,quantile,0.025,137
2021-10-17,3 wk ahead inc hosp,2021-11-06,ES,quantile,0.05,166
2021-10-17,3 wk ahead inc hosp,2021-11-06,ES,quantile,0.1,198
2021-10-17,3 wk ahead inc hosp,2021-11-06,ES,quantile,0.15,227
2021-10-17,3 wk ahead inc hosp,2021-11-06,ES,quantile,0.2,248
2021-10-17,3 wk ahead inc hosp,2021-11-06,ES,quantile,0.25,261
2021-10-17,3 wk ahead inc hosp,2021-11-06,ES,quantile,0.3,278
2021-10-17,3 wk ahead inc hosp,2021-11-06,ES,quantile,0.35,294
2021-10-17,3 wk ahead inc hosp,2021-11-06,ES,quantile,0.4,309
2021-10-17,3 wk ahead inc hosp,2021-11-06,ES,quantile,0.45,323
2021-10-17,3 wk ahead inc hosp,2021-11-06,ES,quantile,0.5,339
2021-10-17,3 wk ahead inc hosp,2021-11-06,ES,quantile,0.55,353
2021-10-17,3 wk ahead inc hosp,2021-11-06,ES,quantile,0.6,366
2021-10-17,3 wk ahead inc hosp,2021-11-06,ES,quantile,0.65,380
2021-10-17,3 wk ahead inc hosp,2021-11-06,ES,quantile,0.7,394
2021-10-17,3 wk ahead inc hosp,2021-11-06,ES,quantile,0.75,410
2021-10-17,3 wk ahead inc hosp,2021-11-06,ES,quantile,0.8,435
2021-10-17,3 wk ahead inc hosp,2021-11-06,ES,quantile,0.85,465
2021-10-17,3 wk ahead inc hosp,2021-11-06,ES,quantile,0.9,495
2021-10-17,3 wk ahead inc hosp,2021-11-06,ES,quantile,0.95,555
2021-10-17,3 wk ahead inc hosp,2021-11-06,ES,quantile,0.975,643
2021-10-17,3 wk ahead inc hosp,2021-11-06,ES,quantile,0.99,710
2021-10-17,4 wk ahead inc hosp,2021-11-13,ES,quantile,0.01,89
2021-10-17,4 wk ahead inc hosp,2021-11-13,ES,quantile,0.025,110
2021-10-17,4 wk ahead inc hosp,2021-11-13,ES,quantile,0.05,125
2021-10-17,4 wk ahead inc hosp,2021-11-13,ES,quantile,0.1,160
2021-10-17,4 wk ahead inc hosp,2021-11-13,ES,quantile,0.15,190
2021-10-17,4 wk ahead inc hosp,2021-11-13,ES,quantile,0.2,209
2021-10-17,4 wk ahead inc hosp,2021-11-13,ES,quantile,0.25,224
2021-10-17,4 wk ahead inc hosp,2021-11-13,ES,quantile,0.3,237
2021-10-17,4 wk ahead inc hosp,2021-11-13,ES,quantile,0.35,249
2021-10-17,4 wk ahead inc hosp,2021-11-13,ES,quantile,0.4,265
2021-10-17,4 wk ahead inc hosp,2021-11-13,ES,quantile,0.45,282
2021-10-17,4 wk ahead inc hosp,2021-11-13,ES,quantile,0.5,299
2021-10-17,4 wk ahead inc hosp,2021-11-13,ES,quantile,0.55,316
2021-10-17,4 wk ahead inc hosp,2021-11-13,ES,quantile,0.6,335
2021-10-17,4 wk ahead inc hosp,2021-11-13,ES,quantile,0.65,355
2021-10-17,4 wk ahead inc hosp,2021-11-13,ES,quantile,0.7,376
2021-10-17,4 wk ahead inc hosp,2021-11-13,ES,quantile,0.75,399
2021-10-17,4 wk ahead inc hosp,2021-11-13,ES,quantile,0.8,427
2021-10-17,4 wk ahead inc hosp,2021-11-13,ES,quantile,0.85,462
2021-10-17,4 wk ahead inc hosp,2021-11-13,ES,quantile,0.9,503
2021-10-17,4 wk ahead inc hosp,2021-11-13,ES,quantile,0.95,572
2021-10-17,4 wk ahead inc hosp,2021-11-13,ES,quantile,0.975,652
2021-10-17,4 wk ahead inc hosp,2021-11-13,ES,quantile,0.99,792
2021-10-17,1 wk ahead inc hosp,2021-10-23,FR,quantile,0.01,868
2021-10-17,1 wk ahead inc hosp,2021-10-23,FR,quantile,0.025,948
2021-10-17,1 wk ahead inc hosp,2021-10-23,FR,quantile,0.05,1004
2021-10-17,1 wk ahead inc hosp,2021-10-23,FR,quantile,0.1,1070
2021-10-17,1 wk ahead inc hosp,2021-10-23,FR,quantile,0.15,1103
2021-10-17,1 wk ahead inc hosp,2021-10-23,FR,quantile,0.2,1130
2021-10-17,1 wk ahead inc hosp,2021-10-23,FR,quantile,0.25,1148
2021-10-17,1 wk ahead inc hosp,2021-10-23,FR,quantile,0.3,1170
2021-10-17,1 wk ahead inc hosp,2021-10-23,FR,quantile,0.35,1189
2021-10-17,1 wk ahead inc hosp,2021-10-23,FR,quantile,0.4,1217
2021-10-17,1 wk ahead inc hosp,2021-10-23,FR,quantile,0.45,1235
2021-10-17,1 wk ahead inc hosp,2021-10-23,FR,quantile,0.5,1250
2021-10-17,1 wk ahead inc hosp,2021-10-23,FR,quantile,0.55,1272
2021-10-17,1 wk ahead inc hosp,2021-10-23,FR,quantile,0.6,1293
2021-10-17,1 wk ahead inc hosp,2021-10-23,FR,quantile,0.65,1316
2021-10-17,1 wk ahead inc hosp,2021-10-23,FR,quantile,0.7,1339
2021-10-17,1 wk ahead inc hosp,2021-10-23,FR,quantile,0.75,1361
2021-10-17,1 wk ahead inc hosp,2021-10-23,FR,quantile,0.8,1391
2021-10-17,1 wk ahead inc hosp,2021-10-23,FR,quantile,0.85,1431
2021-10-17,1 wk ahead inc hosp,2021-10-23,FR,quantile,0.9,1485
2021-10-17,1 wk ahead inc hosp,2021-10-23,FR,quantile,0.95,1582
2021-10-17,1 wk ahead inc hosp,2021-10-23,FR,quantile,0.975,1645
2021-10-17,1 wk ahead inc hosp,2021-10-23,FR,quantile,0.99,1755
2021-10-17,2 wk ahead inc hosp,2021-10-30,FR,quantile,0.01,822
2021-10-17,2 wk ahead inc hosp,2021-10-30,FR,quantile,0.025,879
2021-10-17,2 wk ahead inc hosp,2021-10-30,FR,quantile,0.05,956
2021-10-17,2 wk ahead inc hosp,2021-10-30,FR,quantile,0.1,1037
2021-10-17,2 wk ahead inc hosp,2021-10-30,FR,quantile,0.15,1078
2021-10-17,2 wk ahead inc hosp,2021-10-30,FR,quantile,0.2,1122
2021-10-17,2 wk ahead inc hosp,2021-10-30,FR,quantile,0.25,1160
2021-10-17,2 wk ahead inc hosp,2021-10-30,FR,quantile,0.3,1189
2021-10-17,2 wk ahead inc hosp,2021-10-30,FR,quantile,0.35,1218
2021-10-17,2 wk ahead inc hosp,2021-10-30,FR,quantile,0.4,1249
2021-10-17,2 wk ahead inc hosp,2021-10-30,FR,quantile,0.45,1282
2021-10-17,2 wk ahead inc hosp,2021-10-30,FR,quantile,0.5,1320
2021-10-17,2 wk ahead inc hosp,2021-10-30,FR,quantile,0.55,1343
2021-10-17,2 wk ahead inc hosp,2021-10-30,FR,quantile,0.6,1374
2021-10-17,2 wk ahead inc hosp,2021-10-30,FR,quantile,0.65,1406
2021-10-17,2 wk ahead inc hosp,2021-10-30,FR,quantile,0.7,1444
2021-10-17,2 wk ahead inc hosp,2021-10-30,FR,quantile,0.75,1487
2021-10-17,2 wk ahead inc hosp,2021-10-30,FR,quantile,0.8,1535
2021-10-17,2 wk ahead inc hosp,2021-10-30,FR,quantile,0.85,1601
2021-10-17,2 wk ahead inc hosp,2021-10-30,FR,quantile,0.9,1664
2021-10-17,2 wk ahead inc hosp,2021-10-30,FR,quantile,0.95,1804
2021-10-17,2 wk ahead inc hosp,2021-10-30,FR,quantile,0.975,1887
2021-10-17,2 wk ahead inc hosp,2021-10-30,FR,quantile,0.99,2073
2021-10-17,3 wk ahead inc hosp,2021-11-06,FR,quantile,0.01,723
2021-10-17,3 wk ahead inc hosp,2021-11-06,FR,quantile,0.025,840
2021-10-17,3 wk ahead inc hosp,2021-11-06,FR,quantile,0.05,907
2021-10-17,3 wk ahead inc hosp,2021-11-06,FR,quantile,0.1,993
2021-10-17,3 wk ahead inc hosp,2021-11-06,FR,quantile,0.15,1046
2021-10-17,3 wk ahead inc hosp,2021-11-06,FR,quantile,0.2,1104
2021-10-17,3 wk ahead inc hosp,2021-11-06,FR,quantile,0.25,1152
2021-10-17,3 wk ahead inc hosp,2021-11-06,FR,quantile,0.3,1192
2021-10-17,3 wk ahead inc hosp,2021-11-06,FR,quantile,0.35,1235
2021-10-17,3 wk ahead inc hosp,2021-11-06,FR,quantile,0.4,1283
2021-10-17,3 wk ahead inc hosp,2021-11-06,FR,quantile,0.45,1331
2021-10-17,3 wk ahead inc hosp,2021-11-06,FR,quantile,0.5,1373
2021-10-17,3 wk ahead inc hosp,2021-11-06,FR,quantile,0.55,1416
2021-10-17,3 wk ahead inc hosp,2021-11-06,FR,quantile,0.6,1466
2021-10-17,3 wk ahead inc hosp,2021-11-06,FR,quantile,0.65,1509
2021-10-17,3 wk ahead inc hosp,2021-11-06,FR,quantile,0.7,1567
2021-10-17,3 wk ahead inc hosp,2021-11-06,FR,quantile,0.75,1629
2021-10-17,3 wk ahead inc hosp,2021-11-06,FR,quantile,0.8,1694
2021-10-17,3 wk ahead inc hosp,2021-11-06,FR,quantile,0.85,1788
2021-10-17,3 wk ahead inc hosp,2021-11-06,FR,quantile,0.9,1919
2021-10-17,3 wk ahead inc hosp,2021-11-06,FR,quantile,0.95,2145
2021-10-17,3 wk ahead inc hosp,2021-11-06,FR,quantile,0.975,2364
2021-10-17,3 wk ahead inc hosp,2021-11-06,FR,quantile,0.99,2537
2021-10-17,4 wk ahead inc hosp,2021-11-13,FR,quantile,0.01,681
2021-10-17,4 wk ahead inc hosp,2021-11-13,FR,quantile,0.025,784
2021-10-17,4 wk ahead inc hosp,2021-11-13,FR,quantile,0.05,862
2021-10-17,4 wk ahead inc hosp,2021-11-13,FR,quantile,0.1,949
2021-10-17,4 wk ahead inc hosp,2021-11-13,FR,quantile,0.15,1041
2021-10-17,4 wk ahead inc hosp,2021-11-13,FR,quantile,0.2,1115
2021-10-17,4 wk ahead inc hosp,2021-11-13,FR,quantile,0.25,1174
2021-10-17,4 wk ahead inc hosp,2021-11-13,FR,quantile,0.3,1234
2021-10-17,4 wk ahead inc hosp,2021-11-13,FR,quantile,0.35,1295
2021-10-17,4 wk ahead inc hosp,2021-11-13,FR,quantile,0.4,1353
2021-10-17,4 wk ahead inc hosp,2021-11-13,FR,quantile,0.45,1406
2021-10-17,4 wk ahead inc hosp,2021-11-13,FR,quantile,0.5,1458
2021-10-17,4 wk ahead inc hosp,2021-11-13,FR,quantile,0.55,1537
2021-10-17,4 wk ahead inc hosp,2021-11-13,FR,quantile,0.6,1606
2021-10-17,4 wk ahead inc hosp,2021-11-13,FR,quantile,0.65,1664
2021-10-17,4 wk ahead inc hosp,2021-11-13,FR,quantile,0.7,1734
2021-10-17,4 wk ahead inc hosp,2021-11-13,FR,quantile,0.75,1814
2021-10-17,4 wk ahead inc hosp,2021-11-13,FR,quantile,0.8,1907
2021-10-17,4 wk ahead inc hosp,2021-11-13,FR,quantile,0.85,2066
2021-10-17,4 wk ahead inc hosp,2021-11-13,FR,quantile,0.9,2277
2021-10-17,4 wk ahead inc hosp,2021-11-13,FR,quantile,0.95,2598
2021-10-17,4 wk ahead inc hosp,2021-11-13,FR,quantile,0.975,2955
2021-10-17,4 wk ahead inc hosp,2021-11-13,FR,quantile,0.99,3258
2021-10-17,1 wk ahead inc hosp,2021-10-23,HR,quantile,0.01,117
2021-10-17,1 wk ahead inc hosp,2021-10-23,HR,quantile,0.025,205
2021-10-17,1 wk ahead inc hosp,2021-10-23,HR,quantile,0.05,340
2021-10-17,1 wk ahead inc hosp,2021-10-23,HR,quantile,0.1,474
2021-10-17,1 wk ahead inc hosp,2021-10-23,HR,quantile,0.15,558
2021-10-17,1 wk ahead inc hosp,2021-10-23,HR,quantile,0.2,627
2021-10-17,1 wk ahead inc hosp,2021-10-23,HR,quantile,0.25,706
2021-10-17,1 wk ahead inc hosp,2021-10-23,HR,quantile,0.3,756
2021-10-17,1 wk ahead inc hosp,2021-10-23,HR,quantile,0.35,805
2021-10-17,1 wk ahead inc hosp,2021-10-23,HR,quantile,0.4,861
2021-10-17,1 wk ahead inc hosp,2021-10-23,HR,quantile,0.45,902
2021-10-17,1 wk ahead inc hosp,2021-10-23,HR,quantile,0.5,964
2021-10-17,1 wk ahead inc hosp,2021-10-23,HR,quantile,0.55,1020
2021-10-17,1 wk ahead inc hosp,2021-10-23,HR,quantile,0.6,1080
2021-10-17,1 wk ahead inc hosp,2021-10-23,HR,quantile,0.65,1144
2021-10-17,1 wk ahead inc hosp,2021-10-23,HR,quantile,0.7,1211
2021-10-17,1 wk ahead inc hosp,2021-10-23,HR,quantile,0.75,1297
2021-10-17,1 wk ahead inc hosp,2021-10-23,HR,quantile,0.8,1426
2021-10-17,1 wk ahead inc hosp,2021-10-23,HR,quantile,0.85,1567
2021-10-17,1 wk ahead inc hosp,2021-10-23,HR,quantile,0.9,1742
2021-10-17,1 wk ahead inc hosp,2021-10-23,HR,quantile,0.95,2007
2021-10-17,1 wk ahead inc hosp,2021-10-23,HR,quantile,0.975,2436
2021-10-17,1 wk ahead inc hosp,2021-10-23,HR,quantile,0.99,3076
2021-10-17,2 wk ahead inc hosp,2021-10-30,HR,quantile,0.01,167
2021-10-17,2 wk ahead inc hosp,2021-10-30,HR,quantile,0.025,334
2021-10-17,2 wk ahead inc hosp,2021-10-30,HR,quantile,0.05,453
2021-10-17,2 wk ahead inc hosp,2021-10-30,HR,quantile,0.1,569
2021-10-17,2 wk ahead inc hosp,2021-10-30,HR,quantile,0.15,651
2021-10-17,2 wk ahead inc hosp,2021-10-30,HR,quantile,0.2,720
2021-10-17,2 wk ahead inc hosp,2021-10-30,HR,quantile,0.25,788
2021-10-17,2 wk ahead inc hosp,2021-10-30,HR,quantile,0.3,835
2021-10-17,2 wk ahead inc hosp,2021-10-30,HR,quantile,0.35,901
2021-10-17,2 wk ahead inc hosp,2021-10-30,HR,quantile,0.4,957
2021-10-17,2 wk ahead inc hosp,2021-10-30,HR,quantile,0.45,1006
2021-10-17,2 wk ahead inc hosp,2021-10-30,HR,quantile,0.5,1068
2021-10-17,2 wk ahead inc hosp,2021-10-30,HR,quantile,0.55,1130
2021-10-17,2 wk ahead inc hosp,2021-10-30,HR,quantile,0.6,1195
2021-10-17,2 wk ahead inc hosp,2021-10-30,HR,quantile,0.65,1259
2021-10-17,2 wk ahead inc hosp,2021-10-30,HR,quantile,0.7,1343
2021-10-17,2 wk ahead inc hosp,2021-10-30,HR,quantile,0.75,1447
2021-10-17,2 wk ahead inc hosp,2021-10-30,HR,quantile,0.8,1528
2021-10-17,2 wk ahead inc hosp,2021-10-30,HR,quantile,0.85,1642
2021-10-17,2 wk ahead inc hosp,2021-10-30,HR,quantile,0.9,1839
2021-10-17,2 wk ahead inc hosp,2021-10-30,HR,quantile,0.95,2332
2021-10-17,2 wk ahead inc hosp,2021-10-30,HR,quantile,0.975,2892
2021-10-17,2 wk ahead inc hosp,2021-10-30,HR,quantile,0.99,3609
2021-10-17,3 wk ahead inc hosp,2021-11-06,HR,quantile,0.01,244
2021-10-17,3 wk ahead inc hosp,2021-11-06,HR,quantile,0.025,353
2021-10-17,3 wk ahead inc hosp,2021-11-06,HR,quantile,0.05,448
2021-10-17,3 wk ahead inc hosp,2021-11-06,HR,quantile,0.1,573
2021-10-17,3 wk ahead inc hosp,2021-11-06,HR,quantile,0.15,659
2021-10-17,3 wk ahead inc hosp,2021-11-06,HR,quantile,0.2,743
2021-10-17,3 wk ahead inc hosp,2021-11-06,HR,quantile,0.25,817
2021-10-17,3 wk ahead inc hosp,2021-11-06,HR,quantile,0.3,872
2021-10-17,3 wk ahead inc hosp,2021-11-06,HR,quantile,0.35,940
2021-10-17,3 wk ahead inc hosp,2021-11-06,HR,quantile,0.4,995
2021-10-17,3 wk ahead inc hosp,2021-11-06,HR,quantile,0.45,1068
2021-10-17,3 wk ahead inc hosp,2021-11-06,HR,quantile,0.5,1148
2021-10-17,3 wk ahead inc hosp,2021-11-06,HR,quantile,0.55,1208
2021-10-17,3 wk ahead inc hosp,2021-11-06,HR,quantile,0.6,1278
2021-10-17,3 wk ahead inc hosp,2021-11-06,HR,quantile,0.65,1339
2021-10-17,3 wk ahead inc hosp,2021-11-06,HR,quantile,0.7,1423
2021-10-17,3 wk ahead inc hosp,2021-11-06,HR,quantile,0.75,1516
2021-10-17,3 wk ahead inc hosp,2021-11-06,HR,quantile,0.8,1638
2021-10-17,3 wk ahead inc hosp,2021-11-06,HR,quantile,0.85,1826
2021-10-17,3 wk ahead inc hosp,2021-11-06,HR,quantile,0.9,2076
2021-10-17,3 wk ahead inc hosp,2021-11-06,HR,quantile,0.95,2470
2021-10-17,3 wk ahead inc hosp,2021-11-06,HR,quantile,0.975,2903
2021-10-17,3 wk ahead inc hosp,2021-11-06,HR,quantile,0.99,3518
2021-10-17,4 wk ahead inc hosp,2021-11-13,HR,quantile,0.01,212
2021-10-17,4 wk ahead inc hosp,2021-11-13,HR,quantile,0.025,308
2021-10-17,4 wk ahead inc hosp,2021-11-13,HR,quantile,0.05,431
2021-10-17,4 wk ahead inc hosp,2021-11-13,HR,quantile,0.1,569
2021-10-17,4 wk ahead inc hosp,2021-11-13,HR,quantile,0.15,683
2021-10-17,4 wk ahead inc hosp,2021-11-13,HR,quantile,0.2,762
2021-10-17,4 wk ahead inc hosp,2021-11-13,HR,quantile,0.25,837
2021-10-17,4 wk ahead inc hosp,2021-11-13,HR,quantile,0.3,922
2021-10-17,4 wk ahead inc hosp,2021-11-13,HR,quantile,0.35,995
2021-10-17,4 wk ahead inc hosp,2021-11-13,HR,quantile,0.4,1063
2021-10-17,4 wk ahead inc hosp,2021-11-13,HR,quantile,0.45,1117
2021-10-17,4 wk ahead inc hosp,2021-11-13,HR,quantile,0.5,1188
2021-10-17,4 wk ahead inc hosp,2021-11-13,HR,quantile,0.55,1270
2021-10-17,4 wk ahead inc hosp,2021-11-13,HR,quantile,0.6,1340
2021-10-17,4 wk ahead inc hosp,2021-11-13,HR,quantile,0.65,1427
2021-10-17,4 wk ahead inc hosp,2021-11-13,HR,quantile,0.7,1521
2021-10-17,4 wk ahead inc hosp,2021-11-13,HR,quantile,0.75,1658
2021-10-17,4 wk ahead inc hosp,2021-11-13,HR,quantile,0.8,1805
2021-10-17,4 wk ahead inc hosp,2021-11-13,HR,quantile,0.85,1969
2021-10-17,4 wk ahead inc hosp,2021-11-13,HR,quantile,0.9,2234
2021-10-17,4 wk ahead inc hosp,2021-11-13,HR,quantile,0.95,2684
2021-10-17,4 wk ahead inc hosp,2021-11-13,HR,quantile,0.975,3280
2021-10-17,4 wk ahead inc hosp,2021-11-13,HR,quantile,0.99,3761
2021-10-17,1 wk ahead inc hosp,2021-10-23,IE,quantile,0.01,132
2021-10-17,1 wk ahead inc hosp,2021-10-23,IE,quantile,0.025,167
2021-10-17,1 wk ahead inc hosp,2021-10-23,IE,quantile,0.05,189
2021-10-17,1 wk ahead inc hosp,2021-10-23,IE,quantile,0.1,212
2021-10-17,1 wk ahead inc hosp,2021-10-23,IE,quantile,0.15,227
2021-10-17,1 wk ahead inc hosp,2021-10-23,IE,quantile,0.2,242
2021-10-17,1 wk ahead inc hosp,2021-10-23,IE,quantile,0.25,255
2021-10-17,1 wk ahead inc hosp,2021-10-23,IE,quantile,0.3,266
2021-10-17,1 wk ahead inc hosp,2021-10-23,IE,quantile,0.35,276
2021-10-17,1 wk ahead inc hosp,2021-10-23,IE,quantile,0.4,284
2021-10-17,1 wk ahead inc hosp,2021-10-23,IE,quantile,0.45,294
2021-10-17,1 wk ahead inc hosp,2021-10-23,IE,quantile,0.5,301
2021-10-17,1 wk ahead inc hosp,2021-10-23,IE,quantile,0.55,311
2021-10-17,1 wk ahead inc hosp,2021-10-23,IE,quantile,0.6,320
2021-10-17,1 wk ahead inc hosp,2021-10-23,IE,quantile,0.65,329
2021-10-17,1 wk ahead inc hosp,2021-10-23,IE,quantile,0.7,341
2021-10-17,1 wk ahead inc hosp,2021-10-23,IE,quantile,0.75,353
2021-10-17,1 wk ahead inc hosp,2021-10-23,IE,quantile,0.8,367
2021-10-17,1 wk ahead inc hosp,2021-10-23,IE,quantile,0.85,387
2021-10-17,1 wk ahead inc hosp,2021-10-23,IE,quantile,0.9,416
2021-10-17,1 wk ahead inc hosp,2021-10-23,IE,quantile,0.95,454
2021-10-17,1 wk ahead inc hosp,2021-10-23,IE,quantile,0.975,507
2021-10-17,1 wk ahead inc hosp,2021-10-23,IE,quantile,0.99,615
2021-10-17,2 wk ahead inc hosp,2021-10-30,IE,quantile,0.01,166
2021-10-17,2 wk ahead inc hosp,2021-10-30,IE,quantile,0.025,201
2021-10-17,2 wk ahead inc hosp,2021-10-30,IE,quantile,0.05,222
2021-10-17,2 wk ahead inc hosp,2021-10-30,IE,quantile,0.1,243
2021-10-17,2 wk ahead inc hosp,2021-10-30,IE,quantile,0.15,258
2021-10-17,2 wk ahead inc hosp,2021-10-30,IE,quantile,0.2,274
2021-10-17,2 wk ahead inc hosp,2021-10-30,IE,quantile,0.25,284
2021-10-17,2 wk ahead inc hosp,2021-10-30,IE,quantile,0.3,295
2021-10-17,2 wk ahead inc hosp,2021-10-30,IE,quantile,0.35,306
2021-10-17,2 wk ahead inc hosp,2021-10-30,IE,quantile,0.4,318
2021-10-17,2 wk ahead inc hosp,2021-10-30,IE,quantile,0.45,329
2021-10-17,2 wk ahead inc hosp,2021-10-30,IE,quantile,0.5,340
2021-10-17,2 wk ahead inc hosp,2021-10-30,IE,quantile,0.55,353
2021-10-17,2 wk ahead inc hosp,2021-10-30,IE,quantile,0.6,364
2021-10-17,2 wk ahead inc hosp,2021-10-30,IE,quantile,0.65,374
2021-10-17,2 wk ahead inc hosp,2021-10-30,IE,quantile,0.7,388
2021-10-17,2 wk ahead inc hosp,2021-10-30,IE,quantile,0.75,403
2021-10-17,2 wk ahead inc hosp,2021-10-30,IE,quantile,0.8,420
2021-10-17,2 wk ahead inc hosp,2021-10-30,IE,quantile,0.85,444
2021-10-17,2 wk ahead inc hosp,2021-10-30,IE,quantile,0.9,476
2021-10-17,2 wk ahead inc hosp,2021-10-30,IE,quantile,0.95,541
2021-10-17,2 wk ahead inc hosp,2021-10-30,IE,quantile,0.975,603
2021-10-17,2 wk ahead inc hosp,2021-10-30,IE,quantile,0.99,678
2021-10-17,3 wk ahead inc hosp,2021-11-06,IE,quantile,0.01,151
2021-10-17,3 wk ahead inc hosp,2021-11-06,IE,quantile,0.025,189
2021-10-17,3 wk ahead inc hosp,2021-11-06,IE,quantile,0.05,221
2021-10-17,3 wk ahead inc hosp,2021-11-06,IE,quantile,0.1,256
2021-10-17,3 wk ahead inc hosp,2021-11-06,IE,quantile,0.15,278
2021-10-17,3 wk ahead inc hosp,2021-11-06,IE,quantile,0.2,296
2021-10-17,3 wk ahead inc hosp,2021-11-06,IE,quantile,0.25,314
2021-10-17,3 wk ahead inc hosp,2021-11-06,IE,quantile,0.3,330
2021-10-17,3 wk ahead inc hosp,2021-11-06,IE,quantile,0.35,343
2021-10-17,3 wk ahead inc hosp,2021-11-06,IE,quantile,0.4,357
2021-10-17,3 wk ahead inc hosp,2021-11-06,IE,quantile,0.45,369
2021-10-17,3 wk ahead inc hosp,2021-11-06,IE,quantile,0.5,381
2021-10-17,3 wk ahead inc hosp,2021-11-06,IE,quantile,0.55,393
2021-10-17,3 wk ahead inc hosp,2021-11-06,IE,quantile,0.6,405
2021-10-17,3 wk ahead inc hosp,2021-11-06,IE,quantile,0.65,417
2021-10-17,3 wk ahead inc hosp,2021-11-06,IE,quantile,0.7,433
2021-10-17,3 wk ahead inc hosp,2021-11-06,IE,quantile,0.75,449
2021-10-17,3 wk ahead inc hosp,2021-11-06,IE,quantile,0.8,468
2021-10-17,3 wk ahead inc hosp,2021-11-06,IE,quantile,0.85,493
2021-10-17,3 wk ahead inc hosp,2021-11-06,IE,quantile,0.9,537
2021-10-17,3 wk ahead inc hosp,2021-11-06,IE,quantile,0.95,593
2021-10-17,3 wk ahead inc hosp,2021-11-06,IE,quantile,0.975,699
2021-10-17,3 wk ahead inc hosp,2021-11-06,IE,quantile,0.99,849
2021-10-17,4 wk ahead inc hosp,2021-11-13,IE,quantile,0.01,183
2021-10-17,4 wk ahead inc hosp,2021-11-13,IE,quantile,0.025,213
2021-10-17,4 wk ahead inc hosp,2021-11-13,IE,quantile,0.05,242
2021-10-17,4 wk ahead inc hosp,2021-11-13,IE,quantile,0.1,284
2021-10-17,4 wk ahead inc hosp,2021-11-13,IE,quantile,0.15,307
2021-10-17,4 wk ahead inc hosp,2021-11-13,IE,quantile,0.2,328
2021-10-17,4 wk ahead inc hosp,2021-11-13,IE,quantile,0.25,346
2021-10-17,4 wk ahead inc hosp,2021-11-13,IE,quantile,0.3,364
2021-10-17,4 wk ahead inc hosp,2021-11-13,IE,quantile,0.35,376
2021-10-17,4 wk ahead inc hosp,2021-11-13,IE,quantile,0.4,389
2021-10-17,4 wk ahead inc hosp,2021-11-13,IE,quantile,0.45,404
2021-10-17,4 wk ahead inc hosp,2021-11-13,IE,quantile,0.5,417
2021-10-17,4 wk ahead inc hosp,2021-11-13,IE,quantile,0.55,433
2021-10-17,4 wk ahead inc hosp,2021-11-13,IE,quantile,0.6,447
2021-10-17,4 wk ahead inc hosp,2021-11-13,IE,quantile,0.65,465
2021-10-17,4 wk ahead inc hosp,2021-11-13,IE,quantile,0.7,482
2021-10-17,4 wk ahead inc hosp,2021-11-13,IE,quantile,0.75,504
2021-10-17,4 wk ahead inc hosp,2021-11-13,IE,quantile,0.8,529
2021-10-17,4 wk ahead inc hosp,2021-11-13,IE,quantile,0.85,563
2021-10-17,4 wk ahead inc hosp,2021-11-13,IE,quantile,0.9,601
2021-10-17,4 wk ahead inc hosp,2021-11-13,IE,quantile,0.95,678
2021-10-17,4 wk ahead inc hosp,2021-11-13,IE,quantile,0.975,770
2021-10-17,4 wk ahead inc hosp,2021-11-13,IE,quantile,0.99,940
2021-10-17,1 wk ahead inc hosp,2021-10-23,NL,quantile,0.01,138
2021-10-17,1 wk ahead inc hosp,2021-10-23,NL,quantile,0.025,210
2021-10-17,1 wk ahead inc hosp,2021-10-23,NL,quantile,0.05,254
2021-10-17,1 wk ahead inc hosp,2021-10-23,NL,quantile,0.1,302
2021-10-17,1 wk ahead inc hosp,2021-10-23,NL,quantile,0.15,336
2021-10-17,1 wk ahead inc hosp,2021-10-23,NL,quantile,0.2,355
2021-10-17,1 wk ahead inc hosp,2021-10-23,NL,quantile,0.25,384
2021-10-17,1 wk ahead inc hosp,2021-10-23,NL,quantile,0.3,401
2021-10-17,1 wk ahead inc hosp,2021-10-23,NL,quantile,0.35,418
2021-10-17,1 wk ahead inc hosp,2021-10-23,NL,quantile,0.4,430
2021-10-17,1 wk ahead inc hosp,2021-10-23,NL,quantile,0.45,446
2021-10-17,1 wk ahead inc hosp,2021-10-23,NL,quantile,0.5,462
2021-10-17,1 wk ahead inc hosp,2021-10-23,NL,quantile,0.55,481
2021-10-17,1 wk ahead inc hosp,2021-10-23,NL,quantile,0.6,494
2021-10-17,1 wk ahead inc hosp,2021-10-23,NL,quantile,0.65,511
2021-10-17,1 wk ahead inc hosp,2021-10-23,NL,quantile,0.7,528
2021-10-17,1 wk ahead inc hosp,2021-10-23,NL,quantile,0.75,547
2021-10-17,1 wk ahead inc hosp,2021-10-23,NL,quantile,0.8,565
2021-10-17,1 wk ahead inc hosp,2021-10-23,NL,quantile,0.85,587
2021-10-17,1 wk ahead inc hosp,2021-10-23,NL,quantile,0.9,621
2021-10-17,1 wk ahead inc hosp,2021-10-23,NL,quantile,0.95,682
2021-10-17,1 wk ahead inc hosp,2021-10-23,NL,quantile,0.975,744
2021-10-17,1 wk ahead inc hosp,2021-10-23,NL,quantile,0.99,832
2021-10-17,2 wk ahead inc hosp,2021-10-30,NL,quantile,0.01,275
2021-10-17,2 wk ahead inc hosp,2021-10-30,NL,quantile,0.025,313
2021-10-17,2 wk ahead inc hosp,2021-10-30,NL,quantile,0.05,359
2021-10-17,2 wk ahead inc hosp,2021-10-30,NL,quantile,0.1,424
2021-10-17,2 wk ahead inc hosp,2021-10-30,NL,quantile,0.15,456
2021-10-17,2 wk ahead inc hosp,2021-10-30,NL,quantile,0.2,486
2021-10-17,2 wk ahead inc hosp,2021-10-30,NL,quantile,0.25,511
2021-10-17,2 wk ahead inc hosp,2021-10-30,NL,quantile,0.3,531
2021-10-17,2 wk ahead inc hosp,2021-10-30,NL,quantile,0.35,553
2021-10-17,2 wk ahead inc hosp,2021-10-30,NL,quantile,0.4,575
2021-10-17,2 wk ahead inc hosp,2021-10-30,NL,quantile,0.45,597
2021-10-17,2 wk ahead inc hosp,2021-10-30,NL,quantile,0.5,613
2021-10-17,2 wk ahead inc hosp,2021-10-30,NL,quantile,0.55,632
2021-10-17,2 wk ahead inc hosp,2021-10-30,NL,quantile,0.6,653
2021-10-17,2 wk ahead inc hosp,2021-10-30,NL,quantile,0.65,676
2021-10-17,2 wk ahead inc hosp,2021-10-30,NL,quantile,0.7,699
2021-10-17,2 wk ahead inc hosp,2021-10-30,NL,quantile,0.75,725
2021-10-17,2 wk ahead inc hosp,2021-10-30,NL,quantile,0.8,757
2021-10-17,2 wk ahead inc hosp,2021-10-30,NL,quantile,0.85,792
2021-10-17,2 wk ahead inc hosp,2021-10-30,NL,quantile,0.9,838
2021-10-17,2 wk ahead inc hosp,2021-10-30,NL,quantile,0.95,913
2021-10-17,2 wk ahead inc hosp,2021-10-30,NL,quantile,0.975,974
2021-10-17,2 wk ahead inc hosp,2021-10-30,NL,quantile,0.99,1091
2021-10-17,3 wk ahead inc hosp,2021-11-06,NL,quantile,0.01,348
2021-10-17,3 wk ahead inc hosp,2021-11-06,NL,quantile,0.025,412
2021-10-17,3 wk ahead inc hosp,2021-11-06,NL,quantile,0.05,456
2021-10-17,3 wk ahead inc hosp,2021-11-06,NL,quantile,0.1,527
2021-10-17,3 wk ahead inc hosp,2021-11-06,NL,quantile,0.15,581
2021-10-17,3 wk ahead inc hosp,2021-11-06,NL,quantile,0.2,622
2021-10-17,3 wk ahead inc hosp,2021-11-06,NL,quantile,0.25,656
2021-10-17,3 wk ahead inc hosp,2021-11-06,NL,quantile,0.3,681
2021-10-17,3 wk ahead inc hosp,2021-11-06,NL,quantile,0.35,707
2021-10-17,3 wk ahead inc hosp,2021-11-06,NL,quantile,0.4,723
2021-10-17,3 wk ahead inc hosp,2021-11-06,NL,quantile,0.45,745
2021-10-17,3 wk ahead inc hosp,2021-11-06,NL,quantile,0.5,770
2021-10-17,3 wk ahead inc hosp,2021-11-06,NL,quantile,0.55,794
2021-10-17,3 wk ahead inc hosp,2021-11-06,NL,quantile,0.6,824
2021-10-17,3 wk ahead inc hosp,2021-11-06,NL,quantile,0.65,849
2021-10-17,3 wk ahead inc hosp,2021-11-06,NL,quantile,0.7,882
2021-10-17,3 wk ahead inc hosp,2021-11-06,NL,quantile,0.75,912
2021-10-17,3 wk ahead inc hosp,2021-11-06,NL,quantile,0.8,959
2021-10-17,3 wk ahead inc hosp,2021-11-06,NL,quantile,0.85,1018
2021-10-17,3 wk ahead inc hosp,2021-11-06,NL,quantile,0.9,1091
2021-10-17,3 wk ahead inc hosp,2021-11-06,NL,quantile,0.95,1214
2021-10-17,3 wk ahead inc hosp,2021-11-06,NL,quantile,0.975,1315
2021-10-17,3 wk ahead inc hosp,2021-11-06,NL,quantile,0.99,1500
2021-10-17,4 wk ahead inc hosp,2021-11-13,NL,quantile,0.01,405
2021-10-17,4 wk ahead inc hosp,2021-11-13,NL,quantile,0.025,481
2021-10-17,4 wk ahead inc hosp,2021-11-13,NL,quantile,0.05,546
2021-10-17,4 wk ahead inc hosp,2021-11-13,NL,quantile,0.1,623
2021-10-17,4 wk ahead inc hosp,2021-11-13,NL,quantile,0.15,681
2021-10-17,4 wk ahead inc hosp,2021-11-13,NL,quantile,0.2,723
2021-10-17,4 wk ahead inc hosp,2021-11-13,NL,quantile,0.25,760
2021-10-17,4 wk ahead inc hosp,2021-11-13,NL,quantile,0.3,793
2021-10-17,4 wk ahead inc hosp,2021-11-13,NL,quantile,0.35,827
2021-10-17,4 wk ahead inc hosp,2021-11-13,NL,quantile,0.4,862
2021-10-17,4 wk ahead inc hosp,2021-11-13,NL,quantile,0.45,896
2021-10-17,4 wk ahead inc hosp,2021-11-13,NL,quantile,0.5,922
2021-10-17,4 wk ahead inc hosp,2021-11-13,NL,quantile,0.55,953
2021-10-17,4 wk ahead inc hosp,2021-11-13,NL,quantile,0.6,982
2021-10-17,4 wk ahead inc hosp,2021-11-13,NL,quantile,0.65,1023
2021-10-17,4 wk ahead inc hosp,2021-11-13,NL,quantile,0.7,1065
2021-10-17,4 wk ahead inc hosp,2021-11-13,NL,quantile,0.75,1107
2021-10-17,4 wk ahead inc hosp,2021-11-13,NL,quantile,0.8,1172
2021-10-17,4 wk ahead inc hosp,2021-11-13,NL,quantile,0.85,1246
2021-10-17,4 wk ahead inc hosp,2021-11-13,NL,quantile,0.9,1355
2021-10-17,4 wk ahead inc hosp,2021-11-13,NL,quantile,0.95,1530
2021-10-17,4 wk ahead inc hosp,2021-11-13,NL,quantile,0.975,1766
2021-10-17,4 wk ahead inc hosp,2021-11-13,NL,quantile,0.99,1933
2021-10-17,1 wk ahead inc hosp,2021-10-23,NO,quantile,0.01,9
2021-10-17,1 wk ahead inc hosp,2021-10-23,NO,quantile,0.025,12
2021-10-17,1 wk ahead inc hosp,2021-10-23,NO,quantile,0.05,15
2021-10-17,1 wk ahead inc hosp,2021-10-23,NO,quantile,0.1,19
2021-10-17,1 wk ahead inc hosp,2021-10-23,NO,quantile,0.15,22
2021-10-17,1 wk ahead inc hosp,2021-10-23,NO,quantile,0.2,24
2021-10-17,1 wk ahead inc hosp,2021-10-23,NO,quantile,0.25,26
2021-10-17,1 wk ahead inc hosp,2021-10-23,NO,quantile,0.3,28
2021-10-17,1 wk ahead inc hosp,2021-10-23,NO,quantile,0.35,29
2021-10-17,1 wk ahead inc hosp,2021-10-23,NO,quantile,0.4,31
2021-10-17,1 wk ahead inc hosp,2021-10-23,NO,quantile,0.45,32
2021-10-17,1 wk ahead inc hosp,2021-10-23,NO,quantile,0.5,34
2021-10-17,1 wk ahead inc hosp,2021-10-23,NO,quantile,0.55,35
2021-10-17,1 wk ahead inc hosp,2021-10-23,NO,quantile,0.6,37
2021-10-17,1 wk ahead inc hosp,2021-10-23,NO,quantile,0.65,39
2021-10-17,1 wk ahead inc hosp,2021-10-23,NO,quantile,0.7,41
2021-10-17,1 wk ahead inc hosp,2021-10-23,NO,quantile,0.75,45
2021-10-17,1 wk ahead inc hosp,2021-10-23,NO,quantile,0.8,48
2021-10-17,1 wk ahead inc hosp,2021-10-23,NO,quantile,0.85,52
2021-10-17,1 wk ahead inc hosp,2021-10-23,NO,quantile,0.9,56
2021-10-17,1 wk ahead inc hosp,2021-10-23,NO,quantile,0.95,70
2021-10-17,1 wk ahead inc hosp,2021-10-23,NO,quantile,0.975,84
2021-10-17,1 wk ahead inc hosp,2021-10-23,NO,quantile,0.99,93
2021-10-17,2 wk ahead inc hosp,2021-10-30,NO,quantile,0.01,6
2021-10-17,2 wk ahead inc hosp,2021-10-30,NO,quantile,0.025,10
2021-10-17,2 wk ahead inc hosp,2021-10-30,NO,quantile,0.05,12
2021-10-17,2 wk ahead inc hosp,2021-10-30,NO,quantile,0.1,15
2021-10-17,2 wk ahead inc hosp,2021-10-30,NO,quantile,0.15,17
2021-10-17,2 wk ahead inc hosp,2021-10-30,NO,quantile,0.2,19
2021-10-17,2 wk ahead inc hosp,2021-10-30,NO,quantile,0.25,21
2021-10-17,2 wk ahead inc hosp,2021-10-30,NO,quantile,0.3,22
2021-10-17,2 wk ahead inc hosp,2021-10-30,NO,quantile,0.35,23
2021-10-17,2 wk ahead inc hosp,2021-10-30,NO,quantile,0.4,24
2021-10-17,2 wk ahead inc hosp,2021-10-30,NO,quantile,0.45,26
2021-10-17,2 wk ahead inc hosp,2021-10-30,NO,quantile,0.5,28
2021-10-17,2 wk ahead inc hosp,2021-10-30,NO,quantile,0.55,29
2021-10-17,2 wk ahead inc hosp,2021-10-30,NO,quantile,0.6,30
2021-10-17,2 wk ahead inc hosp,2021-10-30,NO,quantile,0.65,32
2021-10-17,2 wk ahead inc hosp,2021-10-30,NO,quantile,0.7,34
2021-10-17,2 wk ahead inc hosp,2021-10-30,NO,quantile,0.75,36
2021-10-17,2 wk ahead inc hosp,2021-10-30,NO,quantile,0.8,40
2021-10-17,2 wk ahead inc hosp,2021-10-30,NO,quantile,0.85,43
2021-10-17,2 wk ahead inc hosp,2021-10-30,NO,quantile,0.9,48
2021-10-17,2 wk ahead inc hosp,2021-10-30,NO,quantile,0.95,57
2021-10-17,2 wk ahead inc hosp,2021-10-30,NO,quantile,0.975,66
2021-10-17,2 wk ahead inc hosp,2021-10-30,NO,quantile,0.99,83
2021-10-17,3 wk ahead inc hosp,2021-11-06,NO,quantile,0.01,4
2021-10-17,3 wk ahead inc hosp,2021-11-06,NO,quantile,0.025,7
2021-10-17,3 wk ahead inc hosp,2021-11-06,NO,quantile,0.05,9
2021-10-17,3 wk ahead inc hosp,2021-11-06,NO,quantile,0.1,12
2021-10-17,3 wk ahead inc hosp,2021-11-06,NO,quantile,0.15,14
2021-10-17,3 wk ahead inc hosp,2021-11-06,NO,quantile,0.2,15
2021-10-17,3 wk ahead inc hosp,2021-11-06,NO,quantile,0.25,17
2021-10-17,3 wk ahead inc hosp,2021-11-06,NO,quantile,0.3,19
2021-10-17,3 wk ahead inc hosp,2021-11-06,NO,quantile,0.35,20
2021-10-17,3 wk ahead inc hosp,2021-11-06,NO,quantile,0.4,21
2021-10-17,3 wk ahead inc hosp,2021-11-06,NO,quantile,0.45,23
2021-10-17,3 wk ahead inc hosp,2021-11-06,NO,quantile,0.5,24
2021-10-17,3 wk ahead inc hosp,2021-11-06,NO,quantile,0.55,25
2021-10-17,3 wk ahead inc hosp,2021-11-06,NO,quantile,0.6,27
2021-10-17,3 wk ahead inc hosp,2021-11-06,NO,quantile,0.65,28
2021-10-17,3 wk ahead inc hosp,2021-11-06,NO,quantile,0.7,30
2021-10-17,3 wk ahead inc hosp,2021-11-06,NO,quantile,0.75,32
2021-10-17,3 wk ahead inc hosp,2021-11-06,NO,quantile,0.8,35
2021-10-17,3 wk ahead inc hosp,2021-11-06,NO,quantile,0.85,37
2021-10-17,3 wk ahead inc hosp,2021-11-06,NO,quantile,0.9,42
2021-10-17,3 wk ahead inc hosp,2021-11-06,NO,quantile,0.95,50
2021-10-17,3 wk ahead inc hosp,2021-11-06,NO,quantile,0.975,62
2021-10-17,3 wk ahead inc hosp,2021-11-06,NO,quantile,0.99,77
2021-10-17,4 wk ahead inc hosp,2021-11-13,NO,quantile,0.01,3
2021-10-17,4 wk ahead inc hosp,2021-11-13,NO,quantile,0.025,5
2021-10-17,4 wk ahead inc hosp,2021-11-13,NO,quantile,0.05,7
2021-10-17,4 wk ahead inc hosp,2021-11-13,NO,quantile,0.1,10
2021-10-17,4 wk ahead inc hosp,2021-11-13,NO,quantile,0.15,11
2021-10-17,4 wk ahead inc hosp,2021-11-13,NO,quantile,0.2,13
2021-10-17,4 wk ahead inc hosp,2021-11-13,NO,quantile,0.25,14
2021-10-17,4 wk ahead inc hosp,2021-11-13,NO,quantile,0.3,15
2021-10-17,4 wk ahead inc hosp,2021-11-13,NO,quantile,0.35,17
2021-10-17,4 wk ahead inc hosp,2021-11-13,NO,quantile,0.4,18
2021-10-17,4 wk ahead inc hosp,2021-11-13,NO,quantile,0.45,19
2021-10-17,4 wk ahead inc hosp,2021-11-13,NO,quantile,0.5,20
2021-10-17,4 wk ahead inc hosp,2021-11-13,NO,quantile,0.55,21
2021-10-17,4 wk ahead inc hosp,2021-11-13,NO,quantile,0.6,22
2021-10-17,4 wk ahead inc hosp,2021-11-13,NO,quantile,0.65,24
2021-10-17,4 wk ahead inc hosp,2021-11-13,NO,quantile,0.7,25
2021-10-17,4 wk ahead inc hosp,2021-11-13,NO,quantile,0.75,27
2021-10-17,4 wk ahead inc hosp,2021-11-13,NO,quantile,0.8,29
2021-10-17,4 wk ahead inc hosp,2021-11-13,NO,quantile,0.85,32
2021-10-17,4 wk ahead inc hosp,2021-11-13,NO,quantile,0.9,37
2021-10-17,4 wk ahead inc hosp,2021-11-13,NO,quantile,0.95,43
2021-10-17,4 wk ahead inc hosp,2021-11-13,NO,quantile,0.975,49
2021-10-17,4 wk ahead inc hosp,2021-11-13,NO,quantile,0.99,58
2021-10-17,1 wk ahead inc hosp,2021-10-23,SI,quantile,0.01,128
2021-10-17,1 wk ahead inc hosp,2021-10-23,SI,quantile,0.025,160
2021-10-17,1 wk ahead inc hosp,2021-10-23,SI,quantile,0.05,184
2021-10-17,1 wk ahead inc hosp,2021-10-23,SI,quantile,0.1,214
2021-10-17,1 wk ahead inc hosp,2021-10-23,SI,quantile,0.15,232
2021-10-17,1 wk ahead inc hosp,2021-10-23,SI,quantile,0.2,245
2021-10-17,1 wk ahead inc hosp,2021-10-23,SI,quantile,0.25,258
2021-10-17,1 wk ahead inc hosp,2021-10-23,SI,quantile,0.3,270
2021-10-17,1 wk ahead inc hosp,2021-10-23,SI,quantile,0.35,281
2021-10-17,1 wk ahead inc hosp,2021-10-23,SI,quantile,0.4,292
2021-10-17,1 wk ahead inc hosp,2021-10-23,SI,quantile,0.45,307
2021-10-17,1 wk ahead inc hosp,2021-10-23,SI,quantile,0.5,316
2021-10-17,1 wk ahead inc hosp,2021-10-23,SI,quantile,0.55,327
2021-10-17,1 wk ahead inc hosp,2021-10-23,SI,quantile,0.6,338
2021-10-17,1 wk ahead inc hosp,2021-10-23,SI,quantile,0.65,357
2021-10-17,1 wk ahead inc hosp,2021-10-23,SI,quantile,0.7,370
2021-10-17,1 wk ahead inc hosp,2021-10-23,SI,quantile,0.75,388
2021-10-17,1 wk ahead inc hosp,2021-10-23,SI,quantile,0.8,410
2021-10-17,1 wk ahead inc hosp,2021-10-23,SI,quantile,0.85,436
2021-10-17,1 wk ahead inc hosp,2021-10-23,SI,quantile,0.9,482
2021-10-17,1 wk ahead inc hosp,2021-10-23,SI,quantile,0.95,569
2021-10-17,1 wk ahead inc hosp,2021-10-23,SI,quantile,0.975,642
2021-10-17,1 wk ahead inc hosp,2021-10-23,SI,quantile,0.99,746
2021-10-17,2 wk ahead inc hosp,2021-10-30,SI,quantile,0.01,123
2021-10-17,2 wk ahead inc hosp,2021-10-30,SI,quantile,0.025,148
2021-10-17,2 wk ahead inc hosp,2021-10-30,SI,quantile,0.05,187
2021-10-17,2 wk ahead inc hosp,2021-10-30,SI,quantile,0.1,213
2021-10-17,2 wk ahead inc hosp,2021-10-30,SI,quantile,0.15,232
2021-10-17,2 wk ahead inc hosp,2021-10-30,SI,quantile,0.2,252
2021-10-17,2 wk ahead inc hosp,2021-10-30,SI,quantile,0.25,266
2021-10-17,2 wk ahead inc hosp,2021-10-30,SI,quantile,0.3,280
2021-10-17,2 wk ahead inc hosp,2021-10-30,SI,quantile,0.35,291
2021-10-17,2 wk ahead inc hosp,2021-10-30,SI,quantile,0.4,305
2021-10-17,2 wk ahead inc hosp,2021-10-30,SI,quantile,0.45,318
2021-10-17,2 wk ahead inc hosp,2021-10-30,SI,quantile,0.5,332
2021-10-17,2 wk ahead inc hosp,2021-10-30,SI,quantile,0.55,343
2021-10-17,2 wk ahead inc hosp,2021-10-30,SI,quantile,0.6,353
2021-10-17,2 wk ahead inc hosp,2021-10-30,SI,quantile,0.65,369
2021-10-17,2 wk ahead inc hosp,2021-10-30,SI,quantile,0.7,381
2021-10-17,2 wk ahead inc hosp,2021-10-30,SI,quantile,0.75,402
2021-10-17,2 wk ahead inc hosp,2021-10-30,SI,quantile,0.8,424
2021-10-17,2 wk ahead inc hosp,2021-10-30,SI,quantile,0.85,454
2021-10-17,2 wk ahead inc hosp,2021-10-30,SI,quantile,0.9,513
2021-10-17,2 wk ahead inc hosp,2021-10-30,SI,quantile,0.95,621
2021-10-17,2 wk ahead inc hosp,2021-10-30,SI,quantile,0.975,700
2021-10-17,2 wk ahead inc hosp,2021-10-30,SI,quantile,0.99,904
2021-10-17,3 wk ahead inc hosp,2021-11-06,SI,quantile,0.01,105
2021-10-17,3 wk ahead inc hosp,2021-11-06,SI,quantile,0.025,150
2021-10-17,3 wk ahead inc hosp,2021-11-06,SI,quantile,0.05,180
2021-10-17,3 wk ahead inc hosp,2021-11-06,SI,quantile,0.1,208
2021-10-17,3 wk ahead inc hosp,2021-11-06,SI,quantile,0.15,233
2021-10-17,3 wk ahead inc hosp,2021-11-06,SI,quantile,0.2,251
2021-10-17,3 wk ahead inc hosp,2021-11-06,SI,quantile,0.25,265
2021-10-17,3 wk ahead inc hosp,2021-11-06,SI,quantile,0.3,278
2021-10-17,3 wk ahead inc hosp,2021-11-06,SI,quantile,0.35,293
2021-10-17,3 wk ahead inc hosp,2021-11-06,SI,quantile,0.4,307
2021-10-17,3 wk ahead inc hosp,2021-11-06,SI,quantile,0.45,322
2021-10-17,3 wk ahead inc hosp,2021-11-06,SI,quantile,0.5,337
2021-10-17,3 wk ahead inc hosp,2021-11-06,SI,quantile,0.55,348
2021-10-17,3 wk ahead inc hosp,2021-11-06,SI,quantile,0.6,364
2021-10-17,3 wk ahead inc hosp,2021-11-06,SI,quantile,0.65,381
2021-10-17,3 wk ahead inc hosp,2021-11-06,SI,quantile,0.7,398
2021-10-17,3 wk ahead inc hosp,2021-11-06,SI,quantile,0.75,421
2021-10-17,3 wk ahead inc hosp,2021-11-06,SI,quantile,0.8,444
2021-10-17,3 wk ahead inc hosp,2021-11-06,SI,quantile,0.85,478
2021-10-17,3 wk ahead inc hosp,2021-11-06,SI,quantile,0.9,542
2021-10-17,3 wk ahead inc hosp,2021-11-06,SI,quantile,0.95,634
2021-10-17,3 wk ahead inc hosp,2021-11-06,SI,quantile,0.975,767
2021-10-17,3 wk ahead inc hosp,2021-11-06,SI,quantile,0.99,892
2021-10-17,4 wk ahead inc hosp,2021-11-13,SI,quantile,0.01,105
2021-10-17,4 wk ahead inc hosp,2021-11-13,SI,quantile,0.025,140
2021-10-17,4 wk ahead inc hosp,2021-11-13,SI,quantile,0.05,176
2021-10-17,4 wk ahead inc hosp,2021-11-13,SI,quantile,0.1,207
2021-10-17,4 wk ahead inc hosp,2021-11-13,SI,quantile,0.15,229
2021-10-17,4 wk ahead inc hosp,2021-11-13,SI,quantile,0.2,251
2021-10-17,4 wk ahead inc hosp,2021-11-13,SI,quantile,0.25,271
2021-10-17,4 wk ahead inc hosp,2021-11-13,SI,quantile,0.3,286
2021-10-17,4 wk ahead inc hosp,2021-11-13,SI,quantile,0.35,300
2021-10-17,4 wk ahead inc hosp,2021-11-13,SI,quantile,0.4,315
2021-10-17,4 wk ahead inc hosp,2021-11-13,SI,quantile,0.45,333
2021-10-17,4 wk ahead inc hosp,2021-11-13,SI,quantile,0.5,346
2021-10-17,4 wk ahead inc hosp,2021-11-13,SI,quantile,0.55,364
2021-10-17,4 wk ahead inc hosp,2021-11-13,SI,quantile,0.6,385
2021-10-17,4 wk ahead inc hosp,2021-11-13,SI,quantile,0.65,403
2021-10-17,4 wk ahead inc hosp,2021-11-13,SI,quantile,0.7,425
2021-10-17,4 wk ahead inc hosp,2021-11-13,SI,quantile,0.75,445
2021-10-17,4 wk ahead inc hosp,2021-11-13,SI,quantile,0.8,472
2021-10-17,4 wk ahead inc hosp,2021-11-13,SI,quantile,0.85,501
2021-10-17,4 wk ahead inc hosp,2021-11-13,SI,quantile,0.9,556
2021-10-17,4 wk ahead inc hosp,2021-11-13,SI,quantile,0.95,657
2021-10-17,4 wk ahead inc hosp,2021-11-13,SI,quantile,0.975,769
2021-10-17,4 wk ahead inc hosp,2021-11-13,SI,quantile,0.99,964
2021-10-17,1 wk ahead inc hosp,2021-10-23,BE,point,NA,536
2021-10-17,2 wk ahead inc hosp,2021-10-30,BE,point,NA,577
2021-10-17,3 wk ahead inc hosp,2021-11-06,BE,point,NA,638
2021-10-17,4 wk ahead inc hosp,2021-11-13,BE,point,NA,672
2021-10-17,1 wk ahead inc hosp,2021-10-23,DK,point,NA,122
2021-10-17,2 wk ahead inc hosp,2021-10-30,DK,point,NA,141
2021-10-17,3 wk ahead inc hosp,2021-11-06,DK,point,NA,168
2021-10-17,4 wk ahead inc hosp,2021-11-13,DK,point,NA,196
2021-10-17,1 wk ahead inc hosp,2021-10-23,EE,point,NA,357
2021-10-17,2 wk ahead inc hosp,2021-10-30,EE,point,NA,432
2021-10-17,3 wk ahead inc hosp,2021-11-06,EE,point,NA,515
2021-10-17,4 wk ahead inc hosp,2021-11-13,EE,point,NA,611
2021-10-17,1 wk ahead inc hosp,2021-10-23,ES,point,NA,424
2021-10-17,2 wk ahead inc hosp,2021-10-30,ES,point,NA,372
2021-10-17,3 wk ahead inc hosp,2021-11-06,ES,point,NA,339
2021-10-17,4 wk ahead inc hosp,2021-11-13,ES,point,NA,299
2021-10-17,1 wk ahead inc hosp,2021-10-23,FR,point,NA,1250
2021-10-17,2 wk ahead inc hosp,2021-10-30,FR,point,NA,1320
2021-10-17,3 wk ahead inc hosp,2021-11-06,FR,point,NA,1373
2021-10-17,4 wk ahead inc hosp,2021-11-13,FR,point,NA,1458
2021-10-17,1 wk ahead inc hosp,2021-10-23,HR,point,NA,964
2021-10-17,2 wk ahead inc hosp,2021-10-30,HR,point,NA,1068
2021-10-17,3 wk ahead inc hosp,2021-11-06,HR,point,NA,1148
2021-10-17,4 wk ahead inc hosp,2021-11-13,HR,point,NA,1188
2021-10-17,1 wk ahead inc hosp,2021-10-23,IE,point,NA,301
2021-10-17,2 wk ahead inc hosp,2021-10-30,IE,point,NA,340
2021-10-17,3 wk ahead inc hosp,2021-11-06,IE,point,NA,381
2021-10-17,4 wk ahead inc hosp,2021-11-13,IE,point,NA,417
2021-10-17,1 wk ahead inc hosp,2021-10-23,NL,point,NA,462
2021-10-17,2 wk ahead inc hosp,2021-10-30,NL,point,NA,613
2021-10-17,3 wk ahead inc hosp,2021-11-06,NL,point,NA,770
2021-10-17,4 wk ahead inc hosp,2021-11-13,NL,point,NA,922
2021-10-17,1 wk ahead inc hosp,2021-10-23,NO,point,NA,34
2021-10-17,2 wk ahead inc hosp,2021-10-30,NO,point,NA,28
2021-10-17,3 wk ahead inc hosp,2021-11-06,NO,point,NA,24
2021-10-17,4 wk ahead inc hosp,2021-11-13,NO,point,NA,20
2021-10-17,1 wk ahead inc hosp,2021-10-23,SI,point,NA,316
2021-10-17,2 wk ahead inc hosp,2021-10-30,SI,point,NA,332
2021-10-17,3 wk ahead inc hosp,2021-11-06,SI,point,NA,337
2021-10-17,4 wk ahead inc hosp,2021-11-13,SI,point,NA,346
