location_name,location,date,value,source,type
Czechia,CZ,2020-01-04,0,TESSy,ECDC
Czechia,CZ,2020-01-11,0,TESSy,ECDC
Czechia,CZ,2020-01-18,0,TESSy,ECDC
Czechia,CZ,2020-01-25,0,TESSy,ECDC
Czechia,CZ,2020-02-01,0,TESSy,ECDC
Czechia,CZ,2020-02-08,0,TESSy,ECDC
Czechia,CZ,2020-02-15,0,TESSy,ECDC
Czechia,CZ,2020-02-22,0,TESSy,ECDC
Czechia,CZ,2020-02-29,0,TESSy,ECDC
Czechia,CZ,2020-03-07,0,TESSy,ECDC
Czechia,CZ,2020-03-14,8,TESSy,ECDC
Czechia,CZ,2020-03-21,119,TESSy,ECDC
Czechia,CZ,2020-03-28,347,TESSy,ECDC
Czechia,CZ,2020-04-04,512,TESSy,ECDC
Czechia,CZ,2020-04-11,573,TESSy,ECDC
Czechia,CZ,2020-04-18,510,TESSy,ECDC
Czechia,CZ,2020-04-25,472,TESSy,ECDC
Czechia,CZ,2020-05-02,367,TESSy,ECDC
Czechia,CZ,2020-05-09,281,TESSy,ECDC
Czechia,CZ,2020-05-16,192,TESSy,ECDC
Czechia,CZ,2020-05-23,145,TESSy,ECDC
Czechia,CZ,2020-05-30,119,TESSy,ECDC
Czechia,CZ,2020-06-06,99,TESSy,ECDC
Czechia,CZ,2020-06-13,90,TESSy,ECDC
Czechia,CZ,2020-06-20,113,TESSy,ECDC
Czechia,CZ,2020-06-27,106,TESSy,ECDC
Czechia,CZ,2020-07-04,105,TESSy,ECDC
Czechia,CZ,2020-07-11,106,TESSy,ECDC
Czechia,CZ,2020-07-18,108,TESSy,ECDC
Czechia,CZ,2020-07-25,130,TESSy,ECDC
Czechia,CZ,2020-08-01,168,TESSy,ECDC
Czechia,CZ,2020-08-08,174,TESSy,ECDC
Czechia,CZ,2020-08-15,189,TESSy,ECDC
Czechia,CZ,2020-08-22,201,TESSy,ECDC
Czechia,CZ,2020-08-29,230,TESSy,ECDC
Czechia,CZ,2020-09-05,321,TESSy,ECDC
Czechia,CZ,2020-09-12,492,TESSy,ECDC
Czechia,CZ,2020-09-19,836,TESSy,ECDC
Czechia,CZ,2020-09-26,1346,TESSy,ECDC
Czechia,CZ,2020-10-03,1950,TESSy,ECDC
Czechia,CZ,2020-10-10,3352,TESSy,ECDC
Czechia,CZ,2020-10-17,5567,TESSy,ECDC
Czechia,CZ,2020-10-24,8920,TESSy,ECDC
Czechia,CZ,2020-10-31,11641,TESSy,ECDC
Czechia,CZ,2020-11-07,12705,TESSy,ECDC
Czechia,CZ,2020-11-14,11466,TESSy,ECDC
Czechia,CZ,2020-11-21,9337,TESSy,ECDC
Czechia,CZ,2020-11-28,8219,TESSy,ECDC
Czechia,CZ,2020-12-05,7319,TESSy,ECDC
Czechia,CZ,2020-12-12,7179,TESSy,ECDC
Czechia,CZ,2020-12-19,7565,TESSy,ECDC
Czechia,CZ,2020-12-26,8141,TESSy,ECDC
Czechia,CZ,2021-01-02,10126,TESSy,ECDC
Czechia,CZ,2021-01-09,12066,TESSy,ECDC
Czechia,CZ,2021-01-16,11402,TESSy,ECDC
Czechia,CZ,2021-01-23,10460,TESSy,ECDC
Czechia,CZ,2021-01-30,9653,TESSy,ECDC
Czechia,CZ,2021-02-06,9547,TESSy,ECDC
Czechia,CZ,2021-02-13,9809,TESSy,ECDC
Czechia,CZ,2021-02-20,10638,TESSy,ECDC
Czechia,CZ,2021-02-27,12080,TESSy,ECDC
Czechia,CZ,2021-03-06,13621,TESSy,ECDC
Czechia,CZ,2021-03-13,14463,TESSy,ECDC
Czechia,CZ,2021-03-20,14168,TESSy,ECDC
Czechia,CZ,2021-03-27,13054,TESSy,ECDC
Czechia,CZ,2021-04-03,11544,TESSy,ECDC
Czechia,CZ,2021-04-10,9469,TESSy,ECDC
Czechia,CZ,2021-04-17,7535,TESSy,ECDC
Czechia,CZ,2021-04-24,5911,TESSy,ECDC
Czechia,CZ,2021-05-01,4622,TESSy,ECDC
Czechia,CZ,2021-05-08,3620,TESSy,ECDC
Czechia,CZ,2021-05-15,2653,TESSy,ECDC
Czechia,CZ,2021-05-22,1812,TESSy,ECDC
Czechia,CZ,2021-05-29,1167,TESSy,ECDC
Czechia,CZ,2021-06-05,710,TESSy,ECDC
Czechia,CZ,2021-06-12,396,TESSy,ECDC
Czechia,CZ,2021-06-19,233,TESSy,ECDC
Czechia,CZ,2021-06-26,127,TESSy,ECDC
Czechia,CZ,2021-07-03,94,TESSy,ECDC
Czechia,CZ,2021-07-10,62,TESSy,ECDC
Czechia,CZ,2021-07-17,62,TESSy,ECDC
Czechia,CZ,2021-07-24,86,TESSy,ECDC
Czechia,CZ,2021-07-31,99,TESSy,ECDC
Czechia,CZ,2021-08-07,100,TESSy,ECDC
Czechia,CZ,2021-08-14,108,TESSy,ECDC
Czechia,CZ,2021-08-21,123,TESSy,ECDC
Czechia,CZ,2021-08-28,121,TESSy,ECDC
Czechia,CZ,2021-09-04,126,TESSy,ECDC
Czechia,CZ,2021-09-11,180,TESSy,ECDC
Czechia,CZ,2021-09-18,273,TESSy,ECDC
Czechia,CZ,2021-09-25,306,TESSy,ECDC
Czechia,CZ,2021-10-02,397,TESSy,ECDC
Czechia,CZ,2021-10-09,549,TESSy,ECDC
Czechia,CZ,2021-10-16,813,TESSy,ECDC
Czechia,CZ,2021-10-23,1441,TESSy,ECDC
Czechia,CZ,2021-10-30,2504,TESSy,ECDC
Greece,GR,2020-09-05,210,TESSy,ECDC
Greece,GR,2020-09-12,261,TESSy,ECDC
Greece,GR,2020-09-19,343,TESSy,ECDC
Greece,GR,2020-09-26,336,TESSy,ECDC
Greece,GR,2020-10-03,400,TESSy,ECDC
Greece,GR,2020-10-10,371,TESSy,ECDC
Greece,GR,2020-10-17,421,TESSy,ECDC
Greece,GR,2020-10-24,592,TESSy,ECDC
Greece,GR,2020-10-31,959,TESSy,ECDC
Greece,GR,2020-11-07,1724,TESSy,ECDC
Greece,GR,2020-11-14,2770,TESSy,ECDC
Greece,GR,2020-11-21,3202,TESSy,ECDC
Greece,GR,2020-11-28,2881,TESSy,ECDC
Greece,GR,2020-12-05,2415,TESSy,ECDC
Greece,GR,2020-12-12,1941,TESSy,ECDC
Greece,GR,2020-12-19,1528,TESSy,ECDC
Greece,GR,2020-12-26,1023,TESSy,ECDC
Greece,GR,2021-01-02,1004,TESSy,ECDC
Greece,GR,2021-01-09,859,TESSy,ECDC
Greece,GR,2021-01-16,935,TESSy,ECDC
Greece,GR,2021-01-23,727,TESSy,ECDC
Greece,GR,2021-01-30,935,TESSy,ECDC
Greece,GR,2021-02-06,1229,TESSy,ECDC
Greece,GR,2021-02-13,1446,TESSy,ECDC
Greece,GR,2021-02-20,1533,TESSy,ECDC
Greece,GR,2021-02-27,2007,TESSy,ECDC
Greece,GR,2021-03-06,2582,TESSy,ECDC
Greece,GR,2021-03-13,3181,TESSy,ECDC
Greece,GR,2021-03-20,3320,TESSy,ECDC
Greece,GR,2021-03-27,3141,TESSy,ECDC
Greece,GR,2021-04-03,3489,TESSy,ECDC
Greece,GR,2021-04-10,3765,TESSy,ECDC
Greece,GR,2021-04-17,3599,TESSy,ECDC
Greece,GR,2021-04-24,3319,TESSy,ECDC
Greece,GR,2021-05-01,3030,TESSy,ECDC
Greece,GR,2021-05-08,2652,TESSy,ECDC
Greece,GR,2021-05-15,2202,TESSy,ECDC
Greece,GR,2021-05-22,1897,TESSy,ECDC
Greece,GR,2021-05-29,1430,TESSy,ECDC
Greece,GR,2021-06-05,1115,TESSy,ECDC
Greece,GR,2021-06-12,742,TESSy,ECDC
Greece,GR,2021-06-19,455,TESSy,ECDC
Greece,GR,2021-06-26,344,TESSy,ECDC
Greece,GR,2021-07-03,269,TESSy,ECDC
Greece,GR,2021-07-10,441,TESSy,ECDC
Greece,GR,2021-07-17,810,TESSy,ECDC
Greece,GR,2021-07-24,1119,TESSy,ECDC
Greece,GR,2021-07-31,1216,TESSy,ECDC
Greece,GR,2021-08-07,1379,TESSy,ECDC
Greece,GR,2021-08-14,1639,TESSy,ECDC
Greece,GR,2021-08-21,1837,TESSy,ECDC
Greece,GR,2021-08-28,1855,TESSy,ECDC
Greece,GR,2021-09-04,1627,TESSy,ECDC
Greece,GR,2021-09-11,1462,TESSy,ECDC
Greece,GR,2021-09-18,1339,TESSy,ECDC
Greece,GR,2021-09-25,1339,TESSy,ECDC
Greece,GR,2021-10-02,1135,TESSy,ECDC
Greece,GR,2021-10-09,1307,TESSy,ECDC
Greece,GR,2021-10-16,1433,TESSy,ECDC
Greece,GR,2021-10-23,1592,TESSy,ECDC
Greece,GR,2021-10-30,1948,TESSy,ECDC
Iceland,IS,2020-02-08,0,TESSy,ECDC
Iceland,IS,2020-10-03,15,TESSy,ECDC
Iceland,IS,2020-10-10,22,TESSy,ECDC
Iceland,IS,2020-10-17,16,TESSy,ECDC
Iceland,IS,2020-10-24,50,TESSy,ECDC
Iceland,IS,2020-10-31,25,TESSy,ECDC
Iceland,IS,2020-11-07,21,TESSy,ECDC
Iceland,IS,2020-11-14,9,TESSy,ECDC
Iceland,IS,2020-11-21,4,TESSy,ECDC
Iceland,IS,2020-11-28,4,TESSy,ECDC
Iceland,IS,2020-12-05,1,TESSy,ECDC
Iceland,IS,2020-12-12,1,TESSy,ECDC
Iceland,IS,2020-12-19,3,TESSy,ECDC
Iceland,IS,2021-01-02,0,TESSy,ECDC
Iceland,IS,2021-01-09,0,TESSy,ECDC
Iceland,IS,2021-01-16,1,TESSy,ECDC
Iceland,IS,2021-01-23,4,TESSy,ECDC
Iceland,IS,2021-01-30,1,TESSy,ECDC
Iceland,IS,2021-02-06,2,TESSy,ECDC
Iceland,IS,2021-02-13,0,TESSy,ECDC
Iceland,IS,2021-02-20,1,TESSy,ECDC
Iceland,IS,2021-02-27,0,TESSy,ECDC
Iceland,IS,2021-03-06,0,TESSy,ECDC
Iceland,IS,2021-03-13,0,TESSy,ECDC
Iceland,IS,2021-03-20,3,TESSy,ECDC
Iceland,IS,2021-03-27,1,TESSy,ECDC
Iceland,IS,2021-04-03,0,TESSy,ECDC
Iceland,IS,2021-04-10,0,TESSy,ECDC
Iceland,IS,2021-04-17,1,TESSy,ECDC
Iceland,IS,2021-04-24,5,TESSy,ECDC
Iceland,IS,2021-05-01,4,TESSy,ECDC
Iceland,IS,2021-05-08,2,TESSy,ECDC
Iceland,IS,2021-05-15,1,TESSy,ECDC
Iceland,IS,2021-05-22,0,TESSy,ECDC
Iceland,IS,2021-05-29,1,TESSy,ECDC
Iceland,IS,2021-06-05,0,TESSy,ECDC
Iceland,IS,2021-06-12,0,TESSy,ECDC
Iceland,IS,2021-06-19,0,TESSy,ECDC
Iceland,IS,2021-06-26,1,TESSy,ECDC
Iceland,IS,2021-07-03,1,TESSy,ECDC
Iceland,IS,2021-07-10,0,TESSy,ECDC
Iceland,IS,2021-07-17,1,TESSy,ECDC
Iceland,IS,2021-07-24,4,TESSy,ECDC
Iceland,IS,2021-07-31,14,TESSy,ECDC
Iceland,IS,2021-08-07,26,TESSy,ECDC
Iceland,IS,2021-08-14,14,TESSy,ECDC
Iceland,IS,2021-08-21,8,TESSy,ECDC
Iceland,IS,2021-08-28,8,TESSy,ECDC
Iceland,IS,2021-09-04,1,TESSy,ECDC
Iceland,IS,2021-09-11,5,TESSy,ECDC
Iceland,IS,2021-09-18,8,TESSy,ECDC
Iceland,IS,2021-09-25,4,TESSy,ECDC
Iceland,IS,2021-10-02,3,TESSy,ECDC
Iceland,IS,2021-10-09,4,TESSy,ECDC
Iceland,IS,2021-10-16,6,TESSy,ECDC
Iceland,IS,2021-10-23,7,TESSy,ECDC
Iceland,IS,2021-10-30,17,TESSy,ECDC
Ireland,IE,2020-04-11,477,Public,ECDC
Ireland,IE,2020-04-18,337,Public,ECDC
Ireland,IE,2020-04-25,296,Public,ECDC
Ireland,IE,2020-05-02,253,Public,ECDC
Ireland,IE,2020-05-09,157,Public,ECDC
Ireland,IE,2020-05-16,106,Public,ECDC
Ireland,IE,2020-05-23,94,Public,ECDC
Ireland,IE,2020-05-30,56,Public,ECDC
Ireland,IE,2020-06-06,24,Public,ECDC
Ireland,IE,2020-06-13,29,Public,ECDC
Ireland,IE,2020-06-20,13,Public,ECDC
Ireland,IE,2020-06-27,13,Public,ECDC
Ireland,IE,2020-07-04,9,Public,ECDC
Ireland,IE,2020-07-11,4,Public,ECDC
Ireland,IE,2020-07-18,7,Public,ECDC
Ireland,IE,2020-07-25,14,Public,ECDC
Ireland,IE,2020-08-01,8,Public,ECDC
Ireland,IE,2020-08-08,13,Public,ECDC
Ireland,IE,2020-08-15,16,Public,ECDC
Ireland,IE,2020-08-22,10,Public,ECDC
Ireland,IE,2020-08-29,30,Public,ECDC
Ireland,IE,2020-09-05,31,Public,ECDC
Ireland,IE,2020-09-12,34,Public,ECDC
Ireland,IE,2020-09-19,53,Public,ECDC
Ireland,IE,2020-09-26,54,Public,ECDC
Ireland,IE,2020-10-03,82,Public,ECDC
Ireland,IE,2020-10-10,126,Public,ECDC
Ireland,IE,2020-10-17,116,Public,ECDC
Ireland,IE,2020-10-24,174,Public,ECDC
Ireland,IE,2020-10-31,120,Public,ECDC
Ireland,IE,2020-11-07,137,Public,ECDC
Ireland,IE,2020-11-14,144,Public,ECDC
Ireland,IE,2020-11-21,135,Public,ECDC
Ireland,IE,2020-11-28,110,Public,ECDC
Ireland,IE,2020-12-05,99,Public,ECDC
Ireland,IE,2020-12-12,79,Public,ECDC
Ireland,IE,2020-12-19,124,Public,ECDC
Ireland,IE,2020-12-26,179,Public,ECDC
Ireland,IE,2021-01-02,463,Public,ECDC
Ireland,IE,2021-01-09,837,Public,ECDC
Ireland,IE,2021-01-16,1041,Public,ECDC
Ireland,IE,2021-01-23,700,Public,ECDC
Ireland,IE,2021-01-30,534,Public,ECDC
Ireland,IE,2021-02-06,402,Public,ECDC
Ireland,IE,2021-02-13,299,Public,ECDC
Ireland,IE,2021-02-20,305,Public,ECDC
Ireland,IE,2021-02-27,189,Public,ECDC
Ireland,IE,2021-03-06,162,Public,ECDC
Ireland,IE,2021-03-13,150,Public,ECDC
Ireland,IE,2021-03-20,187,Public,ECDC
Ireland,IE,2021-03-27,141,Public,ECDC
Ireland,IE,2021-04-03,114,Public,ECDC
Ireland,IE,2021-04-10,79,Public,ECDC
Ireland,IE,2021-04-17,90,Public,ECDC
Ireland,IE,2021-04-24,99,Public,ECDC
Ireland,IE,2021-05-01,76,Public,ECDC
Ireland,IE,2021-05-08,81,Public,ECDC
Ireland,IE,2021-05-22,85,Public,ECDC
Ireland,IE,2021-05-29,69,Public,ECDC
Ireland,IE,2021-06-05,63,Public,ECDC
Ireland,IE,2021-06-12,48,Public,ECDC
Ireland,IE,2021-06-19,48,Public,ECDC
Ireland,IE,2021-06-26,42,Public,ECDC
Ireland,IE,2021-07-03,54,Public,ECDC
Ireland,IE,2021-07-10,58,Public,ECDC
Ireland,IE,2021-07-17,109,Public,ECDC
Ireland,IE,2021-07-24,137,Public,ECDC
Ireland,IE,2021-07-31,180,Public,ECDC
Ireland,IE,2021-08-07,167,Public,ECDC
Ireland,IE,2021-08-14,226,Public,ECDC
Ireland,IE,2021-08-21,268,Public,ECDC
Ireland,IE,2021-08-28,304,Public,ECDC
Ireland,IE,2021-09-04,283,Public,ECDC
Ireland,IE,2021-09-11,263,Public,ECDC
Ireland,IE,2021-09-18,233,Public,ECDC
Ireland,IE,2021-09-25,257,Public,ECDC
Ireland,IE,2021-10-02,249,Public,ECDC
Ireland,IE,2021-10-09,306,Public,ECDC
Ireland,IE,2021-10-16,373,Public,ECDC
Ireland,IE,2021-10-23,345,Public,ECDC
Ireland,IE,2021-10-30,393,Public,ECDC
Italy,IT,2020-02-22,479,TESSy,ECDC
Italy,IT,2020-02-29,2278,TESSy,ECDC
Italy,IT,2020-03-07,7188,TESSy,ECDC
Italy,IT,2020-03-14,13121,TESSy,ECDC
Italy,IT,2020-03-21,18500,TESSy,ECDC
Italy,IT,2020-03-28,15396,TESSy,ECDC
Italy,IT,2020-04-04,9461,TESSy,ECDC
Italy,IT,2020-04-11,6520,TESSy,ECDC
Italy,IT,2020-04-18,4645,TESSy,ECDC
Italy,IT,2020-04-25,3756,TESSy,ECDC
Italy,IT,2020-05-02,2317,TESSy,ECDC
Italy,IT,2020-05-09,1720,TESSy,ECDC
Italy,IT,2020-05-16,1223,TESSy,ECDC
Italy,IT,2020-05-23,831,TESSy,ECDC
Italy,IT,2020-05-30,643,TESSy,ECDC
Italy,IT,2020-06-06,484,TESSy,ECDC
Italy,IT,2020-06-13,459,TESSy,ECDC
Italy,IT,2020-06-20,382,TESSy,ECDC
Italy,IT,2020-06-27,391,TESSy,ECDC
Italy,IT,2020-07-04,400,TESSy,ECDC
Italy,IT,2020-07-11,346,TESSy,ECDC
Italy,IT,2020-07-18,373,TESSy,ECDC
Italy,IT,2020-07-25,402,TESSy,ECDC
Italy,IT,2020-08-01,402,TESSy,ECDC
Italy,IT,2020-08-08,452,TESSy,ECDC
Italy,IT,2020-08-15,511,TESSy,ECDC
Italy,IT,2020-08-22,688,TESSy,ECDC
Italy,IT,2020-08-29,901,TESSy,ECDC
Italy,IT,2020-09-05,1063,TESSy,ECDC
Italy,IT,2020-09-12,1309,TESSy,ECDC
Italy,IT,2020-09-19,1510,TESSy,ECDC
Italy,IT,2020-09-26,1659,TESSy,ECDC
Italy,IT,2020-10-03,2141,TESSy,ECDC
Italy,IT,2020-10-10,3617,TESSy,ECDC
Italy,IT,2020-10-17,6477,TESSy,ECDC
Italy,IT,2020-10-24,10664,TESSy,ECDC
Italy,IT,2020-10-31,14490,TESSy,ECDC
Italy,IT,2020-11-07,17477,TESSy,ECDC
Italy,IT,2020-11-14,17261,TESSy,ECDC
Italy,IT,2020-11-21,15397,TESSy,ECDC
Italy,IT,2020-11-28,12493,TESSy,ECDC
Italy,IT,2020-12-05,10746,TESSy,ECDC
Italy,IT,2020-12-12,9374,TESSy,ECDC
Italy,IT,2020-12-19,8744,TESSy,ECDC
Italy,IT,2020-12-26,8440,TESSy,ECDC
Italy,IT,2021-01-02,9334,TESSy,ECDC
Italy,IT,2021-01-09,9490,TESSy,ECDC
Italy,IT,2021-01-16,8665,TESSy,ECDC
Italy,IT,2021-01-23,7436,TESSy,ECDC
Italy,IT,2021-01-30,6872,TESSy,ECDC
Italy,IT,2021-02-06,6787,TESSy,ECDC
Italy,IT,2021-02-13,6562,TESSy,ECDC
Italy,IT,2021-02-20,7037,TESSy,ECDC
Italy,IT,2021-02-27,8918,TESSy,ECDC
Italy,IT,2021-03-06,11084,TESSy,ECDC
Italy,IT,2021-03-13,12772,TESSy,ECDC
Italy,IT,2021-03-20,13336,TESSy,ECDC
Italy,IT,2021-03-27,12585,TESSy,ECDC
Italy,IT,2021-04-03,11940,TESSy,ECDC
Italy,IT,2021-04-10,9712,TESSy,ECDC
Italy,IT,2021-04-17,7960,TESSy,ECDC
Italy,IT,2021-04-24,7190,TESSy,ECDC
Italy,IT,2021-05-01,6115,TESSy,ECDC
Italy,IT,2021-05-08,4911,TESSy,ECDC
Italy,IT,2021-05-15,3600,TESSy,ECDC
Italy,IT,2021-05-22,2487,TESSy,ECDC
Italy,IT,2021-05-29,1744,TESSy,ECDC
Italy,IT,2021-06-05,1322,TESSy,ECDC
Italy,IT,2021-06-12,995,TESSy,ECDC
Italy,IT,2021-06-19,652,TESSy,ECDC
Italy,IT,2021-06-26,514,TESSy,ECDC
Italy,IT,2021-07-03,452,TESSy,ECDC
Italy,IT,2021-07-10,525,TESSy,ECDC
Italy,IT,2021-07-17,748,TESSy,ECDC
Italy,IT,2021-07-24,1280,TESSy,ECDC
Italy,IT,2021-07-31,1596,TESSy,ECDC
Italy,IT,2021-08-07,2022,TESSy,ECDC
Italy,IT,2021-08-14,2341,TESSy,ECDC
Italy,IT,2021-08-21,2531,TESSy,ECDC
Italy,IT,2021-08-28,2620,TESSy,ECDC
Italy,IT,2021-09-04,2370,TESSy,ECDC
Italy,IT,2021-09-11,2165,TESSy,ECDC
Italy,IT,2021-09-18,1852,TESSy,ECDC
Italy,IT,2021-09-25,1449,TESSy,ECDC
Italy,IT,2021-10-02,1269,TESSy,ECDC
Italy,IT,2021-10-09,1075,TESSy,ECDC
Italy,IT,2021-10-16,1066,TESSy,ECDC
Italy,IT,2021-10-23,1383,TESSy,ECDC
Italy,IT,2021-10-30,1573,TESSy,ECDC
Latvia,LV,2020-01-04,0,TESSy,ECDC
Latvia,LV,2020-01-11,0,TESSy,ECDC
Latvia,LV,2020-01-18,0,TESSy,ECDC
Latvia,LV,2020-01-25,0,TESSy,ECDC
Latvia,LV,2020-02-01,0,TESSy,ECDC
Latvia,LV,2020-02-08,0,TESSy,ECDC
Latvia,LV,2020-02-15,0,TESSy,ECDC
Latvia,LV,2020-02-22,0,TESSy,ECDC
Latvia,LV,2020-02-29,0,TESSy,ECDC
Latvia,LV,2020-03-07,3,TESSy,ECDC
Latvia,LV,2020-03-14,6,TESSy,ECDC
Latvia,LV,2020-03-21,16,TESSy,ECDC
Latvia,LV,2020-03-28,30,TESSy,ECDC
Latvia,LV,2020-04-04,28,TESSy,ECDC
Latvia,LV,2020-04-11,25,TESSy,ECDC
Latvia,LV,2020-04-18,18,TESSy,ECDC
Latvia,LV,2020-04-25,14,TESSy,ECDC
Latvia,LV,2020-05-02,9,TESSy,ECDC
Latvia,LV,2020-05-09,10,TESSy,ECDC
Latvia,LV,2020-05-16,10,TESSy,ECDC
Latvia,LV,2020-05-23,8,TESSy,ECDC
Latvia,LV,2020-05-30,4,TESSy,ECDC
Latvia,LV,2020-06-06,3,TESSy,ECDC
Latvia,LV,2020-06-13,3,TESSy,ECDC
Latvia,LV,2020-06-20,4,TESSy,ECDC
Latvia,LV,2020-06-27,2,TESSy,ECDC
Latvia,LV,2020-07-04,1,TESSy,ECDC
Latvia,LV,2020-07-11,1,TESSy,ECDC
Latvia,LV,2020-07-18,1,TESSy,ECDC
Latvia,LV,2020-07-25,1,TESSy,ECDC
Latvia,LV,2020-08-01,2,TESSy,ECDC
Latvia,LV,2020-08-08,5,TESSy,ECDC
Latvia,LV,2020-08-15,2,TESSy,ECDC
Latvia,LV,2020-08-22,5,TESSy,ECDC
Latvia,LV,2020-08-29,4,TESSy,ECDC
Latvia,LV,2020-09-05,5,TESSy,ECDC
Latvia,LV,2020-09-12,6,TESSy,ECDC
Latvia,LV,2020-09-19,7,TESSy,ECDC
Latvia,LV,2020-09-26,6,TESSy,ECDC
Latvia,LV,2020-10-03,26,TESSy,ECDC
Latvia,LV,2020-10-10,50,TESSy,ECDC
Latvia,LV,2020-10-17,53,TESSy,ECDC
Latvia,LV,2020-10-24,126,TESSy,ECDC
Latvia,LV,2020-10-31,199,TESSy,ECDC
Latvia,LV,2020-11-07,221,TESSy,ECDC
Latvia,LV,2020-11-14,286,TESSy,ECDC
Latvia,LV,2020-11-21,334,TESSy,ECDC
Latvia,LV,2020-11-28,491,TESSy,ECDC
Latvia,LV,2020-12-05,519,TESSy,ECDC
Latvia,LV,2020-12-12,661,TESSy,ECDC
Latvia,LV,2020-12-19,766,TESSy,ECDC
Latvia,LV,2020-12-26,815,TESSy,ECDC
Latvia,LV,2021-01-02,857,TESSy,ECDC
Latvia,LV,2021-01-09,954,TESSy,ECDC
Latvia,LV,2021-01-16,823,TESSy,ECDC
Latvia,LV,2021-01-23,761,TESSy,ECDC
Latvia,LV,2021-01-30,720,TESSy,ECDC
Latvia,LV,2021-02-06,655,TESSy,ECDC
Latvia,LV,2021-02-13,581,TESSy,ECDC
Latvia,LV,2021-02-20,506,TESSy,ECDC
Latvia,LV,2021-02-27,497,TESSy,ECDC
Latvia,LV,2021-03-06,528,TESSy,ECDC
Latvia,LV,2021-03-13,381,TESSy,ECDC
Latvia,LV,2021-03-20,426,TESSy,ECDC
Latvia,LV,2021-03-27,530,TESSy,ECDC
Latvia,LV,2021-04-03,438,TESSy,ECDC
Latvia,LV,2021-04-10,437,TESSy,ECDC
Latvia,LV,2021-04-17,444,TESSy,ECDC
Latvia,LV,2021-04-24,492,TESSy,ECDC
Latvia,LV,2021-05-01,469,TESSy,ECDC
Latvia,LV,2021-05-08,467,TESSy,ECDC
Latvia,LV,2021-05-15,468,TESSy,ECDC
Latvia,LV,2021-05-22,367,TESSy,ECDC
Latvia,LV,2021-05-29,274,TESSy,ECDC
Latvia,LV,2021-06-05,212,TESSy,ECDC
Latvia,LV,2021-06-12,187,TESSy,ECDC
Latvia,LV,2021-06-19,135,TESSy,ECDC
Latvia,LV,2021-06-26,91,TESSy,ECDC
Latvia,LV,2021-07-03,50,TESSy,ECDC
Latvia,LV,2021-07-10,49,TESSy,ECDC
Latvia,LV,2021-07-17,42,TESSy,ECDC
Latvia,LV,2021-07-24,25,TESSy,ECDC
Latvia,LV,2021-07-31,35,TESSy,ECDC
Latvia,LV,2021-08-07,46,TESSy,ECDC
Latvia,LV,2021-08-14,48,TESSy,ECDC
Latvia,LV,2021-08-21,45,TESSy,ECDC
Latvia,LV,2021-08-28,142,TESSy,ECDC
Latvia,LV,2021-09-04,144,TESSy,ECDC
Latvia,LV,2021-09-11,223,TESSy,ECDC
Latvia,LV,2021-09-18,293,TESSy,ECDC
Latvia,LV,2021-09-25,349,TESSy,ECDC
Latvia,LV,2021-10-02,476,TESSy,ECDC
Latvia,LV,2021-10-09,688,TESSy,ECDC
Latvia,LV,2021-10-16,993,TESSy,ECDC
Latvia,LV,2021-10-23,1228,TESSy,ECDC
Latvia,LV,2021-10-30,1207,TESSy,ECDC
Malta,MT,2020-03-07,0,TESSy,ECDC
Malta,MT,2020-03-14,6,TESSy,ECDC
Malta,MT,2020-03-21,4,TESSy,ECDC
Malta,MT,2020-03-28,4,TESSy,ECDC
Malta,MT,2020-04-04,6,TESSy,ECDC
Malta,MT,2020-04-11,13,TESSy,ECDC
Malta,MT,2020-04-18,2,TESSy,ECDC
Malta,MT,2020-04-25,0,TESSy,ECDC
Malta,MT,2020-05-02,1,TESSy,ECDC
Malta,MT,2020-05-09,1,TESSy,ECDC
Malta,MT,2020-05-16,1,TESSy,ECDC
Malta,MT,2020-05-23,4,TESSy,ECDC
Malta,MT,2020-05-30,3,TESSy,ECDC
Malta,MT,2020-06-06,0,TESSy,ECDC
Malta,MT,2020-06-13,1,TESSy,ECDC
Malta,MT,2020-06-20,1,TESSy,ECDC
Malta,MT,2020-06-27,1,TESSy,ECDC
Malta,MT,2020-07-04,0,TESSy,ECDC
Malta,MT,2020-07-11,0,TESSy,ECDC
Malta,MT,2020-07-18,0,TESSy,ECDC
Malta,MT,2020-07-25,0,TESSy,ECDC
Malta,MT,2020-08-01,5,TESSy,ECDC
Malta,MT,2020-08-08,7,TESSy,ECDC
Malta,MT,2020-08-15,11,TESSy,ECDC
Malta,MT,2020-08-22,13,TESSy,ECDC
Malta,MT,2020-08-29,4,TESSy,ECDC
Malta,MT,2020-09-05,16,TESSy,ECDC
Malta,MT,2020-09-12,18,TESSy,ECDC
Malta,MT,2020-09-19,22,TESSy,ECDC
Malta,MT,2020-09-26,14,TESSy,ECDC
Malta,MT,2020-10-03,19,TESSy,ECDC
Malta,MT,2020-10-10,28,TESSy,ECDC
Malta,MT,2020-10-17,42,TESSy,ECDC
Malta,MT,2020-10-24,36,TESSy,ECDC
Malta,MT,2020-10-31,67,TESSy,ECDC
Malta,MT,2020-11-07,68,TESSy,ECDC
Malta,MT,2020-11-14,93,TESSy,ECDC
Malta,MT,2020-11-21,94,TESSy,ECDC
Malta,MT,2020-11-28,79,TESSy,ECDC
Malta,MT,2020-12-05,80,TESSy,ECDC
Malta,MT,2020-12-12,38,TESSy,ECDC
Malta,MT,2020-12-19,31,TESSy,ECDC
Malta,MT,2020-12-26,24,TESSy,ECDC
Malta,MT,2021-01-02,26,TESSy,ECDC
Malta,MT,2021-01-09,35,TESSy,ECDC
Malta,MT,2021-01-16,43,TESSy,ECDC
Malta,MT,2021-01-23,19,TESSy,ECDC
Malta,MT,2021-01-30,24,TESSy,ECDC
Malta,MT,2021-02-06,25,TESSy,ECDC
Malta,MT,2021-02-13,38,TESSy,ECDC
Malta,MT,2021-02-20,36,TESSy,ECDC
Malta,MT,2021-02-27,20,TESSy,ECDC
Malta,MT,2021-03-06,61,TESSy,ECDC
Malta,MT,2021-03-13,61,TESSy,ECDC
Malta,MT,2021-03-20,37,TESSy,ECDC
Malta,MT,2021-03-27,18,TESSy,ECDC
Malta,MT,2021-04-03,29,TESSy,ECDC
Malta,MT,2021-04-10,27,TESSy,ECDC
Malta,MT,2021-04-17,27,TESSy,ECDC
Malta,MT,2021-04-24,12,TESSy,ECDC
Malta,MT,2021-05-01,20,TESSy,ECDC
Malta,MT,2021-05-08,6,TESSy,ECDC
Malta,MT,2021-05-15,4,TESSy,ECDC
Malta,MT,2021-05-22,2,TESSy,ECDC
Malta,MT,2021-05-29,2,TESSy,ECDC
Malta,MT,2021-06-05,1,TESSy,ECDC
Malta,MT,2021-06-12,0,TESSy,ECDC
Malta,MT,2021-06-19,0,TESSy,ECDC
Malta,MT,2021-06-26,0,TESSy,ECDC
Malta,MT,2021-07-03,5,TESSy,ECDC
Malta,MT,2021-07-10,9,TESSy,ECDC
Malta,MT,2021-07-17,15,TESSy,ECDC
Malta,MT,2021-07-24,11,TESSy,ECDC
Malta,MT,2021-07-31,15,TESSy,ECDC
Malta,MT,2021-08-07,24,TESSy,ECDC
Malta,MT,2021-08-14,23,TESSy,ECDC
Malta,MT,2021-08-21,16,TESSy,ECDC
Malta,MT,2021-08-28,14,TESSy,ECDC
Malta,MT,2021-09-04,12,TESSy,ECDC
Malta,MT,2021-09-11,5,TESSy,ECDC
Malta,MT,2021-09-18,6,TESSy,ECDC
Malta,MT,2021-09-25,5,TESSy,ECDC
Malta,MT,2021-10-02,3,TESSy,ECDC
Malta,MT,2021-10-09,3,TESSy,ECDC
Malta,MT,2021-10-16,0,TESSy,ECDC
Malta,MT,2021-10-23,6,TESSy,ECDC
Malta,MT,2021-10-30,4,TESSy,ECDC
Belgium,BE,2020-03-21,1291,Public,Scraped
Belgium,BE,2020-03-28,3232,Public,Scraped
Belgium,BE,2020-04-04,3756,Public,Scraped
Belgium,BE,2020-04-11,2913,Public,Scraped
Belgium,BE,2020-04-18,1975,Public,Scraped
Belgium,BE,2020-04-25,1517,Public,Scraped
Belgium,BE,2020-05-02,978,Public,Scraped
Belgium,BE,2020-05-09,664,Public,Scraped
Belgium,BE,2020-05-16,460,Public,Scraped
Belgium,BE,2020-05-23,389,Public,Scraped
Belgium,BE,2020-05-30,260,Public,Scraped
Belgium,BE,2020-06-06,200,Public,Scraped
Belgium,BE,2020-06-13,155,Public,Scraped
Belgium,BE,2020-06-20,134,Public,Scraped
Belgium,BE,2020-06-27,109,Public,Scraped
Belgium,BE,2020-07-04,82,Public,Scraped
Belgium,BE,2020-07-11,71,Public,Scraped
Belgium,BE,2020-07-18,96,Public,Scraped
Belgium,BE,2020-07-25,156,Public,Scraped
Belgium,BE,2020-08-01,197,Public,Scraped
Belgium,BE,2020-08-08,232,Public,Scraped
Belgium,BE,2020-08-15,273,Public,Scraped
Belgium,BE,2020-08-22,211,Public,Scraped
Belgium,BE,2020-08-29,116,Public,Scraped
Belgium,BE,2020-09-05,137,Public,Scraped
Belgium,BE,2020-09-12,204,Public,Scraped
Belgium,BE,2020-09-19,336,Public,Scraped
Belgium,BE,2020-09-26,482,Public,Scraped
Belgium,BE,2020-10-03,549,Public,Scraped
Belgium,BE,2020-10-10,887,Public,Scraped
Belgium,BE,2020-10-17,1719,Public,Scraped
Belgium,BE,2020-10-24,3157,Public,Scraped
Belgium,BE,2020-10-31,4683,Public,Scraped
Belgium,BE,2020-11-07,4463,Public,Scraped
Belgium,BE,2020-11-14,3442,Public,Scraped
Belgium,BE,2020-11-21,2275,Public,Scraped
Belgium,BE,2020-11-28,1732,Public,Scraped
Belgium,BE,2020-12-05,1359,Public,Scraped
Belgium,BE,2020-12-12,1274,Public,Scraped
Belgium,BE,2020-12-19,1345,Public,Scraped
Belgium,BE,2020-12-26,1138,Public,Scraped
Belgium,BE,2021-01-02,1080,Public,Scraped
Belgium,BE,2021-01-09,975,Public,Scraped
Belgium,BE,2021-01-16,846,Public,Scraped
Belgium,BE,2021-01-23,964,Public,Scraped
Belgium,BE,2021-01-30,866,Public,Scraped
Belgium,BE,2021-02-06,897,Public,Scraped
Belgium,BE,2021-02-13,851,Public,Scraped
Belgium,BE,2021-02-20,840,Public,Scraped
Belgium,BE,2021-02-27,1010,Public,Scraped
Belgium,BE,2021-03-06,1026,Public,Scraped
Belgium,BE,2021-03-13,1095,Public,Scraped
Belgium,BE,2021-03-20,1357,Public,Scraped
Belgium,BE,2021-03-27,1665,Public,Scraped
Belgium,BE,2021-04-03,1885,Public,Scraped
Belgium,BE,2021-04-10,1749,Public,Scraped
Belgium,BE,2021-04-17,1644,Public,Scraped
Belgium,BE,2021-04-24,1639,Public,Scraped
Belgium,BE,2021-05-01,1351,Public,Scraped
Belgium,BE,2021-05-08,1141,Public,Scraped
Belgium,BE,2021-05-15,1021,Public,Scraped
Belgium,BE,2021-05-22,847,Public,Scraped
Belgium,BE,2021-05-29,630,Public,Scraped
Belgium,BE,2021-06-05,523,Public,Scraped
Belgium,BE,2021-06-12,366,Public,Scraped
Belgium,BE,2021-06-19,232,Public,Scraped
Belgium,BE,2021-06-26,177,Public,Scraped
Belgium,BE,2021-07-03,105,Public,Scraped
Belgium,BE,2021-07-10,122,Public,Scraped
Belgium,BE,2021-07-17,161,Public,Scraped
Belgium,BE,2021-07-24,194,Public,Scraped
Belgium,BE,2021-07-31,240,Public,Scraped
Belgium,BE,2021-08-07,296,Public,Scraped
Belgium,BE,2021-08-14,382,Public,Scraped
Belgium,BE,2021-08-21,414,Public,Scraped
Belgium,BE,2021-08-28,419,Public,Scraped
Belgium,BE,2021-09-04,474,Public,Scraped
Belgium,BE,2021-09-11,440,Public,Scraped
Belgium,BE,2021-09-18,429,Public,Scraped
Belgium,BE,2021-09-25,359,Public,Scraped
Belgium,BE,2021-10-02,421,Public,Scraped
Belgium,BE,2021-10-09,394,Public,Scraped
Belgium,BE,2021-10-16,467,Public,Scraped
Belgium,BE,2021-10-23,731,Public,Scraped
Belgium,BE,2021-10-30,1034,Public,Scraped
Croatia,HR,2020-04-25,105,Public,Scraped
Croatia,HR,2020-05-02,31,Public,Scraped
Croatia,HR,2020-05-09,38,Public,Scraped
Croatia,HR,2020-05-16,16,Public,Scraped
Croatia,HR,2020-05-23,16,Public,Scraped
Croatia,HR,2020-05-30,1,Public,Scraped
Croatia,HR,2020-06-06,0,Public,Scraped
Croatia,HR,2020-06-13,2,Public,Scraped
Croatia,HR,2020-06-20,6,Public,Scraped
Croatia,HR,2020-06-27,46,Public,Scraped
Croatia,HR,2020-07-04,66,Public,Scraped
Croatia,HR,2020-07-11,94,Public,Scraped
Croatia,HR,2020-07-18,94,Public,Scraped
Croatia,HR,2020-07-25,88,Public,Scraped
Croatia,HR,2020-08-01,76,Public,Scraped
Croatia,HR,2020-08-08,72,Public,Scraped
Croatia,HR,2020-08-15,63,Public,Scraped
Croatia,HR,2020-08-22,87,Public,Scraped
Croatia,HR,2020-08-29,185,Public,Scraped
Croatia,HR,2020-09-05,235,Public,Scraped
Croatia,HR,2020-09-12,228,Public,Scraped
Croatia,HR,2020-09-19,171,Public,Scraped
Croatia,HR,2020-09-26,201,Public,Scraped
Croatia,HR,2020-10-03,221,Public,Scraped
Croatia,HR,2020-10-10,341,Public,Scraped
Croatia,HR,2020-10-17,491,Public,Scraped
Croatia,HR,2020-10-24,731,Public,Scraped
Croatia,HR,2020-10-31,1088,Public,Scraped
Croatia,HR,2020-11-07,1266,Public,Scraped
Croatia,HR,2020-11-14,1484,Public,Scraped
Croatia,HR,2020-11-21,1623,Public,Scraped
Croatia,HR,2020-11-28,1776,Public,Scraped
Croatia,HR,2020-12-05,2152,Public,Scraped
Croatia,HR,2020-12-12,2341,Public,Scraped
Croatia,HR,2020-12-19,2184,Public,Scraped
Croatia,HR,2020-12-26,1727,Public,Scraped
Croatia,HR,2021-01-02,1547,Public,Scraped
Croatia,HR,2021-01-09,1230,Public,Scraped
Croatia,HR,2021-01-16,1031,Public,Scraped
Croatia,HR,2021-01-23,809,Public,Scraped
Croatia,HR,2021-01-30,720,Public,Scraped
Croatia,HR,2021-02-06,681,Public,Scraped
Croatia,HR,2021-02-13,474,Public,Scraped
Croatia,HR,2021-02-20,470,Public,Scraped
Croatia,HR,2021-02-27,463,Public,Scraped
Croatia,HR,2021-03-06,502,Public,Scraped
Croatia,HR,2021-03-13,577,Public,Scraped
Croatia,HR,2021-03-20,689,Public,Scraped
Croatia,HR,2021-03-27,932,Public,Scraped
Croatia,HR,2021-04-03,1218,Public,Scraped
Croatia,HR,2021-04-10,1460,Public,Scraped
Croatia,HR,2021-04-17,1605,Public,Scraped
Croatia,HR,2021-04-24,1739,Public,Scraped
Croatia,HR,2021-05-01,1579,Public,Scraped
Croatia,HR,2021-05-08,1266,Public,Scraped
Croatia,HR,2021-05-15,1041,Public,Scraped
Croatia,HR,2021-05-22,658,Public,Scraped
Croatia,HR,2021-05-29,481,Public,Scraped
Croatia,HR,2021-06-05,293,Public,Scraped
Croatia,HR,2021-06-12,205,Public,Scraped
Croatia,HR,2021-06-19,158,Public,Scraped
Croatia,HR,2021-06-26,107,Public,Scraped
Croatia,HR,2021-07-03,78,Public,Scraped
Croatia,HR,2021-07-10,89,Public,Scraped
Croatia,HR,2021-07-17,76,Public,Scraped
Croatia,HR,2021-07-24,90,Public,Scraped
Croatia,HR,2021-07-31,136,Public,Scraped
Croatia,HR,2021-08-07,124,Public,Scraped
Croatia,HR,2021-08-14,185,Public,Scraped
Croatia,HR,2021-08-21,230,Public,Scraped
Croatia,HR,2021-08-28,331,Public,Scraped
Croatia,HR,2021-09-04,389,Public,Scraped
Croatia,HR,2021-09-11,448,Public,Scraped
Croatia,HR,2021-09-18,489,Public,Scraped
Croatia,HR,2021-09-25,513,Public,Scraped
Croatia,HR,2021-10-02,548,Public,Scraped
Croatia,HR,2021-10-09,634,Public,Scraped
Croatia,HR,2021-10-16,640,Public,Scraped
Cyprus,CY,2020-03-28,48,TESSy,Scraped
Cyprus,CY,2020-04-04,44,TESSy,Scraped
Cyprus,CY,2020-04-11,20,TESSy,Scraped
Cyprus,CY,2020-10-24,31,TESSy,Scraped
Cyprus,CY,2020-10-31,42,TESSy,Scraped
Cyprus,CY,2020-11-07,60,TESSy,Scraped
Cyprus,CY,2020-11-14,59,TESSy,Scraped
Cyprus,CY,2020-11-21,71,TESSy,Scraped
Cyprus,CY,2020-11-28,77,TESSy,Scraped
Cyprus,CY,2020-12-05,77,TESSy,Scraped
Cyprus,CY,2020-12-12,80,TESSy,Scraped
Cyprus,CY,2020-12-19,97,TESSy,Scraped
Cyprus,CY,2020-12-26,109,TESSy,Scraped
Cyprus,CY,2021-01-02,116,TESSy,Scraped
Cyprus,CY,2021-01-09,140,TESSy,Scraped
Cyprus,CY,2021-01-16,110,TESSy,Scraped
Cyprus,CY,2021-01-23,111,TESSy,Scraped
Cyprus,CY,2021-01-30,69,TESSy,Scraped
Cyprus,CY,2021-02-06,69,TESSy,Scraped
Cyprus,CY,2021-02-13,60,TESSy,Scraped
Cyprus,CY,2021-02-20,59,TESSy,Scraped
Cyprus,CY,2021-02-27,59,TESSy,Scraped
Cyprus,CY,2021-03-06,97,TESSy,Scraped
Cyprus,CY,2021-03-13,174,TESSy,Scraped
Cyprus,CY,2021-03-20,173,TESSy,Scraped
Cyprus,CY,2021-03-27,147,TESSy,Scraped
Cyprus,CY,2021-04-03,141,TESSy,Scraped
Cyprus,CY,2021-04-10,182,TESSy,Scraped
Cyprus,CY,2021-04-17,198,TESSy,Scraped
Cyprus,CY,2021-04-24,247,TESSy,Scraped
Cyprus,CY,2021-05-01,232,TESSy,Scraped
Cyprus,CY,2021-05-08,190,TESSy,Scraped
Cyprus,CY,2021-05-15,114,TESSy,Scraped
Cyprus,CY,2021-05-22,76,TESSy,Scraped
Cyprus,CY,2021-05-29,40,TESSy,Scraped
Cyprus,CY,2021-06-05,25,TESSy,Scraped
Cyprus,CY,2021-06-19,32,TESSy,Scraped
Cyprus,CY,2021-06-26,28,TESSy,Scraped
Cyprus,CY,2021-07-03,65,TESSy,Scraped
Cyprus,CY,2021-07-10,124,TESSy,Scraped
Cyprus,CY,2021-07-17,191,TESSy,Scraped
Cyprus,CY,2021-07-24,234,TESSy,Scraped
Cyprus,CY,2021-07-31,242,TESSy,Scraped
Cyprus,CY,2021-08-07,205,TESSy,Scraped
Cyprus,CY,2021-08-14,157,TESSy,Scraped
Cyprus,CY,2021-08-21,126,TESSy,Scraped
Cyprus,CY,2021-08-28,94,TESSy,Scraped
Cyprus,CY,2021-09-04,87,TESSy,Scraped
Cyprus,CY,2021-09-11,81,TESSy,Scraped
Cyprus,CY,2021-09-18,57,TESSy,Scraped
Cyprus,CY,2021-09-25,40,TESSy,Scraped
Cyprus,CY,2021-10-02,37,TESSy,Scraped
Cyprus,CY,2021-10-09,29,TESSy,Scraped
Cyprus,CY,2021-10-16,32,TESSy,Scraped
Cyprus,CY,2021-10-23,38,TESSy,Scraped
Denmark,DK,2020-03-07,7,Public,Scraped
Denmark,DK,2020-03-14,105,Public,Scraped
Denmark,DK,2020-03-21,320,Public,Scraped
Denmark,DK,2020-03-28,553,Public,Scraped
Denmark,DK,2020-04-04,339,Public,Scraped
Denmark,DK,2020-04-11,289,Public,Scraped
Denmark,DK,2020-04-18,205,Public,Scraped
Denmark,DK,2020-04-25,214,Public,Scraped
Denmark,DK,2020-05-02,130,Public,Scraped
Denmark,DK,2020-05-09,106,Public,Scraped
Denmark,DK,2020-05-16,68,Public,Scraped
Denmark,DK,2020-05-23,64,Public,Scraped
Denmark,DK,2020-05-30,57,Public,Scraped
Denmark,DK,2020-06-06,37,Public,Scraped
Denmark,DK,2020-06-13,24,Public,Scraped
Denmark,DK,2020-06-20,28,Public,Scraped
Denmark,DK,2020-06-27,31,Public,Scraped
Denmark,DK,2020-07-04,24,Public,Scraped
Denmark,DK,2020-07-11,13,Public,Scraped
Denmark,DK,2020-07-18,20,Public,Scraped
Denmark,DK,2020-07-25,16,Public,Scraped
Denmark,DK,2020-08-01,24,Public,Scraped
Denmark,DK,2020-08-08,32,Public,Scraped
Denmark,DK,2020-08-15,22,Public,Scraped
Denmark,DK,2020-08-22,28,Public,Scraped
Denmark,DK,2020-08-29,23,Public,Scraped
Denmark,DK,2020-09-05,19,Public,Scraped
Denmark,DK,2020-09-12,60,Public,Scraped
Denmark,DK,2020-09-19,81,Public,Scraped
Denmark,DK,2020-09-26,131,Public,Scraped
Denmark,DK,2020-10-03,114,Public,Scraped
Denmark,DK,2020-10-10,105,Public,Scraped
Denmark,DK,2020-10-17,117,Public,Scraped
Denmark,DK,2020-10-24,142,Public,Scraped
Denmark,DK,2020-10-31,185,Public,Scraped
Denmark,DK,2020-11-07,252,Public,Scraped
Denmark,DK,2020-11-14,273,Public,Scraped
Denmark,DK,2020-11-21,268,Public,Scraped
Denmark,DK,2020-11-28,279,Public,Scraped
Denmark,DK,2020-12-05,289,Public,Scraped
Denmark,DK,2020-12-12,471,Public,Scraped
Denmark,DK,2020-12-19,752,Public,Scraped
Denmark,DK,2020-12-26,947,Public,Scraped
Denmark,DK,2021-01-02,1014,Public,Scraped
Denmark,DK,2021-01-09,885,Public,Scraped
Denmark,DK,2021-01-16,746,Public,Scraped
Denmark,DK,2021-01-23,623,Public,Scraped
Denmark,DK,2021-01-30,418,Public,Scraped
Denmark,DK,2021-02-06,258,Public,Scraped
Denmark,DK,2021-02-13,207,Public,Scraped
Denmark,DK,2021-02-20,169,Public,Scraped
Denmark,DK,2021-02-27,174,Public,Scraped
Denmark,DK,2021-03-06,198,Public,Scraped
Denmark,DK,2021-03-13,187,Public,Scraped
Denmark,DK,2021-03-20,175,Public,Scraped
Denmark,DK,2021-03-27,198,Public,Scraped
Denmark,DK,2021-04-03,230,Public,Scraped
Denmark,DK,2021-04-10,208,Public,Scraped
Denmark,DK,2021-04-17,180,Public,Scraped
Denmark,DK,2021-04-24,200,Public,Scraped
Denmark,DK,2021-05-01,172,Public,Scraped
Denmark,DK,2021-05-08,162,Public,Scraped
Denmark,DK,2021-05-15,213,Public,Scraped
Denmark,DK,2021-05-22,169,Public,Scraped
Denmark,DK,2021-05-29,162,Public,Scraped
Denmark,DK,2021-06-05,154,Public,Scraped
Denmark,DK,2021-06-12,111,Public,Scraped
Denmark,DK,2021-06-19,73,Public,Scraped
Denmark,DK,2021-06-26,56,Public,Scraped
Denmark,DK,2021-07-03,40,Public,Scraped
Denmark,DK,2021-07-10,37,Public,Scraped
Denmark,DK,2021-07-17,70,Public,Scraped
Denmark,DK,2021-07-24,73,Public,Scraped
Denmark,DK,2021-07-31,85,Public,Scraped
Denmark,DK,2021-08-07,86,Public,Scraped
Denmark,DK,2021-08-14,134,Public,Scraped
Denmark,DK,2021-08-21,183,Public,Scraped
Denmark,DK,2021-08-28,186,Public,Scraped
Denmark,DK,2021-09-04,185,Public,Scraped
Denmark,DK,2021-09-11,155,Public,Scraped
Denmark,DK,2021-09-18,92,Public,Scraped
Denmark,DK,2021-09-25,79,Public,Scraped
Denmark,DK,2021-10-02,95,Public,Scraped
Denmark,DK,2021-10-09,87,Public,Scraped
Denmark,DK,2021-10-16,116,Public,Scraped
Denmark,DK,2021-10-23,180,Public,Scraped
Denmark,DK,2021-10-30,258,Public,Scraped
Denmark,DK,2021-11-06,317,Public,Scraped
Estonia,EE,2020-03-07,0,Public,Scraped
Estonia,EE,2020-03-14,3,Public,Scraped
Estonia,EE,2020-03-21,29,Public,Scraped
Estonia,EE,2020-03-28,65,Public,Scraped
Estonia,EE,2020-04-04,111,Public,Scraped
Estonia,EE,2020-04-11,61,Public,Scraped
Estonia,EE,2020-04-18,46,Public,Scraped
Estonia,EE,2020-04-25,25,Public,Scraped
Estonia,EE,2020-05-02,24,Public,Scraped
Estonia,EE,2020-05-09,8,Public,Scraped
Estonia,EE,2020-05-16,7,Public,Scraped
Estonia,EE,2020-05-23,26,Public,Scraped
Estonia,EE,2020-05-30,8,Public,Scraped
Estonia,EE,2020-06-06,3,Public,Scraped
Estonia,EE,2020-06-13,11,Public,Scraped
Estonia,EE,2020-06-20,5,Public,Scraped
Estonia,EE,2020-06-27,1,Public,Scraped
Estonia,EE,2020-07-04,2,Public,Scraped
Estonia,EE,2020-07-11,2,Public,Scraped
Estonia,EE,2020-07-18,0,Public,Scraped
Estonia,EE,2020-07-25,0,Public,Scraped
Estonia,EE,2020-08-01,2,Public,Scraped
Estonia,EE,2020-08-08,6,Public,Scraped
Estonia,EE,2020-08-15,1,Public,Scraped
Estonia,EE,2020-08-22,6,Public,Scraped
Estonia,EE,2020-08-29,9,Public,Scraped
Estonia,EE,2020-09-05,6,Public,Scraped
Estonia,EE,2020-09-12,9,Public,Scraped
Estonia,EE,2020-09-19,21,Public,Scraped
Estonia,EE,2020-09-26,31,Public,Scraped
Estonia,EE,2020-10-03,31,Public,Scraped
Estonia,EE,2020-10-10,14,Public,Scraped
Estonia,EE,2020-10-17,22,Public,Scraped
Estonia,EE,2020-10-24,19,Public,Scraped
Estonia,EE,2020-10-31,29,Public,Scraped
Estonia,EE,2020-11-07,54,Public,Scraped
Estonia,EE,2020-11-14,72,Public,Scraped
Estonia,EE,2020-11-21,125,Public,Scraped
Estonia,EE,2020-11-28,159,Public,Scraped
Estonia,EE,2020-12-05,183,Public,Scraped
Estonia,EE,2020-12-12,165,Public,Scraped
Estonia,EE,2020-12-19,221,Public,Scraped
Estonia,EE,2020-12-26,288,Public,Scraped
Estonia,EE,2021-01-02,245,Public,Scraped
Estonia,EE,2021-01-09,266,Public,Scraped
Estonia,EE,2021-01-16,271,Public,Scraped
Estonia,EE,2021-01-23,300,Public,Scraped
Estonia,EE,2021-01-30,300,Public,Scraped
Estonia,EE,2021-02-06,291,Public,Scraped
Estonia,EE,2021-02-13,300,Public,Scraped
Estonia,EE,2021-02-20,330,Public,Scraped
Estonia,EE,2021-02-27,364,Public,Scraped
Estonia,EE,2021-03-06,528,Public,Scraped
Estonia,EE,2021-03-13,526,Public,Scraped
Estonia,EE,2021-03-20,532,Public,Scraped
Estonia,EE,2021-03-27,543,Public,Scraped
Estonia,EE,2021-04-03,502,Public,Scraped
Estonia,EE,2021-04-10,396,Public,Scraped
Estonia,EE,2021-04-17,291,Public,Scraped
Estonia,EE,2021-04-24,255,Public,Scraped
Estonia,EE,2021-05-01,209,Public,Scraped
Estonia,EE,2021-05-08,189,Public,Scraped
Estonia,EE,2021-05-15,140,Public,Scraped
Estonia,EE,2021-05-22,144,Public,Scraped
Estonia,EE,2021-05-29,72,Public,Scraped
Estonia,EE,2021-06-05,52,Public,Scraped
Estonia,EE,2021-06-12,38,Public,Scraped
Estonia,EE,2021-06-19,40,Public,Scraped
Estonia,EE,2021-06-26,28,Public,Scraped
Estonia,EE,2021-07-03,13,Public,Scraped
Estonia,EE,2021-07-10,21,Public,Scraped
Estonia,EE,2021-07-17,15,Public,Scraped
Estonia,EE,2021-07-24,21,Public,Scraped
Estonia,EE,2021-07-31,43,Public,Scraped
Estonia,EE,2021-08-07,44,Public,Scraped
Estonia,EE,2021-08-14,72,Public,Scraped
Estonia,EE,2021-08-21,70,Public,Scraped
Estonia,EE,2021-08-28,102,Public,Scraped
Estonia,EE,2021-09-04,110,Public,Scraped
Estonia,EE,2021-09-11,131,Public,Scraped
Estonia,EE,2021-09-18,121,Public,Scraped
Estonia,EE,2021-09-25,145,Public,Scraped
Estonia,EE,2021-10-02,196,Public,Scraped
Estonia,EE,2021-10-09,210,Public,Scraped
Estonia,EE,2021-10-16,320,Public,Scraped
Estonia,EE,2021-10-23,401,Public,Scraped
Estonia,EE,2021-10-30,460,Public,Scraped
Estonia,EE,2021-11-06,417,Public,Scraped
France,FR,2020-03-28,18880,Public,Scraped
France,FR,2020-04-04,24514,Public,Scraped
France,FR,2020-04-11,19296,Public,Scraped
France,FR,2020-04-18,13140,Public,Scraped
France,FR,2020-04-25,9613,Public,Scraped
France,FR,2020-05-02,6005,Public,Scraped
France,FR,2020-05-09,4357,Public,Scraped
France,FR,2020-05-16,3319,Public,Scraped
France,FR,2020-05-23,2232,Public,Scraped
France,FR,2020-05-30,1787,Public,Scraped
France,FR,2020-06-06,1191,Public,Scraped
France,FR,2020-06-13,828,Public,Scraped
France,FR,2020-06-20,748,Public,Scraped
France,FR,2020-06-27,670,Public,Scraped
France,FR,2020-07-04,669,Public,Scraped
France,FR,2020-07-11,601,Public,Scraped
France,FR,2020-07-18,594,Public,Scraped
France,FR,2020-07-25,749,Public,Scraped
France,FR,2020-08-01,789,Public,Scraped
France,FR,2020-08-08,793,Public,Scraped
France,FR,2020-08-15,989,Public,Scraped
France,FR,2020-08-22,1087,Public,Scraped
France,FR,2020-08-29,1343,Public,Scraped
France,FR,2020-09-05,1661,Public,Scraped
France,FR,2020-09-12,2432,Public,Scraped
France,FR,2020-09-19,3853,Public,Scraped
France,FR,2020-09-26,4102,Public,Scraped
France,FR,2020-10-03,4087,Public,Scraped
France,FR,2020-10-10,4999,Public,Scraped
France,FR,2020-10-17,7198,Public,Scraped
France,FR,2020-10-24,11712,Public,Scraped
France,FR,2020-10-31,16865,Public,Scraped
France,FR,2020-11-07,20009,Public,Scraped
France,FR,2020-11-14,17654,Public,Scraped
France,FR,2020-11-21,14291,Public,Scraped
France,FR,2020-11-28,9656,Public,Scraped
France,FR,2020-12-05,8603,Public,Scraped
France,FR,2020-12-12,8692,Public,Scraped
France,FR,2020-12-19,8872,Public,Scraped
France,FR,2020-12-26,7802,Public,Scraped
France,FR,2021-01-02,7477,Public,Scraped
France,FR,2021-01-09,8934,Public,Scraped
France,FR,2021-01-16,9790,Public,Scraped
France,FR,2021-01-23,11064,Public,Scraped
France,FR,2021-01-30,11355,Public,Scraped
France,FR,2021-02-06,11234,Public,Scraped
France,FR,2021-02-13,10247,Public,Scraped
France,FR,2021-02-20,9560,Public,Scraped
France,FR,2021-02-27,9633,Public,Scraped
France,FR,2021-03-06,9480,Public,Scraped
France,FR,2021-03-13,9832,Public,Scraped
France,FR,2021-03-20,10955,Public,Scraped
France,FR,2021-03-27,12719,Public,Scraped
France,FR,2021-04-03,13761,Public,Scraped
France,FR,2021-04-10,13958,Public,Scraped
France,FR,2021-04-17,13627,Public,Scraped
France,FR,2021-04-24,12854,Public,Scraped
France,FR,2021-05-01,11032,Public,Scraped
France,FR,2021-05-08,8478,Public,Scraped
France,FR,2021-05-15,5787,Public,Scraped
France,FR,2021-05-22,4797,Public,Scraped
France,FR,2021-05-29,3423,Public,Scraped
France,FR,2021-06-05,2948,Public,Scraped
France,FR,2021-06-12,2141,Public,Scraped
France,FR,2021-06-19,1432,Public,Scraped
France,FR,2021-06-26,984,Public,Scraped
France,FR,2021-07-03,816,Public,Scraped
France,FR,2021-07-10,815,Public,Scraped
France,FR,2021-07-17,1198,Public,Scraped
France,FR,2021-07-24,1826,Public,Scraped
France,FR,2021-07-31,3354,Public,Scraped
France,FR,2021-08-07,4646,Public,Scraped
France,FR,2021-08-14,5384,Public,Scraped
France,FR,2021-08-21,6128,Public,Scraped
France,FR,2021-08-28,5627,Public,Scraped
France,FR,2021-09-04,4415,Public,Scraped
France,FR,2021-09-11,3625,Public,Scraped
France,FR,2021-09-18,2658,Public,Scraped
France,FR,2021-09-25,2143,Public,Scraped
France,FR,2021-10-02,1583,Public,Scraped
France,FR,2021-10-09,1391,Public,Scraped
France,FR,2021-10-16,1320,Public,Scraped
France,FR,2021-10-23,1557,Public,Scraped
France,FR,2021-10-30,1661,Public,Scraped
France,FR,2021-11-06,1929,Public,Scraped
Netherlands,NL,2020-02-22,18,Public,Scraped
Netherlands,NL,2020-02-29,39,Public,Scraped
Netherlands,NL,2020-03-07,74,Public,Scraped
Netherlands,NL,2020-03-14,309,Public,Scraped
Netherlands,NL,2020-03-21,1239,Public,Scraped
Netherlands,NL,2020-03-28,2868,Public,Scraped
Netherlands,NL,2020-04-04,2201,Public,Scraped
Netherlands,NL,2020-04-11,1498,Public,Scraped
Netherlands,NL,2020-04-18,922,Public,Scraped
Netherlands,NL,2020-04-25,622,Public,Scraped
Netherlands,NL,2020-05-02,397,Public,Scraped
Netherlands,NL,2020-05-09,316,Public,Scraped
Netherlands,NL,2020-05-16,210,Public,Scraped
Netherlands,NL,2020-05-23,175,Public,Scraped
Netherlands,NL,2020-05-30,154,Public,Scraped
Netherlands,NL,2020-06-06,97,Public,Scraped
Netherlands,NL,2020-06-13,55,Public,Scraped
Netherlands,NL,2020-06-20,35,Public,Scraped
Netherlands,NL,2020-06-27,36,Public,Scraped
Netherlands,NL,2020-07-04,29,Public,Scraped
Netherlands,NL,2020-07-11,27,Public,Scraped
Netherlands,NL,2020-07-18,29,Public,Scraped
Netherlands,NL,2020-07-25,50,Public,Scraped
Netherlands,NL,2020-08-01,59,Public,Scraped
Netherlands,NL,2020-08-08,84,Public,Scraped
Netherlands,NL,2020-08-15,127,Public,Scraped
Netherlands,NL,2020-08-22,115,Public,Scraped
Netherlands,NL,2020-08-29,77,Public,Scraped
Netherlands,NL,2020-09-05,104,Public,Scraped
Netherlands,NL,2020-09-12,188,Public,Scraped
Netherlands,NL,2020-09-19,358,Public,Scraped
Netherlands,NL,2020-09-26,573,Public,Scraped
Netherlands,NL,2020-10-03,775,Public,Scraped
Netherlands,NL,2020-10-10,1097,Public,Scraped
Netherlands,NL,2020-10-17,1512,Public,Scraped
Netherlands,NL,2020-10-24,1790,Public,Scraped
Netherlands,NL,2020-10-31,1931,Public,Scraped
Netherlands,NL,2020-11-07,1730,Public,Scraped
Netherlands,NL,2020-11-14,1514,Public,Scraped
Netherlands,NL,2020-11-21,1299,Public,Scraped
Netherlands,NL,2020-11-28,1179,Public,Scraped
Netherlands,NL,2020-12-05,1154,Public,Scraped
Netherlands,NL,2020-12-12,1338,Public,Scraped
Netherlands,NL,2020-12-19,1656,Public,Scraped
Netherlands,NL,2020-12-26,1883,Public,Scraped
Netherlands,NL,2021-01-02,1940,Public,Scraped
Netherlands,NL,2021-01-09,1728,Public,Scraped
Netherlands,NL,2021-01-16,1496,Public,Scraped
Netherlands,NL,2021-01-23,1387,Public,Scraped
Netherlands,NL,2021-01-30,1260,Public,Scraped
Netherlands,NL,2021-02-06,1222,Public,Scraped
Netherlands,NL,2021-02-13,1149,Public,Scraped
Netherlands,NL,2021-02-20,1161,Public,Scraped
Netherlands,NL,2021-02-27,1147,Public,Scraped
Netherlands,NL,2021-03-06,1146,Public,Scraped
Netherlands,NL,2021-03-13,1261,Public,Scraped
Netherlands,NL,2021-03-20,1385,Public,Scraped
Netherlands,NL,2021-03-27,1589,Public,Scraped
Netherlands,NL,2021-04-03,1654,Public,Scraped
Netherlands,NL,2021-04-10,1663,Public,Scraped
Netherlands,NL,2021-04-17,1573,Public,Scraped
Netherlands,NL,2021-04-24,1768,Public,Scraped
Netherlands,NL,2021-05-01,1767,Public,Scraped
Netherlands,NL,2021-05-08,1472,Public,Scraped
Netherlands,NL,2021-05-15,1262,Public,Scraped
Netherlands,NL,2021-05-22,977,Public,Scraped
Netherlands,NL,2021-05-29,614,Public,Scraped
Netherlands,NL,2021-06-05,444,Public,Scraped
Netherlands,NL,2021-06-12,276,Public,Scraped
Netherlands,NL,2021-06-19,182,Public,Scraped
Netherlands,NL,2021-06-26,101,Public,Scraped
Netherlands,NL,2021-07-03,50,Public,Scraped
Netherlands,NL,2021-07-10,82,Public,Scraped
Netherlands,NL,2021-07-17,228,Public,Scraped
Netherlands,NL,2021-07-24,518,Public,Scraped
Netherlands,NL,2021-07-31,557,Public,Scraped
Netherlands,NL,2021-08-07,422,Public,Scraped
Netherlands,NL,2021-08-14,420,Public,Scraped
Netherlands,NL,2021-08-21,405,Public,Scraped
Netherlands,NL,2021-08-28,419,Public,Scraped
Netherlands,NL,2021-09-04,407,Public,Scraped
Netherlands,NL,2021-09-11,346,Public,Scraped
Netherlands,NL,2021-09-18,316,Public,Scraped
Netherlands,NL,2021-09-25,229,Public,Scraped
Netherlands,NL,2021-10-02,262,Public,Scraped
Netherlands,NL,2021-10-09,311,Public,Scraped
Netherlands,NL,2021-10-16,415,Public,Scraped
Netherlands,NL,2021-10-23,618,Public,Scraped
Norway,NO,2020-02-29,0,Public,Scraped
Norway,NO,2020-03-07,1,Public,Scraped
Norway,NO,2020-03-14,43,Public,Scraped
Norway,NO,2020-03-21,168,Public,Scraped
Norway,NO,2020-03-28,292,Public,Scraped
Norway,NO,2020-04-04,207,Public,Scraped
Norway,NO,2020-04-11,96,Public,Scraped
Norway,NO,2020-04-18,70,Public,Scraped
Norway,NO,2020-04-25,39,Public,Scraped
Norway,NO,2020-05-02,21,Public,Scraped
Norway,NO,2020-05-09,17,Public,Scraped
Norway,NO,2020-05-16,12,Public,Scraped
Norway,NO,2020-05-23,10,Public,Scraped
Norway,NO,2020-05-30,8,Public,Scraped
Norway,NO,2020-06-06,4,Public,Scraped
Norway,NO,2020-06-13,7,Public,Scraped
Norway,NO,2020-06-20,8,Public,Scraped
Norway,NO,2020-06-27,11,Public,Scraped
Norway,NO,2020-07-04,7,Public,Scraped
Norway,NO,2020-07-11,3,Public,Scraped
Norway,NO,2020-07-18,8,Public,Scraped
Norway,NO,2020-07-25,2,Public,Scraped
Norway,NO,2020-08-01,11,Public,Scraped
Norway,NO,2020-08-08,15,Public,Scraped
Norway,NO,2020-08-15,10,Public,Scraped
Norway,NO,2020-08-22,13,Public,Scraped
Norway,NO,2020-08-29,13,Public,Scraped
Norway,NO,2020-09-05,10,Public,Scraped
Norway,NO,2020-09-12,21,Public,Scraped
Norway,NO,2020-09-19,22,Public,Scraped
Norway,NO,2020-09-26,16,Public,Scraped
Norway,NO,2020-10-03,23,Public,Scraped
Norway,NO,2020-10-10,26,Public,Scraped
Norway,NO,2020-10-17,26,Public,Scraped
Norway,NO,2020-10-24,38,Public,Scraped
Norway,NO,2020-10-31,57,Public,Scraped
Norway,NO,2020-11-07,93,Public,Scraped
Norway,NO,2020-11-14,107,Public,Scraped
Norway,NO,2020-11-21,107,Public,Scraped
Norway,NO,2020-11-28,103,Public,Scraped
Norway,NO,2020-12-05,101,Public,Scraped
Norway,NO,2020-12-12,90,Public,Scraped
Norway,NO,2020-12-19,89,Public,Scraped
Norway,NO,2020-12-26,80,Public,Scraped
Norway,NO,2021-01-02,105,Public,Scraped
Norway,NO,2021-01-09,89,Public,Scraped
Norway,NO,2021-01-16,95,Public,Scraped
Norway,NO,2021-01-23,82,Public,Scraped
Norway,NO,2021-01-30,55,Public,Scraped
Norway,NO,2021-02-06,35,Public,Scraped
Norway,NO,2021-02-13,49,Public,Scraped
Norway,NO,2021-02-20,49,Public,Scraped
Norway,NO,2021-02-27,79,Public,Scraped
Norway,NO,2021-03-06,95,Public,Scraped
Norway,NO,2021-03-13,165,Public,Scraped
Norway,NO,2021-03-20,221,Public,Scraped
Norway,NO,2021-03-27,212,Public,Scraped
Norway,NO,2021-04-03,212,Public,Scraped
Norway,NO,2021-04-10,204,Public,Scraped
Norway,NO,2021-04-17,172,Public,Scraped
Norway,NO,2021-04-24,140,Public,Scraped
Norway,NO,2021-05-01,80,Public,Scraped
Norway,NO,2021-05-08,60,Public,Scraped
Norway,NO,2021-05-15,72,Public,Scraped
Norway,NO,2021-05-22,63,Public,Scraped
Norway,NO,2021-05-29,54,Public,Scraped
Norway,NO,2021-06-05,45,Public,Scraped
Norway,NO,2021-06-12,34,Public,Scraped
Norway,NO,2021-06-19,24,Public,Scraped
Norway,NO,2021-06-26,22,Public,Scraped
Norway,NO,2021-07-03,11,Public,Scraped
Norway,NO,2021-07-10,24,Public,Scraped
Norway,NO,2021-07-17,12,Public,Scraped
Norway,NO,2021-07-24,23,Public,Scraped
Norway,NO,2021-07-31,20,Public,Scraped
Norway,NO,2021-08-07,28,Public,Scraped
Norway,NO,2021-08-14,35,Public,Scraped
Norway,NO,2021-08-21,49,Public,Scraped
Norway,NO,2021-08-28,62,Public,Scraped
Norway,NO,2021-09-04,74,Public,Scraped
Norway,NO,2021-09-11,90,Public,Scraped
Norway,NO,2021-09-18,88,Public,Scraped
Norway,NO,2021-09-25,58,Public,Scraped
Norway,NO,2021-10-02,62,Public,Scraped
Norway,NO,2021-10-09,62,Public,Scraped
Norway,NO,2021-10-16,60,Public,Scraped
Norway,NO,2021-10-23,77,Public,Scraped
Norway,NO,2021-10-30,107,Public,Scraped
Portugal,PT,2020-02-15,19,TESSy,Scraped
Portugal,PT,2020-03-07,77,TESSy,Scraped
Portugal,PT,2020-03-14,163,TESSy,Scraped
Portugal,PT,2020-03-21,382,TESSy,Scraped
Portugal,PT,2020-03-28,718,TESSy,Scraped
Portugal,PT,2020-04-04,699,TESSy,Scraped
Portugal,PT,2020-04-11,501,TESSy,Scraped
Portugal,PT,2020-04-18,379,TESSy,Scraped
Portugal,PT,2020-04-25,282,TESSy,Scraped
Portugal,PT,2020-05-02,213,TESSy,Scraped
Portugal,PT,2020-05-09,158,TESSy,Scraped
Portugal,PT,2020-05-16,192,TESSy,Scraped
Portugal,PT,2020-05-23,174,TESSy,Scraped
Portugal,PT,2020-05-30,187,TESSy,Scraped
Portugal,PT,2020-06-06,136,TESSy,Scraped
Portugal,PT,2020-06-13,130,TESSy,Scraped
Portugal,PT,2020-06-20,158,TESSy,Scraped
Portugal,PT,2020-06-27,153,TESSy,Scraped
Portugal,PT,2020-07-04,129,TESSy,Scraped
Portugal,PT,2020-07-11,130,TESSy,Scraped
Portugal,PT,2020-07-18,129,TESSy,Scraped
Portugal,PT,2020-07-25,98,TESSy,Scraped
Portugal,PT,2020-08-01,93,TESSy,Scraped
Portugal,PT,2020-08-08,96,TESSy,Scraped
Portugal,PT,2020-08-15,80,TESSy,Scraped
Portugal,PT,2020-08-22,82,TESSy,Scraped
Portugal,PT,2020-08-29,97,TESSy,Scraped
Portugal,PT,2020-09-05,138,TESSy,Scraped
Portugal,PT,2020-09-12,156,TESSy,Scraped
Portugal,PT,2020-09-19,183,TESSy,Scraped
Portugal,PT,2020-09-26,170,TESSy,Scraped
Portugal,PT,2020-10-03,196,TESSy,Scraped
Portugal,PT,2020-10-10,213,TESSy,Scraped
Portugal,PT,2020-10-17,294,TESSy,Scraped
Portugal,PT,2020-10-24,404,TESSy,Scraped
Portugal,PT,2020-10-31,476,TESSy,Scraped
Portugal,PT,2020-11-07,513,TESSy,Scraped
Portugal,PT,2020-11-14,505,TESSy,Scraped
Portugal,PT,2020-11-21,545,TESSy,Scraped
Portugal,PT,2020-11-28,514,TESSy,Scraped
Portugal,PT,2020-12-05,495,TESSy,Scraped
Portugal,PT,2020-12-12,468,TESSy,Scraped
Portugal,PT,2020-12-19,429,TESSy,Scraped
Portugal,PT,2020-12-26,424,TESSy,Scraped
Portugal,PT,2021-01-02,655,TESSy,Scraped
Portugal,PT,2021-01-09,794,TESSy,Scraped
Portugal,PT,2021-01-16,898,TESSy,Scraped
Portugal,PT,2021-01-23,833,TESSy,Scraped
Portugal,PT,2021-01-30,827,TESSy,Scraped
Portugal,PT,2021-02-06,567,TESSy,Scraped
Portugal,PT,2021-02-13,438,TESSy,Scraped
Portugal,PT,2021-02-20,297,TESSy,Scraped
Portugal,PT,2021-02-27,187,TESSy,Scraped
Portugal,PT,2021-03-06,131,TESSy,Scraped
Portugal,PT,2021-03-13,111,TESSy,Scraped
Portugal,PT,2021-03-20,103,TESSy,Scraped
Portugal,PT,2021-03-27,87,TESSy,Scraped
Portugal,PT,2021-04-03,54,TESSy,Scraped
Portugal,PT,2021-04-10,56,TESSy,Scraped
Portugal,PT,2021-04-17,59,TESSy,Scraped
Portugal,PT,2021-04-24,48,TESSy,Scraped
Portugal,PT,2021-05-01,40,TESSy,Scraped
Portugal,PT,2021-05-08,38,TESSy,Scraped
Portugal,PT,2021-05-15,47,TESSy,Scraped
Portugal,PT,2021-05-22,43,TESSy,Scraped
Portugal,PT,2021-05-29,45,TESSy,Scraped
Portugal,PT,2021-06-05,36,TESSy,Scraped
Portugal,PT,2021-06-12,53,TESSy,Scraped
Portugal,PT,2021-06-19,83,TESSy,Scraped
Portugal,PT,2021-06-26,107,TESSy,Scraped
Portugal,PT,2021-07-03,86,TESSy,Scraped
Portugal,PT,2021-07-10,118,TESSy,Scraped
Portugal,PT,2021-07-17,122,TESSy,Scraped
Portugal,PT,2021-07-24,157,TESSy,Scraped
Portugal,PT,2021-07-31,149,TESSy,Scraped
Portugal,PT,2021-08-07,138,TESSy,Scraped
Portugal,PT,2021-08-14,142,TESSy,Scraped
Portugal,PT,2021-08-21,126,TESSy,Scraped
Portugal,PT,2021-08-28,121,TESSy,Scraped
Portugal,PT,2021-09-04,136,TESSy,Scraped
Portugal,PT,2021-09-11,93,TESSy,Scraped
Portugal,PT,2021-09-18,36,TESSy,Scraped
Portugal,PT,2021-09-25,70,TESSy,Scraped
Portugal,PT,2021-10-02,52,TESSy,Scraped
Portugal,PT,2021-10-09,70,TESSy,Scraped
Portugal,PT,2021-10-16,45,TESSy,Scraped
Portugal,PT,2021-10-23,60,TESSy,Scraped
Slovenia,SI,2020-03-21,43,Public,Scraped
Slovenia,SI,2020-03-28,71,Public,Scraped
Slovenia,SI,2020-04-04,51,Public,Scraped
Slovenia,SI,2020-04-11,59,Public,Scraped
Slovenia,SI,2020-04-18,50,Public,Scraped
Slovenia,SI,2020-04-25,20,Public,Scraped
Slovenia,SI,2020-05-02,20,Public,Scraped
Slovenia,SI,2020-05-09,10,Public,Scraped
Slovenia,SI,2020-05-16,3,Public,Scraped
Slovenia,SI,2020-05-23,1,Public,Scraped
Slovenia,SI,2020-05-30,1,Public,Scraped
Slovenia,SI,2020-06-06,1,Public,Scraped
Slovenia,SI,2020-06-13,1,Public,Scraped
Slovenia,SI,2020-06-20,3,Public,Scraped
Slovenia,SI,2020-06-27,3,Public,Scraped
Slovenia,SI,2020-07-04,3,Public,Scraped
Slovenia,SI,2020-07-11,16,Public,Scraped
Slovenia,SI,2020-07-18,10,Public,Scraped
Slovenia,SI,2020-07-25,16,Public,Scraped
Slovenia,SI,2020-08-01,12,Public,Scraped
Slovenia,SI,2020-08-08,11,Public,Scraped
Slovenia,SI,2020-08-15,13,Public,Scraped
Slovenia,SI,2020-08-22,12,Public,Scraped
Slovenia,SI,2020-08-29,15,Public,Scraped
Slovenia,SI,2020-09-05,16,Public,Scraped
Slovenia,SI,2020-09-12,25,Public,Scraped
Slovenia,SI,2020-09-19,56,Public,Scraped
Slovenia,SI,2020-09-26,58,Public,Scraped
Slovenia,SI,2020-10-03,96,Public,Scraped
Slovenia,SI,2020-10-10,125,Public,Scraped
Slovenia,SI,2020-10-17,221,Public,Scraped
Slovenia,SI,2020-10-24,408,Public,Scraped
Slovenia,SI,2020-10-31,697,Public,Scraped
Slovenia,SI,2020-11-07,899,Public,Scraped
Slovenia,SI,2020-11-14,886,Public,Scraped
Slovenia,SI,2020-11-21,760,Public,Scraped
Slovenia,SI,2020-11-28,830,Public,Scraped
Slovenia,SI,2020-12-05,822,Public,Scraped
Slovenia,SI,2020-12-12,860,Public,Scraped
Slovenia,SI,2020-12-19,750,Public,Scraped
Slovenia,SI,2020-12-26,697,Public,Scraped
Slovenia,SI,2021-01-02,713,Public,Scraped
Slovenia,SI,2021-01-09,751,Public,Scraped
Slovenia,SI,2021-01-16,788,Public,Scraped
Slovenia,SI,2021-01-23,677,Public,Scraped
Slovenia,SI,2021-01-30,601,Public,Scraped
Slovenia,SI,2021-02-06,511,Public,Scraped
Slovenia,SI,2021-02-13,375,Public,Scraped
Slovenia,SI,2021-02-20,300,Public,Scraped
Slovenia,SI,2021-02-27,303,Public,Scraped
Slovenia,SI,2021-03-06,324,Public,Scraped
Slovenia,SI,2021-03-13,270,Public,Scraped
Slovenia,SI,2021-03-20,317,Public,Scraped
Slovenia,SI,2021-03-27,371,Public,Scraped
Slovenia,SI,2021-04-03,401,Public,Scraped
Slovenia,SI,2021-04-10,426,Public,Scraped
Slovenia,SI,2021-04-17,441,Public,Scraped
Slovenia,SI,2021-04-24,406,Public,Scraped
Slovenia,SI,2021-05-01,382,Public,Scraped
Slovenia,SI,2021-05-08,283,Public,Scraped
Slovenia,SI,2021-05-15,252,Public,Scraped
Slovenia,SI,2021-05-22,164,Public,Scraped
Slovenia,SI,2021-05-29,116,Public,Scraped
Slovenia,SI,2021-06-05,101,Public,Scraped
Slovenia,SI,2021-06-12,92,Public,Scraped
Slovenia,SI,2021-06-19,49,Public,Scraped
Slovenia,SI,2021-06-26,32,Public,Scraped
Slovenia,SI,2021-07-03,25,Public,Scraped
Slovenia,SI,2021-07-10,19,Public,Scraped
Slovenia,SI,2021-07-17,7,Public,Scraped
Slovenia,SI,2021-07-24,16,Public,Scraped
Slovenia,SI,2021-07-31,14,Public,Scraped
Slovenia,SI,2021-08-07,19,Public,Scraped
Slovenia,SI,2021-08-14,36,Public,Scraped
Slovenia,SI,2021-08-21,57,Public,Scraped
Slovenia,SI,2021-08-28,127,Public,Scraped
Slovenia,SI,2021-09-04,171,Public,Scraped
Slovenia,SI,2021-09-11,226,Public,Scraped
Slovenia,SI,2021-09-18,256,Public,Scraped
Slovenia,SI,2021-09-25,274,Public,Scraped
Slovenia,SI,2021-10-02,312,Public,Scraped
Slovenia,SI,2021-10-09,265,Public,Scraped
Slovenia,SI,2021-10-16,265,Public,Scraped
Slovenia,SI,2021-10-23,336,Public,Scraped
Slovenia,SI,2021-10-30,503,Public,Scraped
Slovenia,SI,2021-11-06,627,Public,Scraped
Switzerland,CH,2020-02-29,52,Hub,Scraped
Switzerland,CH,2020-03-07,111,Hub,Scraped
Switzerland,CH,2020-03-14,351,Hub,Scraped
Switzerland,CH,2020-03-21,839,Hub,Scraped
Switzerland,CH,2020-03-28,1174,Hub,Scraped
Switzerland,CH,2020-04-04,673,Hub,Scraped
Switzerland,CH,2020-04-11,378,Hub,Scraped
Switzerland,CH,2020-04-18,224,Hub,Scraped
Switzerland,CH,2020-04-25,107,Hub,Scraped
Switzerland,CH,2020-05-02,66,Hub,Scraped
Switzerland,CH,2020-05-09,31,Hub,Scraped
Switzerland,CH,2020-05-16,25,Hub,Scraped
Switzerland,CH,2020-05-23,15,Hub,Scraped
Switzerland,CH,2020-05-30,19,Hub,Scraped
Switzerland,CH,2020-06-06,5,Hub,Scraped
Switzerland,CH,2020-06-13,7,Hub,Scraped
Switzerland,CH,2020-06-20,17,Hub,Scraped
Switzerland,CH,2020-06-27,17,Hub,Scraped
Switzerland,CH,2020-07-04,38,Hub,Scraped
Switzerland,CH,2020-07-11,55,Hub,Scraped
Switzerland,CH,2020-07-18,36,Hub,Scraped
Switzerland,CH,2020-07-25,59,Hub,Scraped
Switzerland,CH,2020-08-01,62,Hub,Scraped
Switzerland,CH,2020-08-08,49,Hub,Scraped
Switzerland,CH,2020-08-15,53,Hub,Scraped
Switzerland,CH,2020-08-22,51,Hub,Scraped
Switzerland,CH,2020-08-29,44,Hub,Scraped
Switzerland,CH,2020-09-05,75,Hub,Scraped
Switzerland,CH,2020-09-12,100,Hub,Scraped
Switzerland,CH,2020-09-19,107,Hub,Scraped
Switzerland,CH,2020-09-26,114,Hub,Scraped
Switzerland,CH,2020-10-03,164,Hub,Scraped
Switzerland,CH,2020-10-10,286,Hub,Scraped
Switzerland,CH,2020-10-17,649,Hub,Scraped
Switzerland,CH,2020-10-24,1217,Hub,Scraped
Switzerland,CH,2020-10-31,1632,Hub,Scraped
Switzerland,CH,2020-11-07,1688,Hub,Scraped
Switzerland,CH,2020-11-14,1536,Hub,Scraped
Switzerland,CH,2020-11-21,1322,Hub,Scraped
Switzerland,CH,2020-11-28,1204,Hub,Scraped
Switzerland,CH,2020-12-05,1160,Hub,Scraped
Switzerland,CH,2020-12-12,1216,Hub,Scraped
Switzerland,CH,2020-12-19,1143,Hub,Scraped
Switzerland,CH,2020-12-26,1096,Hub,Scraped
Switzerland,CH,2021-01-02,1137,Hub,Scraped
Switzerland,CH,2021-01-09,956,Hub,Scraped
Switzerland,CH,2021-01-16,687,Hub,Scraped
Switzerland,CH,2021-01-23,542,Hub,Scraped
Switzerland,CH,2021-01-30,466,Hub,Scraped
Switzerland,CH,2021-02-06,423,Hub,Scraped
Switzerland,CH,2021-02-13,329,Hub,Scraped
Switzerland,CH,2021-02-20,313,Hub,Scraped
Switzerland,CH,2021-02-27,292,Hub,Scraped
Switzerland,CH,2021-03-06,342,Hub,Scraped
Switzerland,CH,2021-03-13,358,Hub,Scraped
Switzerland,CH,2021-03-20,411,Hub,Scraped
Switzerland,CH,2021-03-27,467,Hub,Scraped
Switzerland,CH,2021-04-03,541,Hub,Scraped
Switzerland,CH,2021-04-10,510,Hub,Scraped
Switzerland,CH,2021-04-17,490,Hub,Scraped
Switzerland,CH,2021-04-24,487,Hub,Scraped
Switzerland,CH,2021-05-01,461,Hub,Scraped
Switzerland,CH,2021-05-08,336,Hub,Scraped
Switzerland,CH,2021-05-15,237,Hub,Scraped
Switzerland,CH,2021-05-22,251,Hub,Scraped
Switzerland,CH,2021-05-29,148,Hub,Scraped
Switzerland,CH,2021-06-05,120,Hub,Scraped
Switzerland,CH,2021-06-12,77,Hub,Scraped
Switzerland,CH,2021-06-19,48,Hub,Scraped
Switzerland,CH,2021-06-26,29,Hub,Scraped
Switzerland,CH,2021-07-03,17,Hub,Scraped
Switzerland,CH,2021-07-10,28,Hub,Scraped
Switzerland,CH,2021-07-17,62,Hub,Scraped
Switzerland,CH,2021-07-24,87,Hub,Scraped
Switzerland,CH,2021-07-31,121,Hub,Scraped
Switzerland,CH,2021-08-07,179,Hub,Scraped
Switzerland,CH,2021-08-14,375,Hub,Scraped
Switzerland,CH,2021-08-21,519,Hub,Scraped
Switzerland,CH,2021-08-28,478,Hub,Scraped
Switzerland,CH,2021-09-04,409,Hub,Scraped
Switzerland,CH,2021-09-11,349,Hub,Scraped
Switzerland,CH,2021-09-18,304,Hub,Scraped
Switzerland,CH,2021-09-25,239,Hub,Scraped
Switzerland,CH,2021-10-02,164,Hub,Scraped
Switzerland,CH,2021-10-09,156,Hub,Scraped
Switzerland,CH,2021-10-16,138,Hub,Scraped
Switzerland,CH,2021-10-23,159,Hub,Scraped
Switzerland,CH,2021-10-30,203,Hub,Scraped
Switzerland,CH,2021-11-06,189,Hub,Scraped
United Kingdom,GB,2020-03-28,13917,Hub,Scraped
United Kingdom,GB,2020-04-04,21645,Hub,Scraped
United Kingdom,GB,2020-04-11,18485,Hub,Scraped
United Kingdom,GB,2020-04-18,13394,Hub,Scraped
United Kingdom,GB,2020-04-25,10622,Hub,Scraped
United Kingdom,GB,2020-05-02,9618,Hub,Scraped
United Kingdom,GB,2020-05-09,7537,Hub,Scraped
United Kingdom,GB,2020-05-16,6364,Hub,Scraped
United Kingdom,GB,2020-05-23,5393,Hub,Scraped
United Kingdom,GB,2020-05-30,4428,Hub,Scraped
United Kingdom,GB,2020-06-06,3761,Hub,Scraped
United Kingdom,GB,2020-06-13,3009,Hub,Scraped
United Kingdom,GB,2020-06-20,2615,Hub,Scraped
United Kingdom,GB,2020-06-27,2287,Hub,Scraped
United Kingdom,GB,2020-07-04,1616,Hub,Scraped
United Kingdom,GB,2020-07-11,1309,Hub,Scraped
United Kingdom,GB,2020-07-18,1084,Hub,Scraped
United Kingdom,GB,2020-07-25,1002,Hub,Scraped
United Kingdom,GB,2020-08-01,851,Hub,Scraped
United Kingdom,GB,2020-08-08,845,Hub,Scraped
United Kingdom,GB,2020-08-15,716,Hub,Scraped
United Kingdom,GB,2020-08-22,700,Hub,Scraped
United Kingdom,GB,2020-08-29,826,Hub,Scraped
United Kingdom,GB,2020-09-05,942,Hub,Scraped
United Kingdom,GB,2020-09-12,1432,Hub,Scraped
United Kingdom,GB,2020-09-19,1892,Hub,Scraped
United Kingdom,GB,2020-09-26,2651,Hub,Scraped
United Kingdom,GB,2020-10-03,3563,Hub,Scraped
United Kingdom,GB,2020-10-10,5019,Hub,Scraped
United Kingdom,GB,2020-10-17,7005,Hub,Scraped
United Kingdom,GB,2020-10-24,8835,Hub,Scraped
United Kingdom,GB,2020-10-31,10471,Hub,Scraped
United Kingdom,GB,2020-11-07,11050,Hub,Scraped
United Kingdom,GB,2020-11-14,12454,Hub,Scraped
United Kingdom,GB,2020-11-21,11466,Hub,Scraped
United Kingdom,GB,2020-11-28,10017,Hub,Scraped
United Kingdom,GB,2020-12-05,10168,Hub,Scraped
United Kingdom,GB,2020-12-12,12200,Hub,Scraped
United Kingdom,GB,2020-12-19,14275,Hub,Scraped
United Kingdom,GB,2020-12-26,16794,Hub,Scraped
United Kingdom,GB,2021-01-02,23059,Hub,Scraped
United Kingdom,GB,2021-01-09,28804,Hub,Scraped
United Kingdom,GB,2021-01-16,28595,Hub,Scraped
United Kingdom,GB,2021-01-23,25535,Hub,Scraped
United Kingdom,GB,2021-01-30,19754,Hub,Scraped
United Kingdom,GB,2021-02-06,15339,Hub,Scraped
United Kingdom,GB,2021-02-13,11552,Hub,Scraped
United Kingdom,GB,2021-02-20,9273,Hub,Scraped
United Kingdom,GB,2021-02-27,6607,Hub,Scraped
United Kingdom,GB,2021-03-06,4847,Hub,Scraped
United Kingdom,GB,2021-03-13,3644,Hub,Scraped
United Kingdom,GB,2021-03-20,2943,Hub,Scraped
United Kingdom,GB,2021-03-27,2260,Hub,Scraped
United Kingdom,GB,2021-04-03,1669,Hub,Scraped
United Kingdom,GB,2021-04-10,1500,Hub,Scraped
United Kingdom,GB,2021-04-17,1203,Hub,Scraped
United Kingdom,GB,2021-04-24,1027,Hub,Scraped
United Kingdom,GB,2021-05-01,845,Hub,Scraped
United Kingdom,GB,2021-05-08,783,Hub,Scraped
United Kingdom,GB,2021-05-15,704,Hub,Scraped
United Kingdom,GB,2021-05-22,849,Hub,Scraped
United Kingdom,GB,2021-05-29,889,Hub,Scraped
United Kingdom,GB,2021-06-05,940,Hub,Scraped
United Kingdom,GB,2021-06-12,1338,Hub,Scraped
United Kingdom,GB,2021-06-19,1588,Hub,Scraped
United Kingdom,GB,2021-06-26,1788,Hub,Scraped
United Kingdom,GB,2021-07-03,2714,Hub,Scraped
United Kingdom,GB,2021-07-10,3969,Hub,Scraped
United Kingdom,GB,2021-07-17,5219,Hub,Scraped
United Kingdom,GB,2021-07-24,6328,Hub,Scraped
United Kingdom,GB,2021-07-31,5705,Hub,Scraped
United Kingdom,GB,2021-08-07,5450,Hub,Scraped
United Kingdom,GB,2021-08-14,5742,Hub,Scraped
United Kingdom,GB,2021-08-21,6263,Hub,Scraped
United Kingdom,GB,2021-08-28,6606,Hub,Scraped
United Kingdom,GB,2021-09-04,6836,Hub,Scraped
United Kingdom,GB,2021-09-11,7008,Hub,Scraped
United Kingdom,GB,2021-09-18,5966,Hub,Scraped
United Kingdom,GB,2021-09-25,5210,Hub,Scraped
United Kingdom,GB,2021-10-02,5165,Hub,Scraped
United Kingdom,GB,2021-10-09,5519,Hub,Scraped
United Kingdom,GB,2021-10-16,6401,Hub,Scraped
United Kingdom,GB,2021-10-23,7065,Hub,Scraped
United Kingdom,GB,2021-10-30,7301,Hub,Scraped
