week_start,location,location_name,value
2019-12-30,AUT,Austria,0
2020-01-06,AUT,Austria,0
2020-01-13,AUT,Austria,0
2020-01-20,AUT,Austria,0
2020-01-27,AUT,Austria,0
2020-02-03,AUT,Austria,0
2020-02-10,AUT,Austria,0
2020-02-17,AUT,Austria,0
2020-02-24,AUT,Austria,0
2020-03-02,AUT,Austria,0
2020-03-09,AUT,Austria,1
2020-03-16,AUT,Austria,15
2020-03-23,AUT,Austria,70
2020-03-30,AUT,Austria,118
2020-04-06,AUT,Austria,146
2020-04-13,AUT,Austria,102
2020-04-20,AUT,Austria,90
2020-04-27,AUT,Austria,56
2020-05-04,AUT,Austria,20
2020-05-11,AUT,Austria,11
2020-05-18,AUT,Austria,11
2020-05-25,AUT,Austria,28
2020-06-01,AUT,Austria,4
2020-06-08,AUT,Austria,5
2020-06-15,AUT,Austria,13
2020-06-22,AUT,Austria,12
2020-06-29,AUT,Austria,4
2020-07-06,AUT,Austria,2
2020-07-13,AUT,Austria,2
2020-07-20,AUT,Austria,2
2020-07-27,AUT,Austria,6
2020-08-03,AUT,Austria,3
2020-08-10,AUT,Austria,7
2020-08-17,AUT,Austria,4
2020-08-24,AUT,Austria,1
2020-08-31,AUT,Austria,3
2020-09-07,AUT,Austria,20
2020-09-14,AUT,Austria,10
2020-09-21,AUT,Austria,21
2020-09-28,AUT,Austria,26
2020-10-05,AUT,Austria,51
2020-10-12,AUT,Austria,46
2020-10-19,AUT,Austria,74
2020-10-26,AUT,Austria,130
2020-11-02,AUT,Austria,221
2020-11-09,AUT,Austria,344
2020-11-16,AUT,Austria,520
2020-11-23,AUT,Austria,705
2020-11-30,AUT,Austria,828
2020-12-07,AUT,Austria,668
2020-12-14,AUT,Austria,816
2020-12-21,AUT,Austria,656
2020-12-28,AUT,Austria,381
2021-01-04,AUT,Austria,378
2021-01-11,AUT,Austria,383
2021-01-18,AUT,Austria,348
2021-01-25,AUT,Austria,291
2021-02-01,AUT,Austria,287
2021-02-08,AUT,Austria,161
2021-02-15,AUT,Austria,157
2019-12-30,BEL,Belgium,0
2020-01-06,BEL,Belgium,0
2020-01-13,BEL,Belgium,0
2020-01-20,BEL,Belgium,0
2020-01-27,BEL,Belgium,0
2020-02-03,BEL,Belgium,0
2020-02-10,BEL,Belgium,0
2020-02-17,BEL,Belgium,0
2020-02-24,BEL,Belgium,0
2020-03-02,BEL,Belgium,0
2020-03-09,BEL,Belgium,18
2020-03-16,BEL,Belgium,198
2020-03-23,BEL,Belgium,782
2020-03-30,BEL,Belgium,1584
2020-04-06,BEL,Belgium,1979
2020-04-13,BEL,Belgium,1667
2020-04-20,BEL,Belgium,1195
2020-04-27,BEL,Belgium,698
2020-05-04,BEL,Belgium,535
2020-05-11,BEL,Belgium,314
2020-05-18,BEL,Belgium,230
2020-05-25,BEL,Belgium,160
2020-06-01,BEL,Belgium,113
2020-06-08,BEL,Belgium,58
2020-06-15,BEL,Belgium,43
2020-06-22,BEL,Belgium,39
2020-06-29,BEL,Belgium,25
2020-07-06,BEL,Belgium,13
2020-07-13,BEL,Belgium,19
2020-07-20,BEL,Belgium,15
2020-07-27,BEL,Belgium,20
2020-08-03,BEL,Belgium,30
2020-08-10,BEL,Belgium,75
2020-08-17,BEL,Belgium,42
2020-08-24,BEL,Belgium,28
2020-08-31,BEL,Belgium,17
2020-09-07,BEL,Belgium,19
2020-09-14,BEL,Belgium,27
2020-09-21,BEL,Belgium,39
2020-09-28,BEL,Belgium,84
2020-10-05,BEL,Belgium,139
2020-10-12,BEL,Belgium,236
2020-10-19,BEL,Belgium,502
2020-10-26,BEL,Belgium,1056
2020-11-02,BEL,Belgium,1411
2020-11-09,BEL,Belgium,1328
2020-11-16,BEL,Belgium,1123
2020-11-23,BEL,Belgium,874
2020-11-30,BEL,Belgium,699
2020-12-07,BEL,Belgium,666
2020-12-14,BEL,Belgium,654
2020-12-21,BEL,Belgium,534
2020-12-28,BEL,Belgium,456
2021-01-04,BEL,Belgium,384
2021-01-11,BEL,Belgium,345
2021-01-18,BEL,Belgium,372
2021-01-25,BEL,Belgium,297
2021-02-01,BEL,Belgium,303
2021-02-08,BEL,Belgium,280
2021-02-15,BEL,Belgium,211
2020-03-02,BGR,Bulgaria,0
2020-03-09,BGR,Bulgaria,2
2020-03-16,BGR,Bulgaria,1
2020-03-23,BGR,Bulgaria,5
2020-03-30,BGR,Bulgaria,12
2020-04-06,BGR,Bulgaria,9
2020-04-13,BGR,Bulgaria,14
2020-04-20,BGR,Bulgaria,13
2020-04-27,BGR,Bulgaria,17
2020-05-04,BGR,Bulgaria,18
2020-05-11,BGR,Bulgaria,19
2020-05-18,BGR,Bulgaria,20
2020-05-25,BGR,Bulgaria,10
2020-06-01,BGR,Bulgaria,20
2020-06-08,BGR,Bulgaria,14
2020-06-15,BGR,Bulgaria,25
2020-06-22,BGR,Bulgaria,20
2020-06-29,BGR,Bulgaria,27
2020-07-06,BGR,Bulgaria,22
2020-07-13,BGR,Bulgaria,32
2020-07-20,BGR,Bulgaria,40
2020-07-27,BGR,Bulgaria,48
2020-08-03,BGR,Bulgaria,59
2020-08-10,BGR,Bulgaria,51
2020-08-17,BGR,Bulgaria,47
2020-08-24,BGR,Bulgaria,68
2020-08-31,BGR,Bulgaria,58
2020-09-07,BGR,Bulgaria,49
2020-09-14,BGR,Bulgaria,41
2020-09-21,BGR,Bulgaria,35
2020-09-28,BGR,Bulgaria,48
2020-10-05,BGR,Bulgaria,48
2020-10-12,BGR,Bulgaria,94
2020-10-19,BGR,Bulgaria,108
2020-10-26,BGR,Bulgaria,204
2020-11-02,BGR,Bulgaria,367
2020-11-09,BGR,Bulgaria,465
2020-11-16,BGR,Bulgaria,750
2020-11-23,BGR,Bulgaria,934
2020-11-30,BGR,Bulgaria,983
2020-12-07,BGR,Bulgaria,891
2020-12-14,BGR,Bulgaria,921
2020-12-21,BGR,Bulgaria,555
2020-12-28,BGR,Bulgaria,514
2021-01-04,BGR,Bulgaria,448
2021-01-11,BGR,Bulgaria,357
2021-01-18,BGR,Bulgaria,337
2021-01-25,BGR,Bulgaria,225
2021-02-01,BGR,Bulgaria,286
2021-02-08,BGR,Bulgaria,293
2021-02-15,BGR,Bulgaria,230
2019-12-30,HRV,Croatia,0
2020-01-06,HRV,Croatia,0
2020-01-13,HRV,Croatia,0
2020-01-20,HRV,Croatia,0
2020-01-27,HRV,Croatia,0
2020-02-03,HRV,Croatia,0
2020-02-10,HRV,Croatia,0
2020-02-17,HRV,Croatia,0
2020-02-24,HRV,Croatia,0
2020-03-02,HRV,Croatia,0
2020-03-09,HRV,Croatia,0
2020-03-16,HRV,Croatia,0
2020-03-23,HRV,Croatia,6
2020-03-30,HRV,Croatia,9
2020-04-06,HRV,Croatia,8
2020-04-13,HRV,Croatia,24
2020-04-20,HRV,Croatia,8
2020-04-27,HRV,Croatia,24
2020-05-04,HRV,Croatia,11
2020-05-11,HRV,Croatia,5
2020-05-18,HRV,Croatia,4
2020-05-25,HRV,Croatia,4
2020-06-01,HRV,Croatia,1
2020-06-08,HRV,Croatia,3
2020-06-15,HRV,Croatia,0
2020-06-22,HRV,Croatia,0
2020-06-29,HRV,Croatia,6
2020-07-06,HRV,Croatia,6
2020-07-13,HRV,Croatia,1
2020-07-20,HRV,Croatia,16
2020-07-27,HRV,Croatia,13
2020-08-03,HRV,Croatia,8
2020-08-10,HRV,Croatia,9
2020-08-17,HRV,Croatia,5
2020-08-24,HRV,Croatia,13
2020-08-31,HRV,Croatia,14
2020-09-07,HRV,Croatia,26
2020-09-14,HRV,Croatia,24
2020-09-21,HRV,Croatia,24
2020-09-28,HRV,Croatia,26
2020-10-05,HRV,Croatia,26
2020-10-12,HRV,Croatia,39
2020-10-19,HRV,Croatia,74
2020-10-26,HRV,Croatia,125
2020-11-02,HRV,Croatia,232
2020-11-09,HRV,Croatia,255
2020-11-16,HRV,Croatia,304
2020-11-23,HRV,Croatia,359
2020-11-30,HRV,Croatia,462
2020-12-07,HRV,Croatia,466
2020-12-14,HRV,Croatia,617
2020-12-21,HRV,Croatia,482
2020-12-28,HRV,Croatia,333
2021-01-04,HRV,Croatia,331
2021-01-11,HRV,Croatia,252
2021-01-18,HRV,Croatia,204
2021-01-25,HRV,Croatia,195
2021-02-01,HRV,Croatia,144
2021-02-08,HRV,Croatia,141
2021-02-15,HRV,Croatia,110
2020-03-09,CYP,Cyprus,0
2020-03-16,CYP,Cyprus,0
2020-03-23,CYP,Cyprus,6
2020-03-30,CYP,Cyprus,3
2020-04-06,CYP,Cyprus,2
2020-04-13,CYP,Cyprus,1
2020-04-20,CYP,Cyprus,2
2020-04-27,CYP,Cyprus,1
2020-05-04,CYP,Cyprus,1
2020-05-11,CYP,Cyprus,1
2020-05-18,CYP,Cyprus,0
2020-05-25,CYP,Cyprus,0
2020-06-01,CYP,Cyprus,1
2020-06-08,CYP,Cyprus,0
2020-06-15,CYP,Cyprus,1
2020-06-22,CYP,Cyprus,0
2020-06-29,CYP,Cyprus,0
2020-07-06,CYP,Cyprus,0
2020-07-13,CYP,Cyprus,0
2020-07-20,CYP,Cyprus,0
2020-07-27,CYP,Cyprus,0
2020-08-03,CYP,Cyprus,0
2020-08-10,CYP,Cyprus,1
2020-08-17,CYP,Cyprus,1
2020-08-24,CYP,Cyprus,0
2020-08-31,CYP,Cyprus,0
2020-09-07,CYP,Cyprus,0
2020-09-14,CYP,Cyprus,1
2020-09-21,CYP,Cyprus,0
2020-09-28,CYP,Cyprus,0
2020-10-05,CYP,Cyprus,3
2020-10-12,CYP,Cyprus,0
2020-10-19,CYP,Cyprus,0
2020-10-26,CYP,Cyprus,1
2020-11-02,CYP,Cyprus,1
2020-11-09,CYP,Cyprus,13
2020-11-16,CYP,Cyprus,4
2020-11-23,CYP,Cyprus,4
2020-11-30,CYP,Cyprus,13
2020-12-07,CYP,Cyprus,17
2020-12-14,CYP,Cyprus,13
2020-12-21,CYP,Cyprus,21
2020-12-28,CYP,Cyprus,19
2021-01-04,CYP,Cyprus,17
2021-01-11,CYP,Cyprus,22
2021-01-18,CYP,Cyprus,16
2021-01-25,CYP,Cyprus,13
2021-02-01,CYP,Cyprus,13
2021-02-08,CYP,Cyprus,9
2021-02-15,CYP,Cyprus,8
2019-12-30,CZE,Czechia,0
2020-01-06,CZE,Czechia,0
2020-01-13,CZE,Czechia,0
2020-01-20,CZE,Czechia,0
2020-01-27,CZE,Czechia,0
2020-02-03,CZE,Czechia,0
2020-02-10,CZE,Czechia,0
2020-02-17,CZE,Czechia,0
2020-02-24,CZE,Czechia,0
2020-03-02,CZE,Czechia,0
2020-03-09,CZE,Czechia,0
2020-03-16,CZE,Czechia,1
2020-03-23,CZE,Czechia,15
2020-03-30,CZE,Czechia,51
2020-04-06,CZE,Czechia,71
2020-04-13,CZE,Czechia,50
2020-04-20,CZE,Czechia,33
2020-04-27,CZE,Czechia,27
2020-05-04,CZE,Czechia,32
2020-05-11,CZE,Czechia,17
2020-05-18,CZE,Czechia,18
2020-05-25,CZE,Czechia,5
2020-06-01,CZE,Czechia,7
2020-06-08,CZE,Czechia,2
2020-06-15,CZE,Czechia,7
2020-06-22,CZE,Czechia,12
2020-06-29,CZE,Czechia,0
2020-07-06,CZE,Czechia,4
2020-07-13,CZE,Czechia,7
2020-07-20,CZE,Czechia,12
2020-07-27,CZE,Czechia,12
2020-08-03,CZE,Czechia,6
2020-08-10,CZE,Czechia,8
2020-08-17,CZE,Czechia,15
2020-08-24,CZE,Czechia,11
2020-08-31,CZE,Czechia,13
2020-09-07,CZE,Czechia,20
2020-09-14,CZE,Czechia,47
2020-09-21,CZE,Czechia,103
2020-09-28,CZE,Czechia,121
2020-10-05,CZE,Czechia,307
2020-10-12,CZE,Czechia,388
2020-10-19,CZE,Czechia,779
2020-10-26,CZE,Czechia,1228
2020-11-02,CZE,Czechia,1429
2020-11-09,CZE,Czechia,1350
2020-11-16,CZE,Czechia,988
2020-11-23,CZE,Czechia,942
2020-11-30,CZE,Czechia,764
2020-12-07,CZE,Czechia,707
2020-12-14,CZE,Czechia,802
2020-12-21,CZE,Czechia,741
2020-12-28,CZE,Czechia,918
2021-01-04,CZE,Czechia,1202
2021-01-11,CZE,Czechia,1177
2021-01-18,CZE,Czechia,1004
2021-01-25,CZE,Czechia,939
2021-02-01,CZE,Czechia,941
2021-02-08,CZE,Czechia,917
2021-02-15,CZE,Czechia,1080
2019-12-30,DNK,Denmark,0
2020-01-06,DNK,Denmark,0
2020-01-13,DNK,Denmark,0
2020-01-20,DNK,Denmark,0
2020-01-27,DNK,Denmark,0
2020-02-03,DNK,Denmark,0
2020-02-10,DNK,Denmark,0
2020-02-17,DNK,Denmark,0
2020-02-24,DNK,Denmark,0
2020-03-02,DNK,Denmark,0
2020-03-09,DNK,Denmark,1
2020-03-16,DNK,Denmark,12
2020-03-23,DNK,Denmark,59
2020-03-30,DNK,Denmark,107
2020-04-06,DNK,Denmark,94
2020-04-13,DNK,Denmark,82
2020-04-20,DNK,Denmark,67
2020-04-27,DNK,Denmark,59
2020-05-04,DNK,Denmark,38
2020-05-11,DNK,Denmark,28
2020-05-18,DNK,Denmark,15
2020-05-25,DNK,Denmark,12
2020-06-01,DNK,Denmark,15
2020-06-08,DNK,Denmark,8
2020-06-15,DNK,Denmark,3
2020-06-22,DNK,Denmark,4
2020-06-29,DNK,Denmark,2
2020-07-06,DNK,Denmark,3
2020-07-13,DNK,Denmark,2
2020-07-20,DNK,Denmark,2
2020-07-27,DNK,Denmark,2
2020-08-03,DNK,Denmark,2
2020-08-10,DNK,Denmark,4
2020-08-17,DNK,Denmark,0
2020-08-24,DNK,Denmark,3
2020-08-31,DNK,Denmark,3
2020-09-07,DNK,Denmark,2
2020-09-14,DNK,Denmark,6
2020-09-21,DNK,Denmark,14
2020-09-28,DNK,Denmark,9
2020-10-05,DNK,Denmark,11
2020-10-12,DNK,Denmark,11
2020-10-19,DNK,Denmark,22
2020-10-26,DNK,Denmark,21
2020-11-02,DNK,Denmark,20
2020-11-09,DNK,Denmark,17
2020-11-16,DNK,Denmark,24
2020-11-23,DNK,Denmark,45
2020-11-30,DNK,Denmark,56
2020-12-07,DNK,Denmark,56
2020-12-14,DNK,Denmark,94
2020-12-21,DNK,Denmark,169
2020-12-28,DNK,Denmark,170
2021-01-04,DNK,Denmark,223
2021-01-11,DNK,Denmark,208
2021-01-18,DNK,Denmark,205
2021-01-25,DNK,Denmark,135
2021-02-01,DNK,Denmark,71
2021-02-08,DNK,Denmark,85
2021-02-15,DNK,Denmark,42
2019-12-30,EST,Estonia,0
2020-01-06,EST,Estonia,0
2020-01-13,EST,Estonia,0
2020-01-20,EST,Estonia,0
2020-01-27,EST,Estonia,0
2020-02-03,EST,Estonia,0
2020-02-10,EST,Estonia,0
2020-02-17,EST,Estonia,0
2020-02-24,EST,Estonia,0
2020-03-02,EST,Estonia,0
2020-03-09,EST,Estonia,0
2020-03-16,EST,Estonia,0
2020-03-23,EST,Estonia,3
2020-03-30,EST,Estonia,12
2020-04-06,EST,Estonia,10
2020-04-13,EST,Estonia,15
2020-04-20,EST,Estonia,9
2020-04-27,EST,Estonia,6
2020-05-04,EST,Estonia,5
2020-05-11,EST,Estonia,3
2020-05-18,EST,Estonia,0
2020-05-25,EST,Estonia,0
2020-06-01,EST,Estonia,0
2020-06-08,EST,Estonia,0
2020-06-15,EST,Estonia,0
2020-06-22,EST,Estonia,0
2020-06-29,EST,Estonia,0
2020-07-06,EST,Estonia,0
2020-07-13,EST,Estonia,0
2020-07-20,EST,Estonia,0
2020-07-27,EST,Estonia,0
2020-08-03,EST,Estonia,0
2020-08-10,EST,Estonia,0
2020-08-17,EST,Estonia,0
2020-08-24,EST,Estonia,1
2020-08-31,EST,Estonia,0
2020-09-07,EST,Estonia,0
2020-09-14,EST,Estonia,0
2020-09-21,EST,Estonia,0
2020-09-28,EST,Estonia,3
2020-10-05,EST,Estonia,1
2020-10-12,EST,Estonia,0
2020-10-19,EST,Estonia,5
2020-10-26,EST,Estonia,0
2020-11-02,EST,Estonia,2
2020-11-09,EST,Estonia,6
2020-11-16,EST,Estonia,7
2020-11-23,EST,Estonia,24
2020-11-30,EST,Estonia,19
2020-12-07,EST,Estonia,18
2020-12-14,EST,Estonia,25
2020-12-21,EST,Estonia,39
2020-12-28,EST,Estonia,38
2021-01-04,EST,Estonia,36
2021-01-11,EST,Estonia,46
2021-01-18,EST,Estonia,43
2021-01-25,EST,Estonia,43
2021-02-01,EST,Estonia,47
2021-02-08,EST,Estonia,35
2021-02-15,EST,Estonia,34
2019-12-30,FIN,Finland,0
2020-01-06,FIN,Finland,0
2020-01-13,FIN,Finland,0
2020-01-20,FIN,Finland,0
2020-01-27,FIN,Finland,0
2020-02-03,FIN,Finland,0
2020-02-10,FIN,Finland,0
2020-02-17,FIN,Finland,0
2020-02-24,FIN,Finland,0
2020-03-02,FIN,Finland,0
2020-03-09,FIN,Finland,0
2020-03-16,FIN,Finland,1
2020-03-23,FIN,Finland,10
2020-03-30,FIN,Finland,16
2020-04-06,FIN,Finland,29
2020-04-13,FIN,Finland,38
2020-04-20,FIN,Finland,96
2020-04-27,FIN,Finland,40
2020-05-04,FIN,Finland,37
2020-05-11,FIN,Finland,31
2020-05-18,FIN,Finland,9
2020-05-25,FIN,Finland,13
2020-06-01,FIN,Finland,3
2020-06-08,FIN,Finland,3
2020-06-15,FIN,Finland,0
2020-06-22,FIN,Finland,2
2020-06-29,FIN,Finland,0
2020-07-06,FIN,Finland,0
2020-07-13,FIN,Finland,0
2020-07-20,FIN,Finland,1
2020-07-27,FIN,Finland,0
2020-08-03,FIN,Finland,2
2020-08-10,FIN,Finland,2
2020-08-17,FIN,Finland,1
2020-08-24,FIN,Finland,1
2020-08-31,FIN,Finland,1
2020-09-07,FIN,Finland,1
2020-09-14,FIN,Finland,2
2020-09-21,FIN,Finland,4
2020-09-28,FIN,Finland,2
2020-10-05,FIN,Finland,1
2020-10-12,FIN,Finland,5
2020-10-19,FIN,Finland,2
2020-10-26,FIN,Finland,5
2020-11-02,FIN,Finland,4
2020-11-09,FIN,Finland,7
2020-11-16,FIN,Finland,6
2020-11-23,FIN,Finland,18
2020-11-30,FIN,Finland,22
2020-12-07,FIN,Finland,46
2020-12-14,FIN,Finland,28
2020-12-21,FIN,Finland,57
2020-12-28,FIN,Finland,19
2021-01-04,FIN,Finland,32
2021-01-11,FIN,Finland,24
2021-01-18,FIN,Finland,34
2021-01-25,FIN,Finland,22
2021-02-01,FIN,Finland,24
2021-02-08,FIN,Finland,15
2021-02-15,FIN,Finland,17
2019-12-30,FRA,France,0
2020-01-06,FRA,France,0
2020-01-13,FRA,France,0
2020-01-20,FRA,France,0
2020-01-27,FRA,France,0
2020-02-03,FRA,France,0
2020-02-10,FRA,France,1
2020-02-17,FRA,France,0
2020-02-24,FRA,France,1
2020-03-02,FRA,France,17
2020-03-09,FRA,France,108
2020-03-16,FRA,France,547
2020-03-23,FRA,France,1932
2020-03-30,FRA,France,5472
2020-04-06,FRA,France,6315
2020-04-13,FRA,France,5325
2020-04-20,FRA,France,3138
2020-04-27,FRA,France,2039
2020-05-04,FRA,France,1485
2020-05-11,FRA,France,1331
2020-05-18,FRA,France,656
2020-05-25,FRA,France,435
2020-06-01,FRA,France,353
2020-06-08,FRA,France,252
2020-06-15,FRA,France,233
2020-06-22,FRA,France,138
2020-06-29,FRA,France,115
2020-07-06,FRA,France,111
2020-07-13,FRA,France,148
2020-07-20,FRA,France,40
2020-07-27,FRA,France,73
2020-08-03,FRA,France,59
2020-08-10,FRA,France,86
2020-08-17,FRA,France,103
2020-08-24,FRA,France,93
2020-08-31,FRA,France,95
2020-09-07,FRA,France,215
2020-09-14,FRA,France,369
2020-09-21,FRA,France,442
2020-09-28,FRA,France,503
2020-10-05,FRA,France,500
2020-10-12,FRA,France,747
2020-10-19,FRA,France,1284
2020-10-26,FRA,France,2258
2020-11-02,FRA,France,3420
2020-11-09,FRA,France,4109
2020-11-16,FRA,France,4184
2020-11-23,FRA,France,3593
2020-11-30,FRA,France,2830
2020-12-07,FRA,France,2756
2020-12-14,FRA,France,2638
2020-12-21,FRA,France,2560
2020-12-28,FRA,France,1928
2021-01-04,FRA,France,2713
2021-01-11,FRA,France,2533
2021-01-18,FRA,France,2766
2021-01-25,FRA,France,3008
2021-02-01,FRA,France,2908
2021-02-08,FRA,France,2849
2021-02-15,FRA,France,2492
2019-12-30,DEU,Germany,0
2020-01-06,DEU,Germany,0
2020-01-13,DEU,Germany,0
2020-01-20,DEU,Germany,0
2020-01-27,DEU,Germany,0
2020-02-03,DEU,Germany,0
2020-02-10,DEU,Germany,0
2020-02-17,DEU,Germany,0
2020-02-24,DEU,Germany,0
2020-03-02,DEU,Germany,0
2020-03-09,DEU,Germany,12
2020-03-16,DEU,Germany,82
2020-03-23,DEU,Germany,361
2020-03-30,DEU,Germany,979
2020-04-06,DEU,Germany,1365
2020-04-13,DEU,Germany,1605
2020-04-20,DEU,Germany,1346
2020-04-27,DEU,Germany,942
2020-05-04,DEU,Germany,725
2020-05-11,DEU,Germany,518
2020-05-18,DEU,Germany,322
2020-05-25,DEU,Germany,254
2020-06-01,DEU,Germany,163
2020-06-08,DEU,Germany,117
2020-06-15,DEU,Germany,94
2020-06-22,DEU,Germany,76
2020-06-29,DEU,Germany,55
2020-07-06,DEU,Germany,48
2020-07-13,DEU,Germany,22
2020-07-20,DEU,Germany,32
2020-07-27,DEU,Germany,30
2020-08-03,DEU,Germany,49
2020-08-10,DEU,Germany,35
2020-08-17,DEU,Germany,40
2020-08-24,DEU,Germany,26
2020-08-31,DEU,Germany,27
2020-09-07,DEU,Germany,25
2020-09-14,DEU,Germany,36
2020-09-21,DEU,Germany,74
2020-09-28,DEU,Germany,74
2020-10-05,DEU,Germany,87
2020-10-12,DEU,Germany,168
2020-10-19,DEU,Germany,267
2020-10-26,DEU,Germany,474
2020-11-02,DEU,Germany,822
2020-11-09,DEU,Germany,1195
2020-11-16,DEU,Germany,1565
2020-11-23,DEU,Germany,2136
2020-11-30,DEU,Germany,2671
2020-12-07,DEU,Germany,3056
2020-12-14,DEU,Germany,4300
2020-12-21,DEU,Germany,3851
2020-12-28,DEU,Germany,4448
2021-01-04,DEU,Germany,6112
2021-01-11,DEU,Germany,5947
2021-01-18,DEU,Germany,5454
2021-01-25,DEU,Germany,5033
2021-02-01,DEU,Germany,4555
2021-02-08,DEU,Germany,3401
2021-02-15,DEU,Germany,2827
2019-12-30,GRC,Greece,0
2020-01-06,GRC,Greece,0
2020-01-13,GRC,Greece,0
2020-01-20,GRC,Greece,0
2020-01-27,GRC,Greece,0
2020-02-03,GRC,Greece,0
2020-02-10,GRC,Greece,0
2020-02-17,GRC,Greece,0
2020-02-24,GRC,Greece,0
2020-03-02,GRC,Greece,0
2020-03-09,GRC,Greece,4
2020-03-16,GRC,Greece,11
2020-03-23,GRC,Greece,23
2020-03-30,GRC,Greece,35
2020-04-06,GRC,Greece,25
2020-04-13,GRC,Greece,12
2020-04-20,GRC,Greece,20
2020-04-27,GRC,Greece,14
2020-05-04,GRC,Greece,7
2020-05-11,GRC,Greece,12
2020-05-18,GRC,Greece,8
2020-05-25,GRC,Greece,4
2020-06-01,GRC,Greece,5
2020-06-08,GRC,Greece,3
2020-06-15,GRC,Greece,7
2020-06-22,GRC,Greece,1
2020-06-29,GRC,Greece,1
2020-07-06,GRC,Greece,1
2020-07-13,GRC,Greece,1
2020-07-20,GRC,Greece,8
2020-07-27,GRC,Greece,6
2020-08-03,GRC,Greece,4
2020-08-10,GRC,Greece,16
2020-08-17,GRC,Greece,14
2020-08-24,GRC,Greece,20
2020-08-31,GRC,Greece,22
2020-09-07,GRC,Greece,21
2020-09-14,GRC,Greece,33
2020-09-21,GRC,Greece,41
2020-09-28,GRC,Greece,30
2020-10-05,GRC,Greece,40
2020-10-12,GRC,Greece,60
2020-10-19,GRC,Greece,65
2020-10-26,GRC,Greece,61
2020-11-02,GRC,Greece,149
2020-11-09,GRC,Greece,322
2020-11-16,GRC,Greece,524
2020-11-23,GRC,Greece,691
2020-11-30,GRC,Greece,682
2020-12-07,GRC,Greece,622
2020-12-14,GRC,Greece,547
2020-12-21,GRC,Greece,500
2020-12-28,GRC,Greece,285
2021-01-04,GRC,Greece,306
2021-01-11,GRC,Greece,206
2021-01-18,GRC,Greece,177
2021-01-25,GRC,Greece,150
2021-02-01,GRC,Greece,176
2021-02-08,GRC,Greece,154
2021-02-15,GRC,Greece,171
2020-03-02,HUN,Hungary,0
2020-03-09,HUN,Hungary,1
2020-03-16,HUN,Hungary,6
2020-03-23,HUN,Hungary,8
2020-03-30,HUN,Hungary,23
2020-04-06,HUN,Hungary,71
2020-04-13,HUN,Hungary,90
2020-04-20,HUN,Hungary,81
2020-04-27,HUN,Hungary,71
2020-05-04,HUN,Hungary,70
2020-05-11,HUN,Hungary,41
2020-05-18,HUN,Hungary,29
2020-05-25,HUN,Hungary,35
2020-06-01,HUN,Hungary,16
2020-06-08,HUN,Hungary,21
2020-06-15,HUN,Hungary,9
2020-06-22,HUN,Hungary,9
2020-06-29,HUN,Hungary,8
2020-07-06,HUN,Hungary,6
2020-07-13,HUN,Hungary,1
2020-07-20,HUN,Hungary,0
2020-07-27,HUN,Hungary,1
2020-08-03,HUN,Hungary,5
2020-08-10,HUN,Hungary,6
2020-08-17,HUN,Hungary,5
2020-08-24,HUN,Hungary,1
2020-08-31,HUN,Hungary,10
2020-09-07,HUN,Hungary,13
2020-09-14,HUN,Hungary,49
2020-09-21,HUN,Hungary,63
2020-09-28,HUN,Hungary,84
2020-10-05,HUN,Hungary,135
2020-10-12,HUN,Hungary,205
2020-10-19,HUN,Hungary,299
2020-10-26,HUN,Hungary,417
2020-11-02,HUN,Hungary,604
2020-11-09,HUN,Hungary,697
2020-11-16,HUN,Hungary,701
2020-11-23,HUN,Hungary,932
2020-11-30,HUN,Hungary,1161
2020-12-07,HUN,Hungary,1146
2020-12-14,HUN,Hungary,1152
2020-12-21,HUN,Hungary,879
2020-12-28,HUN,Hungary,816
2021-01-04,HUN,Hungary,748
2021-01-11,HUN,Hungary,684
2021-01-18,HUN,Hungary,615
2021-01-25,HUN,Hungary,554
2021-02-01,HUN,Hungary,577
2021-02-08,HUN,Hungary,597
2021-02-15,HUN,Hungary,595
2019-12-30,ISL,Iceland,0
2020-01-06,ISL,Iceland,0
2020-01-13,ISL,Iceland,0
2020-01-20,ISL,Iceland,0
2020-01-27,ISL,Iceland,0
2020-02-03,ISL,Iceland,0
2020-02-10,ISL,Iceland,0
2020-02-17,ISL,Iceland,0
2020-02-24,ISL,Iceland,0
2020-03-02,ISL,Iceland,0
2020-03-09,ISL,Iceland,0
2020-03-16,ISL,Iceland,1
2020-03-23,ISL,Iceland,1
2020-03-30,ISL,Iceland,2
2020-04-06,ISL,Iceland,4
2020-04-13,ISL,Iceland,1
2020-04-20,ISL,Iceland,1
2020-04-27,ISL,Iceland,0
2020-05-04,ISL,Iceland,0
2020-05-11,ISL,Iceland,0
2020-05-18,ISL,Iceland,0
2020-05-25,ISL,Iceland,0
2020-06-01,ISL,Iceland,0
2020-06-08,ISL,Iceland,0
2020-06-15,ISL,Iceland,0
2020-06-22,ISL,Iceland,0
2020-06-29,ISL,Iceland,0
2020-07-06,ISL,Iceland,0
2020-07-13,ISL,Iceland,0
2020-07-20,ISL,Iceland,0
2020-07-27,ISL,Iceland,0
2020-08-03,ISL,Iceland,0
2020-08-10,ISL,Iceland,0
2020-08-17,ISL,Iceland,0
2020-08-24,ISL,Iceland,0
2020-08-31,ISL,Iceland,0
2020-09-07,ISL,Iceland,0
2020-09-14,ISL,Iceland,0
2020-09-21,ISL,Iceland,0
2020-09-28,ISL,Iceland,0
2020-10-05,ISL,Iceland,0
2020-10-12,ISL,Iceland,1
2020-10-19,ISL,Iceland,0
2020-10-26,ISL,Iceland,1
2020-11-02,ISL,Iceland,8
2020-11-09,ISL,Iceland,5
2020-11-16,ISL,Iceland,1
2020-11-23,ISL,Iceland,0
2020-11-30,ISL,Iceland,1
2020-12-07,ISL,Iceland,1
2020-12-14,ISL,Iceland,0
2020-12-21,ISL,Iceland,0
2020-12-28,ISL,Iceland,1
2021-01-04,ISL,Iceland,0
2021-01-11,ISL,Iceland,0
2021-01-18,ISL,Iceland,0
2021-01-25,ISL,Iceland,0
2021-02-01,ISL,Iceland,0
2021-02-08,ISL,Iceland,0
2021-02-15,ISL,Iceland,0
2019-12-30,IRL,Ireland,0
2020-01-06,IRL,Ireland,0
2020-01-13,IRL,Ireland,0
2020-01-20,IRL,Ireland,0
2020-01-27,IRL,Ireland,0
2020-02-03,IRL,Ireland,0
2020-02-10,IRL,Ireland,0
2020-02-17,IRL,Ireland,0
2020-02-24,IRL,Ireland,0
2020-03-02,IRL,Ireland,0
2020-03-09,IRL,Ireland,2
2020-03-16,IRL,Ireland,2
2020-03-23,IRL,Ireland,42
2020-03-30,IRL,Ireland,112
2020-04-06,IRL,Ireland,176
2020-04-13,IRL,Ireland,276
2020-04-20,IRL,Ireland,477
2020-04-27,IRL,Ireland,216
2020-05-04,IRL,Ireland,155
2020-05-11,IRL,Ireland,85
2020-05-18,IRL,Ireland,63
2020-05-25,IRL,Ireland,44
2020-06-01,IRL,Ireland,29
2020-06-08,IRL,Ireland,27
2020-06-15,IRL,Ireland,9
2020-06-22,IRL,Ireland,20
2020-06-29,IRL,Ireland,6
2020-07-06,IRL,Ireland,5
2020-07-13,IRL,Ireland,7
2020-07-20,IRL,Ireland,10
2020-07-27,IRL,Ireland,0
2020-08-03,IRL,Ireland,9
2020-08-10,IRL,Ireland,2
2020-08-17,IRL,Ireland,3
2020-08-24,IRL,Ireland,0
2020-08-31,IRL,Ireland,0
2020-09-07,IRL,Ireland,7
2020-09-14,IRL,Ireland,8
2020-09-21,IRL,Ireland,10
2020-09-28,IRL,Ireland,8
2020-10-05,IRL,Ireland,16
2020-10-12,IRL,Ireland,26
2020-10-19,IRL,Ireland,30
2020-10-26,IRL,Ireland,33
2020-11-02,IRL,Ireland,32
2020-11-09,IRL,Ireland,32
2020-11-16,IRL,Ireland,43
2020-11-23,IRL,Ireland,30
2020-11-30,IRL,Ireland,45
2020-12-07,IRL,Ireland,27
2020-12-14,IRL,Ireland,34
2020-12-21,IRL,Ireland,46
2020-12-28,IRL,Ireland,55
2021-01-04,IRL,Ireland,85
2021-01-11,IRL,Ireland,264
2021-01-18,IRL,Ireland,362
2021-01-25,IRL,Ireland,337
2021-02-01,IRL,Ireland,379
2021-02-08,IRL,Ireland,262
2021-02-15,IRL,Ireland,188
2019-12-30,ITA,Italy,0
2020-01-06,ITA,Italy,0
2020-01-13,ITA,Italy,0
2020-01-20,ITA,Italy,0
2020-01-27,ITA,Italy,0
2020-02-03,ITA,Italy,0
2020-02-10,ITA,Italy,0
2020-02-17,ITA,Italy,2
2020-02-24,ITA,Italy,33
2020-03-02,ITA,Italy,331
2020-03-09,ITA,Italy,1445
2020-03-16,ITA,Italy,3665
2020-03-23,ITA,Italy,5305
2020-03-30,ITA,Italy,5108
2020-04-06,ITA,Italy,4012
2020-04-13,ITA,Italy,3759
2020-04-20,ITA,Italy,2984
2020-04-27,ITA,Italy,2240
2020-05-04,ITA,Italy,1676
2020-05-11,ITA,Italy,1348
2020-05-18,ITA,Italy,877
2020-05-25,ITA,Italy,630
2020-06-01,ITA,Italy,484
2020-06-08,ITA,Italy,446
2020-06-15,ITA,Italy,289
2020-06-22,ITA,Italy,104
2020-06-29,ITA,Italy,123
2020-07-06,ITA,Italy,93
2020-07-13,ITA,Italy,91
2020-07-20,ITA,Italy,62
2020-07-27,ITA,Italy,47
2020-08-03,ITA,Italy,51
2020-08-10,ITA,Italy,191
2020-08-17,ITA,Italy,41
2020-08-24,ITA,Italy,40
2020-08-31,ITA,Italy,64
2020-09-07,ITA,Italy,69
2020-09-14,ITA,Italy,97
2020-09-21,ITA,Italy,128
2020-09-28,ITA,Italy,151
2020-10-05,ITA,Italy,180
2020-10-12,ITA,Italy,377
2020-10-19,ITA,Italy,795
2020-10-26,ITA,Italy,1488
2020-11-02,ITA,Italy,2568
2020-11-09,ITA,Italy,3835
2020-11-16,ITA,Italy,4594
2020-11-23,ITA,Italy,5081
2020-11-30,ITA,Italy,5174
2020-12-07,ITA,Italy,4442
2020-12-14,ITA,Italy,4279
2020-12-21,ITA,Italy,3126
2020-12-28,ITA,Italy,3407
2021-01-04,ITA,Italy,3423
2021-01-11,ITA,Italy,3422
2021-01-18,ITA,Italy,3284
2021-01-25,ITA,Italy,3055
2021-02-01,ITA,Italy,2757
2021-02-08,ITA,Italy,2304
2021-02-15,ITA,Italy,2141
2020-03-02,LVA,Latvia,0
2020-03-09,LVA,Latvia,0
2020-03-16,LVA,Latvia,0
2020-03-23,LVA,Latvia,0
2020-03-30,LVA,Latvia,1
2020-04-06,LVA,Latvia,4
2020-04-13,LVA,Latvia,0
2020-04-20,LVA,Latvia,7
2020-04-27,LVA,Latvia,4
2020-05-04,LVA,Latvia,2
2020-05-11,LVA,Latvia,1
2020-05-18,LVA,Latvia,3
2020-05-25,LVA,Latvia,2
2020-06-01,LVA,Latvia,1
2020-06-08,LVA,Latvia,3
2020-06-15,LVA,Latvia,2
2020-06-22,LVA,Latvia,0
2020-06-29,LVA,Latvia,0
2020-07-06,LVA,Latvia,0
2020-07-13,LVA,Latvia,1
2020-07-20,LVA,Latvia,0
2020-07-27,LVA,Latvia,1
2020-08-03,LVA,Latvia,0
2020-08-10,LVA,Latvia,0
2020-08-17,LVA,Latvia,1
2020-08-24,LVA,Latvia,1
2020-08-31,LVA,Latvia,1
2020-09-07,LVA,Latvia,0
2020-09-14,LVA,Latvia,1
2020-09-21,LVA,Latvia,0
2020-09-28,LVA,Latvia,2
2020-10-05,LVA,Latvia,2
2020-10-12,LVA,Latvia,2
2020-10-19,LVA,Latvia,14
2020-10-26,LVA,Latvia,18
2020-11-02,LVA,Latvia,25
2020-11-09,LVA,Latvia,24
2020-11-16,LVA,Latvia,30
2020-11-23,LVA,Latvia,44
2020-11-30,LVA,Latvia,65
2020-12-07,LVA,Latvia,87
2020-12-14,LVA,Latvia,90
2020-12-21,LVA,Latvia,120
2020-12-28,LVA,Latvia,121
2021-01-04,LVA,Latvia,169
2021-01-11,LVA,Latvia,129
2021-01-18,LVA,Latvia,133
2021-01-25,LVA,Latvia,84
2021-02-01,LVA,Latvia,144
2021-02-08,LVA,Latvia,112
2021-02-15,LVA,Latvia,91
2020-03-09,LIE,Liechtenstein,0
2020-03-16,LIE,Liechtenstein,0
2020-03-23,LIE,Liechtenstein,0
2020-03-30,LIE,Liechtenstein,1
2020-04-06,LIE,Liechtenstein,0
2020-04-13,LIE,Liechtenstein,0
2020-04-20,LIE,Liechtenstein,0
2020-04-27,LIE,Liechtenstein,0
2020-05-04,LIE,Liechtenstein,0
2020-05-11,LIE,Liechtenstein,0
2020-05-18,LIE,Liechtenstein,0
2020-05-25,LIE,Liechtenstein,0
2020-06-01,LIE,Liechtenstein,0
2020-06-08,LIE,Liechtenstein,0
2020-06-15,LIE,Liechtenstein,0
2020-06-22,LIE,Liechtenstein,0
2020-06-29,LIE,Liechtenstein,0
2020-07-06,LIE,Liechtenstein,0
2020-07-13,LIE,Liechtenstein,0
2020-07-20,LIE,Liechtenstein,0
2020-07-27,LIE,Liechtenstein,0
2020-08-03,LIE,Liechtenstein,0
2020-08-10,LIE,Liechtenstein,0
2020-08-17,LIE,Liechtenstein,0
2020-08-24,LIE,Liechtenstein,0
2020-08-31,LIE,Liechtenstein,0
2020-09-07,LIE,Liechtenstein,0
2020-09-14,LIE,Liechtenstein,0
2020-09-21,LIE,Liechtenstein,0
2020-09-28,LIE,Liechtenstein,0
2020-10-05,LIE,Liechtenstein,0
2020-10-12,LIE,Liechtenstein,0
2020-10-19,LIE,Liechtenstein,0
2020-10-26,LIE,Liechtenstein,2
2020-11-02,LIE,Liechtenstein,0
2020-11-09,LIE,Liechtenstein,1
2020-11-16,LIE,Liechtenstein,4
2020-11-23,LIE,Liechtenstein,7
2020-11-30,LIE,Liechtenstein,1
2020-12-07,LIE,Liechtenstein,2
2020-12-14,LIE,Liechtenstein,6
2020-12-21,LIE,Liechtenstein,3
2020-12-28,LIE,Liechtenstein,8
2021-01-04,LIE,Liechtenstein,14
2021-01-11,LIE,Liechtenstein,1
2021-01-18,LIE,Liechtenstein,2
2021-01-25,LIE,Liechtenstein,0
2021-02-01,LIE,Liechtenstein,0
2021-02-08,LIE,Liechtenstein,1
2021-02-15,LIE,Liechtenstein,1
2019-12-30,LTU,Lithuania,0
2020-01-06,LTU,Lithuania,0
2020-01-13,LTU,Lithuania,0
2020-01-20,LTU,Lithuania,0
2020-01-27,LTU,Lithuania,0
2020-02-03,LTU,Lithuania,0
2020-02-10,LTU,Lithuania,0
2020-02-17,LTU,Lithuania,0
2020-02-24,LTU,Lithuania,0
2020-03-02,LTU,Lithuania,0
2020-03-09,LTU,Lithuania,0
2020-03-16,LTU,Lithuania,1
2020-03-23,LTU,Lithuania,6
2020-03-30,LTU,Lithuania,6
2020-04-06,LTU,Lithuania,11
2020-04-13,LTU,Lithuania,12
2020-04-20,LTU,Lithuania,5
2020-04-27,LTU,Lithuania,5
2020-05-04,LTU,Lithuania,4
2020-05-11,LTU,Lithuania,6
2020-05-18,LTU,Lithuania,7
2020-05-25,LTU,Lithuania,7
2020-06-01,LTU,Lithuania,1
2020-06-08,LTU,Lithuania,4
2020-06-15,LTU,Lithuania,1
2020-06-22,LTU,Lithuania,2
2020-06-29,LTU,Lithuania,1
2020-07-06,LTU,Lithuania,0
2020-07-13,LTU,Lithuania,1
2020-07-20,LTU,Lithuania,0
2020-07-27,LTU,Lithuania,0
2020-08-03,LTU,Lithuania,1
2020-08-10,LTU,Lithuania,0
2020-08-17,LTU,Lithuania,3
2020-08-24,LTU,Lithuania,2
2020-08-31,LTU,Lithuania,0
2020-09-07,LTU,Lithuania,1
2020-09-14,LTU,Lithuania,0
2020-09-21,LTU,Lithuania,4
2020-09-28,LTU,Lithuania,3
2020-10-05,LTU,Lithuania,9
2020-10-12,LTU,Lithuania,10
2020-10-19,LTU,Lithuania,21
2020-10-26,LTU,Lithuania,32
2020-11-02,LTU,Lithuania,41
2020-11-09,LTU,Lithuania,70
2020-11-16,LTU,Lithuania,109
2020-11-23,LTU,Lithuania,120
2020-11-30,LTU,Lithuania,131
2020-12-07,LTU,Lithuania,188
2020-12-14,LTU,Lithuania,214
2020-12-21,LTU,Lithuania,230
2020-12-28,LTU,Lithuania,681
2021-01-04,LTU,Lithuania,282
2021-01-11,LTU,Lithuania,237
2021-01-18,LTU,Lithuania,195
2021-01-25,LTU,Lithuania,161
2021-02-01,LTU,Lithuania,130
2021-02-08,LTU,Lithuania,125
2021-02-15,LTU,Lithuania,98
2019-12-30,LUX,Luxembourg,0
2020-01-06,LUX,Luxembourg,0
2020-01-13,LUX,Luxembourg,0
2020-01-20,LUX,Luxembourg,0
2020-01-27,LUX,Luxembourg,0
2020-02-03,LUX,Luxembourg,0
2020-02-10,LUX,Luxembourg,0
2020-02-17,LUX,Luxembourg,0
2020-02-24,LUX,Luxembourg,0
2020-03-02,LUX,Luxembourg,0
2020-03-09,LUX,Luxembourg,1
2020-03-16,LUX,Luxembourg,7
2020-03-23,LUX,Luxembourg,13
2020-03-30,LUX,Luxembourg,15
2020-04-06,LUX,Luxembourg,30
2020-04-13,LUX,Luxembourg,7
2020-04-20,LUX,Luxembourg,15
2020-04-27,LUX,Luxembourg,8
2020-05-04,LUX,Luxembourg,5
2020-05-11,LUX,Luxembourg,6
2020-05-18,LUX,Luxembourg,3
2020-05-25,LUX,Luxembourg,0
2020-06-01,LUX,Luxembourg,0
2020-06-08,LUX,Luxembourg,0
2020-06-15,LUX,Luxembourg,0
2020-06-22,LUX,Luxembourg,0
2020-06-29,LUX,Luxembourg,0
2020-07-06,LUX,Luxembourg,1
2020-07-13,LUX,Luxembourg,0
2020-07-20,LUX,Luxembourg,1
2020-07-27,LUX,Luxembourg,5
2020-08-03,LUX,Luxembourg,2
2020-08-10,LUX,Luxembourg,4
2020-08-17,LUX,Luxembourg,1
2020-08-24,LUX,Luxembourg,0
2020-08-31,LUX,Luxembourg,0
2020-09-07,LUX,Luxembourg,0
2020-09-14,LUX,Luxembourg,0
2020-09-21,LUX,Luxembourg,0
2020-09-28,LUX,Luxembourg,1
2020-10-05,LUX,Luxembourg,5
2020-10-12,LUX,Luxembourg,3
2020-10-19,LUX,Luxembourg,12
2020-10-26,LUX,Luxembourg,15
2020-11-02,LUX,Luxembourg,25
2020-11-09,LUX,Luxembourg,37
2020-11-16,LUX,Luxembourg,40
2020-11-23,LUX,Luxembourg,44
2020-11-30,LUX,Luxembourg,44
2020-12-07,LUX,Luxembourg,46
2020-12-14,LUX,Luxembourg,44
2020-12-21,LUX,Luxembourg,47
2020-12-28,LUX,Luxembourg,19
2021-01-04,LUX,Luxembourg,27
2021-01-11,LUX,Luxembourg,19
2021-01-18,LUX,Luxembourg,12
2021-01-25,LUX,Luxembourg,16
2021-02-01,LUX,Luxembourg,13
2021-02-08,LUX,Luxembourg,14
2021-02-15,LUX,Luxembourg,18
2020-03-02,MLT,Malta,0
2020-03-09,MLT,Malta,0
2020-03-16,MLT,Malta,0
2020-03-23,MLT,Malta,0
2020-03-30,MLT,Malta,0
2020-04-06,MLT,Malta,3
2020-04-13,MLT,Malta,0
2020-04-20,MLT,Malta,1
2020-04-27,MLT,Malta,0
2020-05-04,MLT,Malta,1
2020-05-11,MLT,Malta,1
2020-05-18,MLT,Malta,0
2020-05-25,MLT,Malta,3
2020-06-01,MLT,Malta,0
2020-06-08,MLT,Malta,0
2020-06-15,MLT,Malta,0
2020-06-22,MLT,Malta,0
2020-06-29,MLT,Malta,0
2020-07-06,MLT,Malta,0
2020-07-13,MLT,Malta,0
2020-07-20,MLT,Malta,0
2020-07-27,MLT,Malta,0
2020-08-03,MLT,Malta,0
2020-08-10,MLT,Malta,0
2020-08-17,MLT,Malta,1
2020-08-24,MLT,Malta,2
2020-08-31,MLT,Malta,2
2020-09-07,MLT,Malta,1
2020-09-14,MLT,Malta,6
2020-09-21,MLT,Malta,11
2020-09-28,MLT,Malta,7
2020-10-05,MLT,Malta,4
2020-10-12,MLT,Malta,2
2020-10-19,MLT,Malta,8
2020-10-26,MLT,Malta,8
2020-11-02,MLT,Malta,14
2020-11-09,MLT,Malta,20
2020-11-16,MLT,Malta,15
2020-11-23,MLT,Malta,25
2020-11-30,MLT,Malta,15
2020-12-07,MLT,Malta,21
2020-12-14,MLT,Malta,20
2020-12-21,MLT,Malta,20
2020-12-28,MLT,Malta,6
2021-01-04,MLT,Malta,11
2021-01-11,MLT,Malta,7
2021-01-18,MLT,Malta,12
2021-01-25,MLT,Malta,22
2021-02-01,MLT,Malta,13
2021-02-08,MLT,Malta,13
2021-02-15,MLT,Malta,9
2019-12-30,NLD,Netherlands,0
2020-01-06,NLD,Netherlands,0
2020-01-13,NLD,Netherlands,0
2020-01-20,NLD,Netherlands,0
2020-01-27,NLD,Netherlands,0
2020-02-03,NLD,Netherlands,0
2020-02-10,NLD,Netherlands,0
2020-02-17,NLD,Netherlands,0
2020-02-24,NLD,Netherlands,0
2020-03-02,NLD,Netherlands,3
2020-03-09,NLD,Netherlands,17
2020-03-16,NLD,Netherlands,159
2020-03-23,NLD,Netherlands,592
2020-03-30,NLD,Netherlands,995
2020-04-06,NLD,Netherlands,971
2020-04-13,NLD,Netherlands,947
2020-04-20,NLD,Netherlands,791
2020-04-27,NLD,Netherlands,581
2020-05-04,NLD,Netherlands,384
2020-05-11,NLD,Netherlands,240
2020-05-18,NLD,Netherlands,142
2020-05-25,NLD,Netherlands,134
2020-06-01,NLD,Netherlands,57
2020-06-08,NLD,Netherlands,46
2020-06-15,NLD,Netherlands,31
2020-06-22,NLD,Netherlands,15
2020-06-29,NLD,Netherlands,22
2020-07-06,NLD,Netherlands,8
2020-07-13,NLD,Netherlands,1
2020-07-20,NLD,Netherlands,4
2020-07-27,NLD,Netherlands,0
2020-08-03,NLD,Netherlands,8
2020-08-10,NLD,Netherlands,15
2020-08-17,NLD,Netherlands,28
2020-08-24,NLD,Netherlands,24
2020-08-31,NLD,Netherlands,19
2020-09-07,NLD,Netherlands,11
2020-09-14,NLD,Netherlands,25
2020-09-21,NLD,Netherlands,95
2020-09-28,NLD,Netherlands,80
2020-10-05,NLD,Netherlands,130
2020-10-12,NLD,Netherlands,176
2020-10-19,NLD,Netherlands,285
2020-10-26,NLD,Netherlands,388
2020-11-02,NLD,Netherlands,570
2020-11-09,NLD,Netherlands,481
2020-11-16,NLD,Netherlands,404
2020-11-23,NLD,Netherlands,457
2020-11-30,NLD,Netherlands,338
2020-12-07,NLD,Netherlands,360
2020-12-14,NLD,Netherlands,443
2020-12-21,NLD,Netherlands,551
2020-12-28,NLD,Netherlands,570
2021-01-04,NLD,Netherlands,799
2021-01-11,NLD,Netherlands,645
2021-01-18,NLD,Netherlands,522
2021-01-25,NLD,Netherlands,445
2021-02-01,NLD,Netherlands,403
2021-02-08,NLD,Netherlands,414
2021-02-15,NLD,Netherlands,405
2019-12-30,NOR,Norway,0
2020-01-06,NOR,Norway,0
2020-01-13,NOR,Norway,0
2020-01-20,NOR,Norway,0
2020-01-27,NOR,Norway,0
2020-02-03,NOR,Norway,0
2020-02-10,NOR,Norway,0
2020-02-17,NOR,Norway,0
2020-02-24,NOR,Norway,0
2020-03-02,NOR,Norway,0
2020-03-09,NOR,Norway,1
2020-03-16,NOR,Norway,6
2020-03-23,NOR,Norway,15
2020-03-30,NOR,Norway,36
2020-04-06,NOR,Norway,45
2020-04-13,NOR,Norway,51
2020-04-20,NOR,Norway,39
2020-04-27,NOR,Norway,15
2020-05-04,NOR,Norway,9
2020-05-11,NOR,Norway,15
2020-05-18,NOR,Norway,3
2020-05-25,NOR,Norway,1
2020-06-01,NOR,Norway,2
2020-06-08,NOR,Norway,4
2020-06-15,NOR,Norway,2
2020-06-22,NOR,Norway,5
2020-06-29,NOR,Norway,2
2020-07-06,NOR,Norway,1
2020-07-13,NOR,Norway,3
2020-07-20,NOR,Norway,0
2020-07-27,NOR,Norway,0
2020-08-03,NOR,Norway,1
2020-08-10,NOR,Norway,5
2020-08-17,NOR,Norway,3
2020-08-24,NOR,Norway,0
2020-08-31,NOR,Norway,0
2020-09-07,NOR,Norway,1
2020-09-14,NOR,Norway,2
2020-09-21,NOR,Norway,3
2020-09-28,NOR,Norway,5
2020-10-05,NOR,Norway,0
2020-10-12,NOR,Norway,3
2020-10-19,NOR,Norway,1
2020-10-26,NOR,Norway,3
2020-11-02,NOR,Norway,3
2020-11-09,NOR,Norway,9
2020-11-16,NOR,Norway,12
2020-11-23,NOR,Norway,22
2020-11-30,NOR,Norway,26
2020-12-07,NOR,Norway,39
2020-12-14,NOR,Norway,11
2020-12-21,NOR,Norway,25
2020-12-28,NOR,Norway,20
2021-01-04,NOR,Norway,29
2021-01-11,NOR,Norway,43
2021-01-18,NOR,Norway,27
2021-01-25,NOR,Norway,19
2021-02-01,NOR,Norway,15
2021-02-08,NOR,Norway,11
2021-02-15,NOR,Norway,15
2020-03-02,POL,Poland,0
2020-03-09,POL,Poland,3
2020-03-16,POL,Poland,4
2020-03-23,POL,Poland,15
2020-03-30,POL,Poland,72
2020-04-06,POL,Poland,138
2020-04-13,POL,Poland,128
2020-04-20,POL,Poland,175
2020-04-27,POL,Poland,143
2020-05-04,POL,Poland,122
2020-05-11,POL,Poland,125
2020-05-18,POL,Poland,71
2020-05-25,POL,Poland,68
2020-06-01,POL,Poland,93
2020-06-08,POL,Poland,90
2020-06-15,POL,Poland,109
2020-06-22,POL,Poland,82
2020-06-29,POL,Poland,79
2020-07-06,POL,Poland,54
2020-07-13,POL,Poland,53
2020-07-20,POL,Poland,47
2020-07-27,POL,Poland,60
2020-08-03,POL,Poland,76
2020-08-10,POL,Poland,70
2020-08-17,POL,Poland,78
2020-08-24,POL,Poland,78
2020-08-31,POL,Poland,87
2020-09-07,POL,Poland,68
2020-09-14,POL,Poland,105
2020-09-21,POL,Poland,139
2020-09-28,POL,Poland,172
2020-10-05,POL,Poland,400
2020-10-12,POL,Poland,569
2020-10-19,POL,Poland,865
2020-10-26,POL,Poland,1345
2020-11-02,POL,Poland,2089
2020-11-09,POL,Poland,2476
2020-11-16,POL,Poland,3270
2020-11-23,POL,Poland,3411
2020-11-30,POL,Poland,3060
2020-12-07,POL,Poland,2775
2020-12-14,POL,Poland,2533
2020-12-21,POL,Poland,1750
2020-12-28,POL,Poland,2014
2021-01-04,POL,Poland,2103
2021-01-11,POL,Poland,2143
2021-01-18,POL,Poland,1994
2021-01-25,POL,Poland,1779
2021-02-01,POL,Poland,1952
2021-02-08,POL,Poland,1700
2021-02-15,POL,Poland,1339
2020-03-02,PRT,Portugal,0
2020-03-09,PRT,Portugal,0
2020-03-16,PRT,Portugal,14
2020-03-23,PRT,Portugal,105
2020-03-30,PRT,Portugal,176
2020-04-06,PRT,Portugal,209
2020-04-13,PRT,Portugal,210
2020-04-20,PRT,Portugal,214
2020-04-27,PRT,Portugal,135
2020-05-04,PRT,Portugal,72
2020-05-11,PRT,Portugal,83
2020-05-18,PRT,Portugal,98
2020-05-25,PRT,Portugal,94
2020-06-01,PRT,Portugal,69
2020-06-08,PRT,Portugal,38
2020-06-15,PRT,Portugal,13
2020-06-22,PRT,Portugal,34
2020-06-29,PRT,Portugal,50
2020-07-06,PRT,Portugal,46
2020-07-13,PRT,Portugal,29
2020-07-20,PRT,Portugal,28
2020-07-27,PRT,Portugal,21
2020-08-03,PRT,Portugal,18
2020-08-10,PRT,Portugal,22
2020-08-17,PRT,Portugal,18
2020-08-24,PRT,Portugal,23
2020-08-31,PRT,Portugal,21
2020-09-07,PRT,Portugal,27
2020-09-14,PRT,Portugal,45
2020-09-21,PRT,Portugal,41
2020-09-28,PRT,Portugal,42
2020-10-05,PRT,Portugal,85
2020-10-12,PRT,Portugal,101
2020-10-19,PRT,Portugal,135
2020-10-26,PRT,Portugal,228
2020-11-02,PRT,Portugal,352
2020-11-09,PRT,Portugal,485
2020-11-16,PRT,Portugal,516
2020-11-23,PRT,Portugal,530
2020-11-30,PRT,Portugal,536
2020-12-07,PRT,Portugal,596
2020-12-14,PRT,Portugal,575
2020-12-21,PRT,Portugal,543
2020-12-28,PRT,Portugal,519
2021-01-04,PRT,Portugal,729
2021-01-11,PRT,Portugal,1103
2021-01-18,PRT,Portugal,1693
2021-01-25,PRT,Portugal,2036
2021-02-01,PRT,Portugal,1597
2021-02-08,PRT,Portugal,1057
2021-02-15,PRT,Portugal,551
2019-12-30,ROU,Romania,0
2020-01-06,ROU,Romania,0
2020-01-13,ROU,Romania,0
2020-01-20,ROU,Romania,0
2020-01-27,ROU,Romania,0
2020-02-03,ROU,Romania,0
2020-02-10,ROU,Romania,0
2020-02-17,ROU,Romania,0
2020-02-24,ROU,Romania,0
2020-03-02,ROU,Romania,0
2020-03-09,ROU,Romania,0
2020-03-16,ROU,Romania,2
2020-03-23,ROU,Romania,38
2020-03-30,ROU,Romania,108
2020-04-06,ROU,Romania,158
2020-04-13,ROU,Romania,128
2020-04-20,ROU,Romania,174
2020-04-27,ROU,Romania,172
2020-05-04,ROU,Romania,172
2020-05-11,ROU,Romania,145
2020-05-18,ROU,Romania,82
2020-05-25,ROU,Romania,83
2020-06-01,ROU,Romania,64
2020-06-08,ROU,Romania,84
2020-06-15,ROU,Romania,102
2020-06-22,ROU,Romania,100
2020-06-29,ROU,Romania,138
2020-07-06,ROU,Romania,134
2020-07-13,ROU,Romania,142
2020-07-20,ROU,Romania,161
2020-07-27,ROU,Romania,226
2020-08-03,ROU,Romania,287
2020-08-10,ROU,Romania,291
2020-08-17,ROU,Romania,281
2020-08-24,ROU,Romania,306
2020-08-31,ROU,Romania,315
2020-09-07,ROU,Romania,270
2020-09-14,ROU,Romania,272
2020-09-21,ROU,Romania,283
2020-09-28,ROU,Romania,229
2020-10-05,ROU,Romania,464
2020-10-12,ROU,Romania,461
2020-10-19,ROU,Romania,519
2020-10-26,ROU,Romania,676
2020-11-02,ROU,Romania,812
2020-11-09,ROU,Romania,1047
2020-11-16,ROU,Romania,1121
2020-11-23,ROU,Romania,1146
2020-11-30,ROU,Romania,1127
2020-12-07,ROU,Romania,1065
2020-12-14,ROU,Romania,1009
2020-12-21,ROU,Romania,940
2020-12-28,ROU,Romania,645
2021-01-04,ROU,Romania,746
2021-01-11,ROU,Romania,546
2021-01-18,ROU,Romania,570
2021-01-25,ROU,Romania,561
2021-02-01,ROU,Romania,559
2021-02-08,ROU,Romania,484
2021-02-15,ROU,Romania,402
2020-03-02,SVK,Slovakia,0
2020-03-09,SVK,Slovakia,0
2020-03-16,SVK,Slovakia,0
2020-03-23,SVK,Slovakia,0
2020-03-30,SVK,Slovakia,0
2020-04-06,SVK,Slovakia,2
2020-04-13,SVK,Slovakia,10
2020-04-20,SVK,Slovakia,6
2020-04-27,SVK,Slovakia,6
2020-05-04,SVK,Slovakia,2
2020-05-11,SVK,Slovakia,2
2020-05-18,SVK,Slovakia,0
2020-05-25,SVK,Slovakia,0
2020-06-01,SVK,Slovakia,0
2020-06-08,SVK,Slovakia,0
2020-06-15,SVK,Slovakia,0
2020-06-22,SVK,Slovakia,0
2020-06-29,SVK,Slovakia,0
2020-07-06,SVK,Slovakia,0
2020-07-13,SVK,Slovakia,0
2020-07-20,SVK,Slovakia,0
2020-07-27,SVK,Slovakia,1
2020-08-03,SVK,Slovakia,2
2020-08-10,SVK,Slovakia,0
2020-08-17,SVK,Slovakia,2
2020-08-24,SVK,Slovakia,0
2020-08-31,SVK,Slovakia,4
2020-09-07,SVK,Slovakia,1
2020-09-14,SVK,Slovakia,1
2020-09-21,SVK,Slovakia,5
2020-09-28,SVK,Slovakia,11
2020-10-05,SVK,Slovakia,6
2020-10-12,SVK,Slovakia,27
2020-10-19,SVK,Slovakia,71
2020-10-26,SVK,Slovakia,60
2020-11-02,SVK,Slovakia,132
2020-11-09,SVK,Slovakia,159
2020-11-16,SVK,Slovakia,161
2020-11-23,SVK,Slovakia,145
2020-11-30,SVK,Slovakia,180
2020-12-07,SVK,Slovakia,179
2020-12-14,SVK,Slovakia,380
2020-12-21,SVK,Slovakia,324
2020-12-28,SVK,Slovakia,642
2021-01-04,SVK,Slovakia,486
2021-01-11,SVK,Slovakia,519
2021-01-18,SVK,Slovakia,542
2021-01-25,SVK,Slovakia,574
2021-02-01,SVK,Slovakia,629
2021-02-08,SVK,Slovakia,681
2021-02-15,SVK,Slovakia,625
2020-03-02,SVN,Slovenia,0
2020-03-09,SVN,Slovenia,0
2020-03-16,SVN,Slovenia,1
2020-03-23,SVN,Slovenia,10
2020-03-30,SVN,Slovenia,17
2020-04-06,SVN,Slovenia,25
2020-04-13,SVN,Slovenia,21
2020-04-20,SVN,Slovenia,8
2020-04-27,SVN,Slovenia,14
2020-05-04,SVN,Slovenia,6
2020-05-11,SVN,Slovenia,2
2020-05-18,SVN,Slovenia,2
2020-05-25,SVN,Slovenia,2
2020-06-01,SVN,Slovenia,0
2020-06-08,SVN,Slovenia,1
2020-06-15,SVN,Slovenia,0
2020-06-22,SVN,Slovenia,2
2020-06-29,SVN,Slovenia,0
2020-07-06,SVN,Slovenia,0
2020-07-13,SVN,Slovenia,0
2020-07-20,SVN,Slovenia,4
2020-07-27,SVN,Slovenia,2
2020-08-03,SVN,Slovenia,3
2020-08-10,SVN,Slovenia,4
2020-08-17,SVN,Slovenia,3
2020-08-24,SVN,Slovenia,1
2020-08-31,SVN,Slovenia,2
2020-09-07,SVN,Slovenia,1
2020-09-14,SVN,Slovenia,2
2020-09-21,SVN,Slovenia,3
2020-09-28,SVN,Slovenia,4
2020-10-05,SVN,Slovenia,2
2020-10-12,SVN,Slovenia,19
2020-10-19,SVN,Slovenia,22
2020-10-26,SVN,Slovenia,53
2020-11-02,SVN,Slovenia,146
2020-11-09,SVN,Slovenia,129
2020-11-16,SVN,Slovenia,152
2020-11-23,SVN,Slovenia,264
2020-11-30,SVN,Slovenia,331
2020-12-07,SVN,Slovenia,954
2020-12-14,SVN,Slovenia,156
2020-12-21,SVN,Slovenia,216
2020-12-28,SVN,Slovenia,307
2021-01-04,SVN,Slovenia,256
2021-01-11,SVN,Slovenia,224
2021-01-18,SVN,Slovenia,210
2021-01-25,SVN,Slovenia,171
2021-02-01,SVN,Slovenia,139
2021-02-08,SVN,Slovenia,86
2021-02-15,SVN,Slovenia,80
2019-12-30,ESP,Spain,0
2020-01-06,ESP,Spain,0
2020-01-13,ESP,Spain,0
2020-01-20,ESP,Spain,0
2020-01-27,ESP,Spain,0
2020-02-03,ESP,Spain,0
2020-02-10,ESP,Spain,0
2020-02-17,ESP,Spain,0
2020-02-24,ESP,Spain,0
2020-03-02,ESP,Spain,5
2020-03-09,ESP,Spain,283
2020-03-16,ESP,Spain,1432
2020-03-23,ESP,Spain,4808
2020-03-30,ESP,Spain,5890
2020-04-06,ESP,Spain,4554
2020-04-13,ESP,Spain,3880
2020-04-20,ESP,Spain,2338
2020-04-27,ESP,Spain,2238
2020-05-04,ESP,Spain,1316
2020-05-11,ESP,Spain,965
2020-05-18,ESP,Spain,-875
2020-05-25,ESP,Spain,293
2020-06-01,ESP,Spain,9
2020-06-08,ESP,Spain,0
2020-06-15,ESP,Spain,1188
2020-06-22,ESP,Spain,22
2020-06-29,ESP,Spain,42
2020-07-06,ESP,Spain,18
2020-07-13,ESP,Spain,16
2020-07-20,ESP,Spain,12
2020-07-27,ESP,Spain,38
2020-08-03,ESP,Spain,104
2020-08-10,ESP,Spain,70
2020-08-17,ESP,Spain,226
2020-08-24,ESP,Spain,222
2020-08-31,ESP,Spain,422
2020-09-07,ESP,Spain,332
2020-09-14,ESP,Spain,815
2020-09-21,ESP,Spain,748
2020-09-28,ESP,Spain,814
2020-10-05,ESP,Spain,899
2020-10-12,ESP,Spain,868
2020-10-19,ESP,Spain,1039
2020-10-26,ESP,Spain,1226
2020-11-02,ESP,Spain,3088
2020-11-09,ESP,Spain,1908
2020-11-16,ESP,Spain,1878
2020-11-23,ESP,Spain,1938
2020-11-30,ESP,Spain,1577
2020-12-07,ESP,Spain,1367
2020-12-14,ESP,Spain,1247
2020-12-21,ESP,Spain,862
2020-12-28,ESP,Spain,956
2021-01-04,ESP,Spain,1197
2021-01-11,ESP,Spain,1494
2021-01-18,ESP,Spain,2439
2021-01-25,ESP,Spain,2873
2021-02-01,ESP,Spain,3214
2021-02-08,ESP,Spain,3154
2021-02-15,ESP,Spain,2187
2019-12-30,SWE,Sweden,0
2020-01-06,SWE,Sweden,0
2020-01-13,SWE,Sweden,0
2020-01-20,SWE,Sweden,0
2020-01-27,SWE,Sweden,0
2020-02-03,SWE,Sweden,0
2020-02-10,SWE,Sweden,0
2020-02-17,SWE,Sweden,0
2020-02-24,SWE,Sweden,0
2020-03-02,SWE,Sweden,0
2020-03-09,SWE,Sweden,6
2020-03-16,SWE,Sweden,44
2020-03-23,SWE,Sweden,190
2020-03-30,SWE,Sweden,451
2020-04-06,SWE,Sweden,664
2020-04-13,SWE,Sweden,657
2020-04-20,SWE,Sweden,546
2020-04-27,SWE,Sweden,543
2020-05-04,SWE,Sweden,510
2020-05-11,SWE,Sweden,380
2020-05-18,SWE,Sweden,360
2020-05-25,SWE,Sweden,272
2020-06-01,SWE,Sweden,245
2020-06-08,SWE,Sweden,234
2020-06-15,SWE,Sweden,200
2020-06-22,SWE,Sweden,138
2020-06-29,SWE,Sweden,98
2020-07-06,SWE,Sweden,84
2020-07-13,SWE,Sweden,57
2020-07-20,SWE,Sweden,30
2020-07-27,SWE,Sweden,18
2020-08-03,SWE,Sweden,18
2020-08-10,SWE,Sweden,16
2020-08-17,SWE,Sweden,19
2020-08-24,SWE,Sweden,10
2020-08-31,SWE,Sweden,12
2020-09-07,SWE,Sweden,13
2020-09-14,SWE,Sweden,12
2020-09-21,SWE,Sweden,11
2020-09-28,SWE,Sweden,17
2020-10-05,SWE,Sweden,22
2020-10-12,SWE,Sweden,16
2020-10-19,SWE,Sweden,43
2020-10-26,SWE,Sweden,82
2020-11-02,SWE,Sweden,157
2020-11-09,SWE,Sweden,235
2020-11-16,SWE,Sweden,332
2020-11-23,SWE,Sweden,417
2020-11-30,SWE,Sweden,476
2020-12-07,SWE,Sweden,500
2020-12-14,SWE,Sweden,645
2020-12-21,SWE,Sweden,643
2020-12-28,SWE,Sweden,664
2021-01-04,SWE,Sweden,644
2021-01-11,SWE,Sweden,592
2021-01-18,SWE,Sweden,514
2021-01-25,SWE,Sweden,385
2021-02-01,SWE,Sweden,257
2021-02-08,SWE,Sweden,160
2021-02-15,SWE,Sweden,35
2019-12-30,CHE,Switzerland,0
2020-01-06,CHE,Switzerland,0
2020-01-13,CHE,Switzerland,0
2020-01-20,CHE,Switzerland,0
2020-01-27,CHE,Switzerland,0
2020-02-03,CHE,Switzerland,0
2020-02-10,CHE,Switzerland,0
2020-02-17,CHE,Switzerland,0
2020-02-24,CHE,Switzerland,0
2020-03-02,CHE,Switzerland,2
2020-03-09,CHE,Switzerland,11
2020-03-16,CHE,Switzerland,47
2020-03-23,CHE,Switzerland,197
2020-03-30,CHE,Switzerland,302
2020-04-06,CHE,Switzerland,299
2020-04-13,CHE,Switzerland,276
2020-04-20,CHE,Switzerland,202
2020-04-27,CHE,Switzerland,136
2020-05-04,CHE,Switzerland,65
2020-05-11,CHE,Switzerland,65
2020-05-18,CHE,Switzerland,39
2020-05-25,CHE,Switzerland,15
2020-06-01,CHE,Switzerland,4
2020-06-08,CHE,Switzerland,16
2020-06-15,CHE,Switzerland,3
2020-06-22,CHE,Switzerland,2
2020-06-29,CHE,Switzerland,4
2020-07-06,CHE,Switzerland,0
2020-07-13,CHE,Switzerland,2
2020-07-20,CHE,Switzerland,13
2020-07-27,CHE,Switzerland,5
2020-08-03,CHE,Switzerland,6
2020-08-10,CHE,Switzerland,4
2020-08-17,CHE,Switzerland,4
2020-08-24,CHE,Switzerland,5
2020-08-31,CHE,Switzerland,8
2020-09-07,CHE,Switzerland,14
2020-09-14,CHE,Switzerland,18
2020-09-21,CHE,Switzerland,14
2020-09-28,CHE,Switzerland,5
2020-10-05,CHE,Switzerland,10
2020-10-12,CHE,Switzerland,30
2020-10-19,CHE,Switzerland,53
2020-10-26,CHE,Switzerland,159
2020-11-02,CHE,Switzerland,369
2020-11-09,CHE,Switzerland,552
2020-11-16,CHE,Switzerland,611
2020-11-23,CHE,Switzerland,669
2020-11-30,CHE,Switzerland,596
2020-12-07,CHE,Switzerland,546
2020-12-14,CHE,Switzerland,802
2020-12-21,CHE,Switzerland,563
2020-12-28,CHE,Switzerland,495
2021-01-04,CHE,Switzerland,417
2021-01-11,CHE,Switzerland,392
2021-01-18,CHE,Switzerland,337
2021-01-25,CHE,Switzerland,295
2021-02-01,CHE,Switzerland,193
2021-02-08,CHE,Switzerland,148
2021-02-15,CHE,Switzerland,154
2019-12-30,GBR,United Kingdom,0
2020-01-06,GBR,United Kingdom,0
2020-01-13,GBR,United Kingdom,0
2020-01-20,GBR,United Kingdom,0
2020-01-27,GBR,United Kingdom,0
2020-02-03,GBR,United Kingdom,0
2020-02-10,GBR,United Kingdom,0
2020-02-17,GBR,United Kingdom,0
2020-02-24,GBR,United Kingdom,0
2020-03-02,GBR,United Kingdom,2
2020-03-09,GBR,United Kingdom,41
2020-03-16,GBR,United Kingdom,245
2020-03-23,GBR,United Kingdom,1388
2020-03-30,GBR,United Kingdom,4197
2020-04-06,GBR,United Kingdom,6440
2020-04-13,GBR,United Kingdom,6166
2020-04-20,GBR,United Kingdom,5512
2020-04-27,GBR,United Kingdom,4227
2020-05-04,GBR,United Kingdom,3174
2020-05-11,GBR,United Kingdom,2428
2020-05-18,GBR,United Kingdom,2137
2020-05-25,GBR,United Kingdom,1488
2020-06-01,GBR,United Kingdom,1174
2020-06-08,GBR,United Kingdom,747
2020-06-15,GBR,United Kingdom,512
2020-06-22,GBR,United Kingdom,442
2020-06-29,GBR,United Kingdom,312
2020-07-06,GBR,United Kingdom,213
2020-07-13,GBR,United Kingdom,150
2020-07-20,GBR,United Kingdom,116
2020-07-27,GBR,United Kingdom,96
2020-08-03,GBR,United Kingdom,71
2020-08-10,GBR,United Kingdom,88
2020-08-17,GBR,United Kingdom,63
2020-08-24,GBR,United Kingdom,70
2020-08-31,GBR,United Kingdom,52
2020-09-07,GBR,United Kingdom,77
2020-09-14,GBR,United Kingdom,149
2020-09-21,GBR,United Kingdom,211
2020-09-28,GBR,United Kingdom,362
2020-10-05,GBR,United Kingdom,475
2020-10-12,GBR,United Kingdom,821
2020-10-19,GBR,United Kingdom,1250
2020-10-26,GBR,United Kingdom,1821
2020-11-02,GBR,United Kingdom,2327
2020-11-09,GBR,United Kingdom,2890
2020-11-16,GBR,United Kingdom,2817
2020-11-23,GBR,United Kingdom,3494
2020-11-30,GBR,United Kingdom,3000
2020-12-07,GBR,United Kingdom,2925
2020-12-14,GBR,United Kingdom,3231
2020-12-21,GBR,United Kingdom,3708
2020-12-28,GBR,United Kingdom,3915
2021-01-04,GBR,United Kingdom,6407
2021-01-11,GBR,United Kingdom,7830
2021-01-18,GBR,United Kingdom,8678
2021-01-25,GBR,United Kingdom,8219
2021-02-01,GBR,United Kingdom,6640
2021-02-08,GBR,United Kingdom,4368
2021-02-15,GBR,United Kingdom,3414
