target,target_end_date,location,type,quantile,value,forecast_date,scenario_id
1 wk ahead inc case,2021-08-21,DE,quantile,0.01,25035,2021-08-16,forecast
1 wk ahead inc case,2021-08-21,DE,quantile,0.025,26509,2021-08-16,forecast
1 wk ahead inc case,2021-08-21,DE,quantile,0.05,27851,2021-08-16,forecast
1 wk ahead inc case,2021-08-21,DE,quantile,0.1,29489,2021-08-16,forecast
1 wk ahead inc case,2021-08-21,DE,quantile,0.15,30651,2021-08-16,forecast
1 wk ahead inc case,2021-08-21,DE,quantile,0.2,31609,2021-08-16,forecast
1 wk ahead inc case,2021-08-21,DE,quantile,0.25,32457,2021-08-16,forecast
1 wk ahead inc case,2021-08-21,DE,quantile,0.3,33238,2021-08-16,forecast
1 wk ahead inc case,2021-08-21,DE,quantile,0.35,33980,2021-08-16,forecast
1 wk ahead inc case,2021-08-21,DE,quantile,0.4,34701,2021-08-16,forecast
1 wk ahead inc case,2021-08-21,DE,quantile,0.45,35413,2021-08-16,forecast
1 wk ahead inc case,2021-08-21,DE,quantile,0.5,36130,2021-08-16,forecast
1 wk ahead inc case,2021-08-21,DE,quantile,0.55,36861,2021-08-16,forecast
1 wk ahead inc case,2021-08-21,DE,quantile,0.6,37621,2021-08-16,forecast
1 wk ahead inc case,2021-08-21,DE,quantile,0.65,38423,2021-08-16,forecast
1 wk ahead inc case,2021-08-21,DE,quantile,0.7,39289,2021-08-16,forecast
1 wk ahead inc case,2021-08-21,DE,quantile,0.75,40246,2021-08-16,forecast
1 wk ahead inc case,2021-08-21,DE,quantile,0.8,41341,2021-08-16,forecast
1 wk ahead inc case,2021-08-21,DE,quantile,0.85,42657,2021-08-16,forecast
1 wk ahead inc case,2021-08-21,DE,quantile,0.9,44376,2021-08-16,forecast
1 wk ahead inc case,2021-08-21,DE,quantile,0.95,47061,2021-08-16,forecast
1 wk ahead inc case,2021-08-21,DE,quantile,0.975,49529,2021-08-16,forecast
1 wk ahead inc case,2021-08-21,DE,quantile,0.99,52571,2021-08-16,forecast
1 wk ahead inc death,2021-08-21,DE,quantile,0.01,47,2021-08-16,forecast
1 wk ahead inc death,2021-08-21,DE,quantile,0.025,51,2021-08-16,forecast
1 wk ahead inc death,2021-08-21,DE,quantile,0.05,55,2021-08-16,forecast
1 wk ahead inc death,2021-08-21,DE,quantile,0.1,60,2021-08-16,forecast
1 wk ahead inc death,2021-08-21,DE,quantile,0.15,63,2021-08-16,forecast
1 wk ahead inc death,2021-08-21,DE,quantile,0.2,66,2021-08-16,forecast
1 wk ahead inc death,2021-08-21,DE,quantile,0.25,68,2021-08-16,forecast
1 wk ahead inc death,2021-08-21,DE,quantile,0.3,71,2021-08-16,forecast
1 wk ahead inc death,2021-08-21,DE,quantile,0.35,73,2021-08-16,forecast
1 wk ahead inc death,2021-08-21,DE,quantile,0.4,75,2021-08-16,forecast
1 wk ahead inc death,2021-08-21,DE,quantile,0.45,77,2021-08-16,forecast
1 wk ahead inc death,2021-08-21,DE,quantile,0.5,80,2021-08-16,forecast
1 wk ahead inc death,2021-08-21,DE,quantile,0.55,82,2021-08-16,forecast
1 wk ahead inc death,2021-08-21,DE,quantile,0.6,84,2021-08-16,forecast
1 wk ahead inc death,2021-08-21,DE,quantile,0.65,87,2021-08-16,forecast
1 wk ahead inc death,2021-08-21,DE,quantile,0.7,90,2021-08-16,forecast
1 wk ahead inc death,2021-08-21,DE,quantile,0.75,93,2021-08-16,forecast
1 wk ahead inc death,2021-08-21,DE,quantile,0.8,96,2021-08-16,forecast
1 wk ahead inc death,2021-08-21,DE,quantile,0.85,101,2021-08-16,forecast
1 wk ahead inc death,2021-08-21,DE,quantile,0.9,106,2021-08-16,forecast
1 wk ahead inc death,2021-08-21,DE,quantile,0.95,115,2021-08-16,forecast
1 wk ahead inc death,2021-08-21,DE,quantile,0.975,124,2021-08-16,forecast
1 wk ahead inc death,2021-08-21,DE,quantile,0.99,134,2021-08-16,forecast
2 wk ahead inc case,2021-08-28,DE,quantile,0.01,26731,2021-08-16,forecast
2 wk ahead inc case,2021-08-28,DE,quantile,0.025,28880,2021-08-16,forecast
2 wk ahead inc case,2021-08-28,DE,quantile,0.05,30872,2021-08-16,forecast
2 wk ahead inc case,2021-08-28,DE,quantile,0.1,33349,2021-08-16,forecast
2 wk ahead inc case,2021-08-28,DE,quantile,0.15,35137,2021-08-16,forecast
2 wk ahead inc case,2021-08-28,DE,quantile,0.2,36630,2021-08-16,forecast
2 wk ahead inc case,2021-08-28,DE,quantile,0.25,37963,2021-08-16,forecast
2 wk ahead inc case,2021-08-28,DE,quantile,0.3,39203,2021-08-16,forecast
2 wk ahead inc case,2021-08-28,DE,quantile,0.35,40390,2021-08-16,forecast
2 wk ahead inc case,2021-08-28,DE,quantile,0.4,41551,2021-08-16,forecast
2 wk ahead inc case,2021-08-28,DE,quantile,0.45,42708,2021-08-16,forecast
2 wk ahead inc case,2021-08-28,DE,quantile,0.5,43879,2021-08-16,forecast
2 wk ahead inc case,2021-08-28,DE,quantile,0.55,45084,2021-08-16,forecast
2 wk ahead inc case,2021-08-28,DE,quantile,0.6,46344,2021-08-16,forecast
2 wk ahead inc case,2021-08-28,DE,quantile,0.65,47685,2021-08-16,forecast
2 wk ahead inc case,2021-08-28,DE,quantile,0.7,49142,2021-08-16,forecast
2 wk ahead inc case,2021-08-28,DE,quantile,0.75,50766,2021-08-16,forecast
2 wk ahead inc case,2021-08-28,DE,quantile,0.8,52642,2021-08-16,forecast
2 wk ahead inc case,2021-08-28,DE,quantile,0.85,54919,2021-08-16,forecast
2 wk ahead inc case,2021-08-28,DE,quantile,0.9,57932,2021-08-16,forecast
2 wk ahead inc case,2021-08-28,DE,quantile,0.95,62719,2021-08-16,forecast
2 wk ahead inc case,2021-08-28,DE,quantile,0.975,67204,2021-08-16,forecast
2 wk ahead inc case,2021-08-28,DE,quantile,0.99,72845,2021-08-16,forecast
2 wk ahead inc death,2021-08-28,DE,quantile,0.01,42,2021-08-16,forecast
2 wk ahead inc death,2021-08-28,DE,quantile,0.025,47,2021-08-16,forecast
2 wk ahead inc death,2021-08-28,DE,quantile,0.05,51,2021-08-16,forecast
2 wk ahead inc death,2021-08-28,DE,quantile,0.1,57,2021-08-16,forecast
2 wk ahead inc death,2021-08-28,DE,quantile,0.15,60,2021-08-16,forecast
2 wk ahead inc death,2021-08-28,DE,quantile,0.2,64,2021-08-16,forecast
2 wk ahead inc death,2021-08-28,DE,quantile,0.25,67,2021-08-16,forecast
2 wk ahead inc death,2021-08-28,DE,quantile,0.3,70,2021-08-16,forecast
2 wk ahead inc death,2021-08-28,DE,quantile,0.35,72,2021-08-16,forecast
2 wk ahead inc death,2021-08-28,DE,quantile,0.4,75,2021-08-16,forecast
2 wk ahead inc death,2021-08-28,DE,quantile,0.45,78,2021-08-16,forecast
2 wk ahead inc death,2021-08-28,DE,quantile,0.5,80,2021-08-16,forecast
2 wk ahead inc death,2021-08-28,DE,quantile,0.55,83,2021-08-16,forecast
2 wk ahead inc death,2021-08-28,DE,quantile,0.6,86,2021-08-16,forecast
2 wk ahead inc death,2021-08-28,DE,quantile,0.65,89,2021-08-16,forecast
2 wk ahead inc death,2021-08-28,DE,quantile,0.7,93,2021-08-16,forecast
2 wk ahead inc death,2021-08-28,DE,quantile,0.75,96,2021-08-16,forecast
2 wk ahead inc death,2021-08-28,DE,quantile,0.8,101,2021-08-16,forecast
2 wk ahead inc death,2021-08-28,DE,quantile,0.85,107,2021-08-16,forecast
2 wk ahead inc death,2021-08-28,DE,quantile,0.9,114,2021-08-16,forecast
2 wk ahead inc death,2021-08-28,DE,quantile,0.95,126,2021-08-16,forecast
2 wk ahead inc death,2021-08-28,DE,quantile,0.975,137,2021-08-16,forecast
2 wk ahead inc death,2021-08-28,DE,quantile,0.99,152,2021-08-16,forecast
3 wk ahead inc case,2021-09-04,DE,quantile,0.01,24332,2021-08-16,forecast
3 wk ahead inc case,2021-09-04,DE,quantile,0.025,26744,2021-08-16,forecast
3 wk ahead inc case,2021-09-04,DE,quantile,0.05,29015,2021-08-16,forecast
3 wk ahead inc case,2021-09-04,DE,quantile,0.1,31882,2021-08-16,forecast
3 wk ahead inc case,2021-09-04,DE,quantile,0.15,33980,2021-08-16,forecast
3 wk ahead inc case,2021-09-04,DE,quantile,0.2,35750,2021-08-16,forecast
3 wk ahead inc case,2021-09-04,DE,quantile,0.25,37344,2021-08-16,forecast
3 wk ahead inc case,2021-09-04,DE,quantile,0.3,38838,2021-08-16,forecast
3 wk ahead inc case,2021-09-04,DE,quantile,0.35,40278,2021-08-16,forecast
3 wk ahead inc case,2021-09-04,DE,quantile,0.4,41695,2021-08-16,forecast
3 wk ahead inc case,2021-09-04,DE,quantile,0.45,43115,2021-08-16,forecast
3 wk ahead inc case,2021-09-04,DE,quantile,0.5,44561,2021-08-16,forecast
3 wk ahead inc case,2021-09-04,DE,quantile,0.55,46058,2021-08-16,forecast
3 wk ahead inc case,2021-09-04,DE,quantile,0.6,47633,2021-08-16,forecast
3 wk ahead inc case,2021-09-04,DE,quantile,0.65,49318,2021-08-16,forecast
3 wk ahead inc case,2021-09-04,DE,quantile,0.7,51162,2021-08-16,forecast
3 wk ahead inc case,2021-09-04,DE,quantile,0.75,53231,2021-08-16,forecast
3 wk ahead inc case,2021-09-04,DE,quantile,0.8,55638,2021-08-16,forecast
3 wk ahead inc case,2021-09-04,DE,quantile,0.85,58586,2021-08-16,forecast
3 wk ahead inc case,2021-09-04,DE,quantile,0.9,62527,2021-08-16,forecast
3 wk ahead inc case,2021-09-04,DE,quantile,0.95,68879,2021-08-16,forecast
3 wk ahead inc case,2021-09-04,DE,quantile,0.975,74929,2021-08-16,forecast
3 wk ahead inc case,2021-09-04,DE,quantile,0.99,82661,2021-08-16,forecast
3 wk ahead inc death,2021-09-04,DE,quantile,0.01,40,2021-08-16,forecast
3 wk ahead inc death,2021-09-04,DE,quantile,0.025,45,2021-08-16,forecast
3 wk ahead inc death,2021-09-04,DE,quantile,0.05,50,2021-08-16,forecast
3 wk ahead inc death,2021-09-04,DE,quantile,0.1,56,2021-08-16,forecast
3 wk ahead inc death,2021-09-04,DE,quantile,0.15,61,2021-08-16,forecast
3 wk ahead inc death,2021-09-04,DE,quantile,0.2,65,2021-08-16,forecast
3 wk ahead inc death,2021-09-04,DE,quantile,0.25,68,2021-08-16,forecast
3 wk ahead inc death,2021-09-04,DE,quantile,0.3,72,2021-08-16,forecast
3 wk ahead inc death,2021-09-04,DE,quantile,0.35,75,2021-08-16,forecast
3 wk ahead inc death,2021-09-04,DE,quantile,0.4,78,2021-08-16,forecast
3 wk ahead inc death,2021-09-04,DE,quantile,0.45,82,2021-08-16,forecast
3 wk ahead inc death,2021-09-04,DE,quantile,0.5,85,2021-08-16,forecast
3 wk ahead inc death,2021-09-04,DE,quantile,0.55,89,2021-08-16,forecast
3 wk ahead inc death,2021-09-04,DE,quantile,0.6,92,2021-08-16,forecast
3 wk ahead inc death,2021-09-04,DE,quantile,0.65,96,2021-08-16,forecast
3 wk ahead inc death,2021-09-04,DE,quantile,0.7,101,2021-08-16,forecast
3 wk ahead inc death,2021-09-04,DE,quantile,0.75,106,2021-08-16,forecast
3 wk ahead inc death,2021-09-04,DE,quantile,0.8,112,2021-08-16,forecast
3 wk ahead inc death,2021-09-04,DE,quantile,0.85,119,2021-08-16,forecast
3 wk ahead inc death,2021-09-04,DE,quantile,0.9,129,2021-08-16,forecast
3 wk ahead inc death,2021-09-04,DE,quantile,0.95,145,2021-08-16,forecast
3 wk ahead inc death,2021-09-04,DE,quantile,0.975,160,2021-08-16,forecast
3 wk ahead inc death,2021-09-04,DE,quantile,0.99,180,2021-08-16,forecast
4 wk ahead inc case,2021-09-11,DE,quantile,0.01,22288,2021-08-16,forecast
4 wk ahead inc case,2021-09-11,DE,quantile,0.025,24916,2021-08-16,forecast
4 wk ahead inc case,2021-09-11,DE,quantile,0.05,27430,2021-08-16,forecast
4 wk ahead inc case,2021-09-11,DE,quantile,0.1,30653,2021-08-16,forecast
4 wk ahead inc case,2021-09-11,DE,quantile,0.15,33044,2021-08-16,forecast
4 wk ahead inc case,2021-09-11,DE,quantile,0.2,35080,2021-08-16,forecast
4 wk ahead inc case,2021-09-11,DE,quantile,0.25,36930,2021-08-16,forecast
4 wk ahead inc case,2021-09-11,DE,quantile,0.3,38675,2021-08-16,forecast
4 wk ahead inc case,2021-09-11,DE,quantile,0.35,40369,2021-08-16,forecast
4 wk ahead inc case,2021-09-11,DE,quantile,0.4,42046,2021-08-16,forecast
4 wk ahead inc case,2021-09-11,DE,quantile,0.45,43737,2021-08-16,forecast
4 wk ahead inc case,2021-09-11,DE,quantile,0.5,45469,2021-08-16,forecast
4 wk ahead inc case,2021-09-11,DE,quantile,0.55,47271,2021-08-16,forecast
4 wk ahead inc case,2021-09-11,DE,quantile,0.6,49178,2021-08-16,forecast
4 wk ahead inc case,2021-09-11,DE,quantile,0.65,51231,2021-08-16,forecast
4 wk ahead inc case,2021-09-11,DE,quantile,0.7,53491,2021-08-16,forecast
4 wk ahead inc case,2021-09-11,DE,quantile,0.75,56045,2021-08-16,forecast
4 wk ahead inc case,2021-09-11,DE,quantile,0.8,59036,2021-08-16,forecast
4 wk ahead inc case,2021-09-11,DE,quantile,0.85,62731,2021-08-16,forecast
4 wk ahead inc case,2021-09-11,DE,quantile,0.9,67720,2021-08-16,forecast
4 wk ahead inc case,2021-09-11,DE,quantile,0.95,75875,2021-08-16,forecast
4 wk ahead inc case,2021-09-11,DE,quantile,0.975,83764,2021-08-16,forecast
4 wk ahead inc case,2021-09-11,DE,quantile,0.99,94007,2021-08-16,forecast
4 wk ahead inc death,2021-09-11,DE,quantile,0.01,38,2021-08-16,forecast
4 wk ahead inc death,2021-09-11,DE,quantile,0.025,44,2021-08-16,forecast
4 wk ahead inc death,2021-09-11,DE,quantile,0.05,49,2021-08-16,forecast
4 wk ahead inc death,2021-09-11,DE,quantile,0.1,56,2021-08-16,forecast
4 wk ahead inc death,2021-09-11,DE,quantile,0.15,62,2021-08-16,forecast
4 wk ahead inc death,2021-09-11,DE,quantile,0.2,66,2021-08-16,forecast
4 wk ahead inc death,2021-09-11,DE,quantile,0.25,71,2021-08-16,forecast
4 wk ahead inc death,2021-09-11,DE,quantile,0.3,75,2021-08-16,forecast
4 wk ahead inc death,2021-09-11,DE,quantile,0.35,79,2021-08-16,forecast
4 wk ahead inc death,2021-09-11,DE,quantile,0.4,83,2021-08-16,forecast
4 wk ahead inc death,2021-09-11,DE,quantile,0.45,87,2021-08-16,forecast
4 wk ahead inc death,2021-09-11,DE,quantile,0.5,91,2021-08-16,forecast
4 wk ahead inc death,2021-09-11,DE,quantile,0.55,95,2021-08-16,forecast
4 wk ahead inc death,2021-09-11,DE,quantile,0.6,100,2021-08-16,forecast
4 wk ahead inc death,2021-09-11,DE,quantile,0.65,105,2021-08-16,forecast
4 wk ahead inc death,2021-09-11,DE,quantile,0.7,111,2021-08-16,forecast
4 wk ahead inc death,2021-09-11,DE,quantile,0.75,117,2021-08-16,forecast
4 wk ahead inc death,2021-09-11,DE,quantile,0.8,125,2021-08-16,forecast
4 wk ahead inc death,2021-09-11,DE,quantile,0.85,134,2021-08-16,forecast
4 wk ahead inc death,2021-09-11,DE,quantile,0.9,147,2021-08-16,forecast
4 wk ahead inc death,2021-09-11,DE,quantile,0.95,168,2021-08-16,forecast
4 wk ahead inc death,2021-09-11,DE,quantile,0.975,190,2021-08-16,forecast
4 wk ahead inc death,2021-09-11,DE,quantile,0.99,218,2021-08-16,forecast
1 wk ahead inc case,2021-08-21,GB,quantile,0.01,158175,2021-08-16,forecast
1 wk ahead inc case,2021-08-21,GB,quantile,0.025,166744,2021-08-16,forecast
1 wk ahead inc case,2021-08-21,GB,quantile,0.05,172334,2021-08-16,forecast
1 wk ahead inc case,2021-08-21,GB,quantile,0.1,178710,2021-08-16,forecast
1 wk ahead inc case,2021-08-21,GB,quantile,0.15,183144,2021-08-16,forecast
1 wk ahead inc case,2021-08-21,GB,quantile,0.2,187016,2021-08-16,forecast
1 wk ahead inc case,2021-08-21,GB,quantile,0.25,192341,2021-08-16,forecast
1 wk ahead inc case,2021-08-21,GB,quantile,0.3,195550,2021-08-16,forecast
1 wk ahead inc case,2021-08-21,GB,quantile,0.35,198013,2021-08-16,forecast
1 wk ahead inc case,2021-08-21,GB,quantile,0.4,200379,2021-08-16,forecast
1 wk ahead inc case,2021-08-21,GB,quantile,0.45,202695,2021-08-16,forecast
1 wk ahead inc case,2021-08-21,GB,quantile,0.5,203880,2021-08-16,forecast
1 wk ahead inc case,2021-08-21,GB,quantile,0.55,207332,2021-08-16,forecast
1 wk ahead inc case,2021-08-21,GB,quantile,0.6,209832,2021-08-16,forecast
1 wk ahead inc case,2021-08-21,GB,quantile,0.65,215843,2021-08-16,forecast
1 wk ahead inc case,2021-08-21,GB,quantile,0.7,220734,2021-08-16,forecast
1 wk ahead inc case,2021-08-21,GB,quantile,0.75,225253,2021-08-16,forecast
1 wk ahead inc case,2021-08-21,GB,quantile,0.8,228285,2021-08-16,forecast
1 wk ahead inc case,2021-08-21,GB,quantile,0.85,231871,2021-08-16,forecast
1 wk ahead inc case,2021-08-21,GB,quantile,0.9,236462,2021-08-16,forecast
1 wk ahead inc case,2021-08-21,GB,quantile,0.95,243527,2021-08-16,forecast
1 wk ahead inc case,2021-08-21,GB,quantile,0.975,250848,2021-08-16,forecast
1 wk ahead inc case,2021-08-21,GB,quantile,0.99,259638,2021-08-16,forecast
1 wk ahead inc death,2021-08-21,GB,quantile,0.01,453,2021-08-16,forecast
1 wk ahead inc death,2021-08-21,GB,quantile,0.025,473,2021-08-16,forecast
1 wk ahead inc death,2021-08-21,GB,quantile,0.05,488,2021-08-16,forecast
1 wk ahead inc death,2021-08-21,GB,quantile,0.1,506,2021-08-16,forecast
1 wk ahead inc death,2021-08-21,GB,quantile,0.15,519,2021-08-16,forecast
1 wk ahead inc death,2021-08-21,GB,quantile,0.2,529,2021-08-16,forecast
1 wk ahead inc death,2021-08-21,GB,quantile,0.25,538,2021-08-16,forecast
1 wk ahead inc death,2021-08-21,GB,quantile,0.3,553,2021-08-16,forecast
1 wk ahead inc death,2021-08-21,GB,quantile,0.35,568,2021-08-16,forecast
1 wk ahead inc death,2021-08-21,GB,quantile,0.4,577,2021-08-16,forecast
1 wk ahead inc death,2021-08-21,GB,quantile,0.45,581,2021-08-16,forecast
1 wk ahead inc death,2021-08-21,GB,quantile,0.5,585,2021-08-16,forecast
1 wk ahead inc death,2021-08-21,GB,quantile,0.55,588,2021-08-16,forecast
1 wk ahead inc death,2021-08-21,GB,quantile,0.6,592,2021-08-16,forecast
1 wk ahead inc death,2021-08-21,GB,quantile,0.65,601,2021-08-16,forecast
1 wk ahead inc death,2021-08-21,GB,quantile,0.7,617,2021-08-16,forecast
1 wk ahead inc death,2021-08-21,GB,quantile,0.75,636,2021-08-16,forecast
1 wk ahead inc death,2021-08-21,GB,quantile,0.8,653,2021-08-16,forecast
1 wk ahead inc death,2021-08-21,GB,quantile,0.85,666,2021-08-16,forecast
1 wk ahead inc death,2021-08-21,GB,quantile,0.9,688,2021-08-16,forecast
1 wk ahead inc death,2021-08-21,GB,quantile,0.95,717,2021-08-16,forecast
1 wk ahead inc death,2021-08-21,GB,quantile,0.975,733,2021-08-16,forecast
1 wk ahead inc death,2021-08-21,GB,quantile,0.99,758,2021-08-16,forecast
2 wk ahead inc case,2021-08-28,GB,quantile,0.01,146641,2021-08-16,forecast
2 wk ahead inc case,2021-08-28,GB,quantile,0.025,156811,2021-08-16,forecast
2 wk ahead inc case,2021-08-28,GB,quantile,0.05,166119,2021-08-16,forecast
2 wk ahead inc case,2021-08-28,GB,quantile,0.1,177539,2021-08-16,forecast
2 wk ahead inc case,2021-08-28,GB,quantile,0.15,185684,2021-08-16,forecast
2 wk ahead inc case,2021-08-28,GB,quantile,0.2,192423,2021-08-16,forecast
2 wk ahead inc case,2021-08-28,GB,quantile,0.25,197143,2021-08-16,forecast
2 wk ahead inc case,2021-08-28,GB,quantile,0.3,199225,2021-08-16,forecast
2 wk ahead inc case,2021-08-28,GB,quantile,0.35,201174,2021-08-16,forecast
2 wk ahead inc case,2021-08-28,GB,quantile,0.4,203041,2021-08-16,forecast
2 wk ahead inc case,2021-08-28,GB,quantile,0.45,204864,2021-08-16,forecast
2 wk ahead inc case,2021-08-28,GB,quantile,0.5,206674,2021-08-16,forecast
2 wk ahead inc case,2021-08-28,GB,quantile,0.55,210632,2021-08-16,forecast
2 wk ahead inc case,2021-08-28,GB,quantile,0.6,219781,2021-08-16,forecast
2 wk ahead inc case,2021-08-28,GB,quantile,0.65,225783,2021-08-16,forecast
2 wk ahead inc case,2021-08-28,GB,quantile,0.7,233722,2021-08-16,forecast
2 wk ahead inc case,2021-08-28,GB,quantile,0.75,243335,2021-08-16,forecast
2 wk ahead inc case,2021-08-28,GB,quantile,0.8,255847,2021-08-16,forecast
2 wk ahead inc case,2021-08-28,GB,quantile,0.85,264983,2021-08-16,forecast
2 wk ahead inc case,2021-08-28,GB,quantile,0.9,273228,2021-08-16,forecast
2 wk ahead inc case,2021-08-28,GB,quantile,0.95,285922,2021-08-16,forecast
2 wk ahead inc case,2021-08-28,GB,quantile,0.975,299342,2021-08-16,forecast
2 wk ahead inc case,2021-08-28,GB,quantile,0.99,322100,2021-08-16,forecast
2 wk ahead inc death,2021-08-28,GB,quantile,0.01,406,2021-08-16,forecast
2 wk ahead inc death,2021-08-28,GB,quantile,0.025,429,2021-08-16,forecast
2 wk ahead inc death,2021-08-28,GB,quantile,0.05,448,2021-08-16,forecast
2 wk ahead inc death,2021-08-28,GB,quantile,0.1,474,2021-08-16,forecast
2 wk ahead inc death,2021-08-28,GB,quantile,0.15,495,2021-08-16,forecast
2 wk ahead inc death,2021-08-28,GB,quantile,0.2,514,2021-08-16,forecast
2 wk ahead inc death,2021-08-28,GB,quantile,0.25,525,2021-08-16,forecast
2 wk ahead inc death,2021-08-28,GB,quantile,0.3,536,2021-08-16,forecast
2 wk ahead inc death,2021-08-28,GB,quantile,0.35,546,2021-08-16,forecast
2 wk ahead inc death,2021-08-28,GB,quantile,0.4,555,2021-08-16,forecast
2 wk ahead inc death,2021-08-28,GB,quantile,0.45,565,2021-08-16,forecast
2 wk ahead inc death,2021-08-28,GB,quantile,0.5,575,2021-08-16,forecast
2 wk ahead inc death,2021-08-28,GB,quantile,0.55,586,2021-08-16,forecast
2 wk ahead inc death,2021-08-28,GB,quantile,0.6,597,2021-08-16,forecast
2 wk ahead inc death,2021-08-28,GB,quantile,0.65,609,2021-08-16,forecast
2 wk ahead inc death,2021-08-28,GB,quantile,0.7,622,2021-08-16,forecast
2 wk ahead inc death,2021-08-28,GB,quantile,0.75,636,2021-08-16,forecast
2 wk ahead inc death,2021-08-28,GB,quantile,0.8,652,2021-08-16,forecast
2 wk ahead inc death,2021-08-28,GB,quantile,0.85,671,2021-08-16,forecast
2 wk ahead inc death,2021-08-28,GB,quantile,0.9,692,2021-08-16,forecast
2 wk ahead inc death,2021-08-28,GB,quantile,0.95,726,2021-08-16,forecast
2 wk ahead inc death,2021-08-28,GB,quantile,0.975,756,2021-08-16,forecast
2 wk ahead inc death,2021-08-28,GB,quantile,0.99,793,2021-08-16,forecast
3 wk ahead inc case,2021-09-04,GB,quantile,0.01,143737,2021-08-16,forecast
3 wk ahead inc case,2021-09-04,GB,quantile,0.025,154609,2021-08-16,forecast
3 wk ahead inc case,2021-09-04,GB,quantile,0.05,164614,2021-08-16,forecast
3 wk ahead inc case,2021-09-04,GB,quantile,0.1,176956,2021-08-16,forecast
3 wk ahead inc case,2021-09-04,GB,quantile,0.15,185802,2021-08-16,forecast
3 wk ahead inc case,2021-09-04,GB,quantile,0.2,192457,2021-08-16,forecast
3 wk ahead inc case,2021-09-04,GB,quantile,0.25,196028,2021-08-16,forecast
3 wk ahead inc case,2021-09-04,GB,quantile,0.3,199291,2021-08-16,forecast
3 wk ahead inc case,2021-09-04,GB,quantile,0.35,202364,2021-08-16,forecast
3 wk ahead inc case,2021-09-04,GB,quantile,0.4,205323,2021-08-16,forecast
3 wk ahead inc case,2021-09-04,GB,quantile,0.45,208227,2021-08-16,forecast
3 wk ahead inc case,2021-09-04,GB,quantile,0.5,211125,2021-08-16,forecast
3 wk ahead inc case,2021-09-04,GB,quantile,0.55,214064,2021-08-16,forecast
3 wk ahead inc case,2021-09-04,GB,quantile,0.6,221682,2021-08-16,forecast
3 wk ahead inc case,2021-09-04,GB,quantile,0.65,232684,2021-08-16,forecast
3 wk ahead inc case,2021-09-04,GB,quantile,0.7,245146,2021-08-16,forecast
3 wk ahead inc case,2021-09-04,GB,quantile,0.75,258735,2021-08-16,forecast
3 wk ahead inc case,2021-09-04,GB,quantile,0.8,269997,2021-08-16,forecast
3 wk ahead inc case,2021-09-04,GB,quantile,0.85,280670,2021-08-16,forecast
3 wk ahead inc case,2021-09-04,GB,quantile,0.9,294700,2021-08-16,forecast
3 wk ahead inc case,2021-09-04,GB,quantile,0.95,322984,2021-08-16,forecast
3 wk ahead inc case,2021-09-04,GB,quantile,0.975,352136,2021-08-16,forecast
3 wk ahead inc case,2021-09-04,GB,quantile,0.99,374629,2021-08-16,forecast
3 wk ahead inc death,2021-09-04,GB,quantile,0.01,379,2021-08-16,forecast
3 wk ahead inc death,2021-09-04,GB,quantile,0.025,407,2021-08-16,forecast
3 wk ahead inc death,2021-09-04,GB,quantile,0.05,429,2021-08-16,forecast
3 wk ahead inc death,2021-09-04,GB,quantile,0.1,456,2021-08-16,forecast
3 wk ahead inc death,2021-09-04,GB,quantile,0.15,475,2021-08-16,forecast
3 wk ahead inc death,2021-09-04,GB,quantile,0.2,490,2021-08-16,forecast
3 wk ahead inc death,2021-09-04,GB,quantile,0.25,507,2021-08-16,forecast
3 wk ahead inc death,2021-09-04,GB,quantile,0.3,520,2021-08-16,forecast
3 wk ahead inc death,2021-09-04,GB,quantile,0.35,532,2021-08-16,forecast
3 wk ahead inc death,2021-09-04,GB,quantile,0.4,547,2021-08-16,forecast
3 wk ahead inc death,2021-09-04,GB,quantile,0.45,561,2021-08-16,forecast
3 wk ahead inc death,2021-09-04,GB,quantile,0.5,574,2021-08-16,forecast
3 wk ahead inc death,2021-09-04,GB,quantile,0.55,584,2021-08-16,forecast
3 wk ahead inc death,2021-09-04,GB,quantile,0.6,595,2021-08-16,forecast
3 wk ahead inc death,2021-09-04,GB,quantile,0.65,606,2021-08-16,forecast
3 wk ahead inc death,2021-09-04,GB,quantile,0.7,618,2021-08-16,forecast
3 wk ahead inc death,2021-09-04,GB,quantile,0.75,632,2021-08-16,forecast
3 wk ahead inc death,2021-09-04,GB,quantile,0.8,650,2021-08-16,forecast
3 wk ahead inc death,2021-09-04,GB,quantile,0.85,671,2021-08-16,forecast
3 wk ahead inc death,2021-09-04,GB,quantile,0.9,699,2021-08-16,forecast
3 wk ahead inc death,2021-09-04,GB,quantile,0.95,743,2021-08-16,forecast
3 wk ahead inc death,2021-09-04,GB,quantile,0.975,783,2021-08-16,forecast
3 wk ahead inc death,2021-09-04,GB,quantile,0.99,832,2021-08-16,forecast
4 wk ahead inc case,2021-09-11,GB,quantile,0.01,143795,2021-08-16,forecast
4 wk ahead inc case,2021-09-11,GB,quantile,0.025,155413,2021-08-16,forecast
4 wk ahead inc case,2021-09-11,GB,quantile,0.05,165523,2021-08-16,forecast
4 wk ahead inc case,2021-09-11,GB,quantile,0.1,177997,2021-08-16,forecast
4 wk ahead inc case,2021-09-11,GB,quantile,0.15,186941,2021-08-16,forecast
4 wk ahead inc case,2021-09-11,GB,quantile,0.2,194368,2021-08-16,forecast
4 wk ahead inc case,2021-09-11,GB,quantile,0.25,200975,2021-08-16,forecast
4 wk ahead inc case,2021-09-11,GB,quantile,0.3,205607,2021-08-16,forecast
4 wk ahead inc case,2021-09-11,GB,quantile,0.35,209941,2021-08-16,forecast
4 wk ahead inc case,2021-09-11,GB,quantile,0.4,214138,2021-08-16,forecast
4 wk ahead inc case,2021-09-11,GB,quantile,0.45,218279,2021-08-16,forecast
4 wk ahead inc case,2021-09-11,GB,quantile,0.5,222433,2021-08-16,forecast
4 wk ahead inc case,2021-09-11,GB,quantile,0.55,226665,2021-08-16,forecast
4 wk ahead inc case,2021-09-11,GB,quantile,0.6,231048,2021-08-16,forecast
4 wk ahead inc case,2021-09-11,GB,quantile,0.65,240989,2021-08-16,forecast
4 wk ahead inc case,2021-09-11,GB,quantile,0.7,256579,2021-08-16,forecast
4 wk ahead inc case,2021-09-11,GB,quantile,0.75,276575,2021-08-16,forecast
4 wk ahead inc case,2021-09-11,GB,quantile,0.8,297511,2021-08-16,forecast
4 wk ahead inc case,2021-09-11,GB,quantile,0.85,310177,2021-08-16,forecast
4 wk ahead inc case,2021-09-11,GB,quantile,0.9,337272,2021-08-16,forecast
4 wk ahead inc case,2021-09-11,GB,quantile,0.95,372961,2021-08-16,forecast
4 wk ahead inc case,2021-09-11,GB,quantile,0.975,402261,2021-08-16,forecast
4 wk ahead inc case,2021-09-11,GB,quantile,0.99,439234,2021-08-16,forecast
4 wk ahead inc death,2021-09-11,GB,quantile,0.01,349,2021-08-16,forecast
4 wk ahead inc death,2021-09-11,GB,quantile,0.025,376,2021-08-16,forecast
4 wk ahead inc death,2021-09-11,GB,quantile,0.05,400,2021-08-16,forecast
4 wk ahead inc death,2021-09-11,GB,quantile,0.1,431,2021-08-16,forecast
4 wk ahead inc death,2021-09-11,GB,quantile,0.15,452,2021-08-16,forecast
4 wk ahead inc death,2021-09-11,GB,quantile,0.2,476,2021-08-16,forecast
4 wk ahead inc death,2021-09-11,GB,quantile,0.25,501,2021-08-16,forecast
4 wk ahead inc death,2021-09-11,GB,quantile,0.3,520,2021-08-16,forecast
4 wk ahead inc death,2021-09-11,GB,quantile,0.35,531,2021-08-16,forecast
4 wk ahead inc death,2021-09-11,GB,quantile,0.4,542,2021-08-16,forecast
4 wk ahead inc death,2021-09-11,GB,quantile,0.45,552,2021-08-16,forecast
4 wk ahead inc death,2021-09-11,GB,quantile,0.5,563,2021-08-16,forecast
4 wk ahead inc death,2021-09-11,GB,quantile,0.55,574,2021-08-16,forecast
4 wk ahead inc death,2021-09-11,GB,quantile,0.6,585,2021-08-16,forecast
4 wk ahead inc death,2021-09-11,GB,quantile,0.65,601,2021-08-16,forecast
4 wk ahead inc death,2021-09-11,GB,quantile,0.7,618,2021-08-16,forecast
4 wk ahead inc death,2021-09-11,GB,quantile,0.75,637,2021-08-16,forecast
4 wk ahead inc death,2021-09-11,GB,quantile,0.8,658,2021-08-16,forecast
4 wk ahead inc death,2021-09-11,GB,quantile,0.85,685,2021-08-16,forecast
4 wk ahead inc death,2021-09-11,GB,quantile,0.9,723,2021-08-16,forecast
4 wk ahead inc death,2021-09-11,GB,quantile,0.95,792,2021-08-16,forecast
4 wk ahead inc death,2021-09-11,GB,quantile,0.975,832,2021-08-16,forecast
4 wk ahead inc death,2021-09-11,GB,quantile,0.99,891,2021-08-16,forecast
1 wk ahead inc case,2021-08-21,IE,quantile,0.01,10689,2021-08-16,forecast
1 wk ahead inc case,2021-08-21,IE,quantile,0.025,11067,2021-08-16,forecast
1 wk ahead inc case,2021-08-21,IE,quantile,0.05,11404,2021-08-16,forecast
1 wk ahead inc case,2021-08-21,IE,quantile,0.1,11804,2021-08-16,forecast
1 wk ahead inc case,2021-08-21,IE,quantile,0.15,12082,2021-08-16,forecast
1 wk ahead inc case,2021-08-21,IE,quantile,0.2,12308,2021-08-16,forecast
1 wk ahead inc case,2021-08-21,IE,quantile,0.25,12505,2021-08-16,forecast
1 wk ahead inc case,2021-08-21,IE,quantile,0.3,12684,2021-08-16,forecast
1 wk ahead inc case,2021-08-21,IE,quantile,0.35,12853,2021-08-16,forecast
1 wk ahead inc case,2021-08-21,IE,quantile,0.4,13015,2021-08-16,forecast
1 wk ahead inc case,2021-08-21,IE,quantile,0.45,13174,2021-08-16,forecast
1 wk ahead inc case,2021-08-21,IE,quantile,0.5,13332,2021-08-16,forecast
1 wk ahead inc case,2021-08-21,IE,quantile,0.55,13492,2021-08-16,forecast
1 wk ahead inc case,2021-08-21,IE,quantile,0.6,13657,2021-08-16,forecast
1 wk ahead inc case,2021-08-21,IE,quantile,0.65,13829,2021-08-16,forecast
1 wk ahead inc case,2021-08-21,IE,quantile,0.7,14013,2021-08-16,forecast
1 wk ahead inc case,2021-08-21,IE,quantile,0.75,14215,2021-08-16,forecast
1 wk ahead inc case,2021-08-21,IE,quantile,0.8,14442,2021-08-16,forecast
1 wk ahead inc case,2021-08-21,IE,quantile,0.85,14712,2021-08-16,forecast
1 wk ahead inc case,2021-08-21,IE,quantile,0.9,15058,2021-08-16,forecast
1 wk ahead inc case,2021-08-21,IE,quantile,0.95,15587,2021-08-16,forecast
1 wk ahead inc case,2021-08-21,IE,quantile,0.975,16061,2021-08-16,forecast
1 wk ahead inc case,2021-08-21,IE,quantile,0.99,16630,2021-08-16,forecast
1 wk ahead inc death,2021-08-21,IE,quantile,0.01,6,2021-08-16,forecast
1 wk ahead inc death,2021-08-21,IE,quantile,0.025,7,2021-08-16,forecast
1 wk ahead inc death,2021-08-21,IE,quantile,0.05,8,2021-08-16,forecast
1 wk ahead inc death,2021-08-21,IE,quantile,0.1,10,2021-08-16,forecast
1 wk ahead inc death,2021-08-21,IE,quantile,0.15,11,2021-08-16,forecast
1 wk ahead inc death,2021-08-21,IE,quantile,0.2,11,2021-08-16,forecast
1 wk ahead inc death,2021-08-21,IE,quantile,0.25,12,2021-08-16,forecast
1 wk ahead inc death,2021-08-21,IE,quantile,0.3,13,2021-08-16,forecast
1 wk ahead inc death,2021-08-21,IE,quantile,0.35,14,2021-08-16,forecast
1 wk ahead inc death,2021-08-21,IE,quantile,0.4,14,2021-08-16,forecast
1 wk ahead inc death,2021-08-21,IE,quantile,0.45,15,2021-08-16,forecast
1 wk ahead inc death,2021-08-21,IE,quantile,0.5,16,2021-08-16,forecast
1 wk ahead inc death,2021-08-21,IE,quantile,0.55,16,2021-08-16,forecast
1 wk ahead inc death,2021-08-21,IE,quantile,0.6,17,2021-08-16,forecast
1 wk ahead inc death,2021-08-21,IE,quantile,0.65,18,2021-08-16,forecast
1 wk ahead inc death,2021-08-21,IE,quantile,0.7,19,2021-08-16,forecast
1 wk ahead inc death,2021-08-21,IE,quantile,0.75,20,2021-08-16,forecast
1 wk ahead inc death,2021-08-21,IE,quantile,0.8,21,2021-08-16,forecast
1 wk ahead inc death,2021-08-21,IE,quantile,0.85,23,2021-08-16,forecast
1 wk ahead inc death,2021-08-21,IE,quantile,0.9,25,2021-08-16,forecast
1 wk ahead inc death,2021-08-21,IE,quantile,0.95,29,2021-08-16,forecast
1 wk ahead inc death,2021-08-21,IE,quantile,0.975,33,2021-08-16,forecast
1 wk ahead inc death,2021-08-21,IE,quantile,0.99,38,2021-08-16,forecast
2 wk ahead inc case,2021-08-28,IE,quantile,0.01,9954,2021-08-16,forecast
2 wk ahead inc case,2021-08-28,IE,quantile,0.025,10486,2021-08-16,forecast
2 wk ahead inc case,2021-08-28,IE,quantile,0.05,10965,2021-08-16,forecast
2 wk ahead inc case,2021-08-28,IE,quantile,0.1,11546,2021-08-16,forecast
2 wk ahead inc case,2021-08-28,IE,quantile,0.15,11955,2021-08-16,forecast
2 wk ahead inc case,2021-08-28,IE,quantile,0.2,12290,2021-08-16,forecast
2 wk ahead inc case,2021-08-28,IE,quantile,0.25,12585,2021-08-16,forecast
2 wk ahead inc case,2021-08-28,IE,quantile,0.3,12857,2021-08-16,forecast
2 wk ahead inc case,2021-08-28,IE,quantile,0.35,13113,2021-08-16,forecast
2 wk ahead inc case,2021-08-28,IE,quantile,0.4,13361,2021-08-16,forecast
2 wk ahead inc case,2021-08-28,IE,quantile,0.45,13606,2021-08-16,forecast
2 wk ahead inc case,2021-08-28,IE,quantile,0.5,13851,2021-08-16,forecast
2 wk ahead inc case,2021-08-28,IE,quantile,0.55,14100,2021-08-16,forecast
2 wk ahead inc case,2021-08-28,IE,quantile,0.6,14358,2021-08-16,forecast
2 wk ahead inc case,2021-08-28,IE,quantile,0.65,14629,2021-08-16,forecast
2 wk ahead inc case,2021-08-28,IE,quantile,0.7,14921,2021-08-16,forecast
2 wk ahead inc case,2021-08-28,IE,quantile,0.75,15243,2021-08-16,forecast
2 wk ahead inc case,2021-08-28,IE,quantile,0.8,15609,2021-08-16,forecast
2 wk ahead inc case,2021-08-28,IE,quantile,0.85,16047,2021-08-16,forecast
2 wk ahead inc case,2021-08-28,IE,quantile,0.9,16615,2021-08-16,forecast
2 wk ahead inc case,2021-08-28,IE,quantile,0.95,17495,2021-08-16,forecast
2 wk ahead inc case,2021-08-28,IE,quantile,0.975,18295,2021-08-16,forecast
2 wk ahead inc case,2021-08-28,IE,quantile,0.99,19272,2021-08-16,forecast
2 wk ahead inc death,2021-08-28,IE,quantile,0.01,6,2021-08-16,forecast
2 wk ahead inc death,2021-08-28,IE,quantile,0.025,7,2021-08-16,forecast
2 wk ahead inc death,2021-08-28,IE,quantile,0.05,8,2021-08-16,forecast
2 wk ahead inc death,2021-08-28,IE,quantile,0.1,10,2021-08-16,forecast
2 wk ahead inc death,2021-08-28,IE,quantile,0.15,11,2021-08-16,forecast
2 wk ahead inc death,2021-08-28,IE,quantile,0.2,12,2021-08-16,forecast
2 wk ahead inc death,2021-08-28,IE,quantile,0.25,12,2021-08-16,forecast
2 wk ahead inc death,2021-08-28,IE,quantile,0.3,13,2021-08-16,forecast
2 wk ahead inc death,2021-08-28,IE,quantile,0.35,14,2021-08-16,forecast
2 wk ahead inc death,2021-08-28,IE,quantile,0.4,15,2021-08-16,forecast
2 wk ahead inc death,2021-08-28,IE,quantile,0.45,16,2021-08-16,forecast
2 wk ahead inc death,2021-08-28,IE,quantile,0.5,16,2021-08-16,forecast
2 wk ahead inc death,2021-08-28,IE,quantile,0.55,17,2021-08-16,forecast
2 wk ahead inc death,2021-08-28,IE,quantile,0.6,18,2021-08-16,forecast
2 wk ahead inc death,2021-08-28,IE,quantile,0.65,19,2021-08-16,forecast
2 wk ahead inc death,2021-08-28,IE,quantile,0.7,20,2021-08-16,forecast
2 wk ahead inc death,2021-08-28,IE,quantile,0.75,22,2021-08-16,forecast
2 wk ahead inc death,2021-08-28,IE,quantile,0.8,23,2021-08-16,forecast
2 wk ahead inc death,2021-08-28,IE,quantile,0.85,25,2021-08-16,forecast
2 wk ahead inc death,2021-08-28,IE,quantile,0.9,28,2021-08-16,forecast
2 wk ahead inc death,2021-08-28,IE,quantile,0.95,32,2021-08-16,forecast
2 wk ahead inc death,2021-08-28,IE,quantile,0.975,37,2021-08-16,forecast
2 wk ahead inc death,2021-08-28,IE,quantile,0.99,43,2021-08-16,forecast
3 wk ahead inc case,2021-09-04,IE,quantile,0.01,9299,2021-08-16,forecast
3 wk ahead inc case,2021-09-04,IE,quantile,0.025,9965,2021-08-16,forecast
3 wk ahead inc case,2021-09-04,IE,quantile,0.05,10577,2021-08-16,forecast
3 wk ahead inc case,2021-09-04,IE,quantile,0.1,11329,2021-08-16,forecast
3 wk ahead inc case,2021-09-04,IE,quantile,0.15,11866,2021-08-16,forecast
3 wk ahead inc case,2021-09-04,IE,quantile,0.2,12311,2021-08-16,forecast
3 wk ahead inc case,2021-09-04,IE,quantile,0.25,12706,2021-08-16,forecast
3 wk ahead inc case,2021-09-04,IE,quantile,0.3,13072,2021-08-16,forecast
3 wk ahead inc case,2021-09-04,IE,quantile,0.35,13420,2021-08-16,forecast
3 wk ahead inc case,2021-09-04,IE,quantile,0.4,13759,2021-08-16,forecast
3 wk ahead inc case,2021-09-04,IE,quantile,0.45,14095,2021-08-16,forecast
3 wk ahead inc case,2021-09-04,IE,quantile,0.5,14433,2021-08-16,forecast
3 wk ahead inc case,2021-09-04,IE,quantile,0.55,14780,2021-08-16,forecast
3 wk ahead inc case,2021-09-04,IE,quantile,0.6,15141,2021-08-16,forecast
3 wk ahead inc case,2021-09-04,IE,quantile,0.65,15524,2021-08-16,forecast
3 wk ahead inc case,2021-09-04,IE,quantile,0.7,15937,2021-08-16,forecast
3 wk ahead inc case,2021-09-04,IE,quantile,0.75,16396,2021-08-16,forecast
3 wk ahead inc case,2021-09-04,IE,quantile,0.8,16922,2021-08-16,forecast
3 wk ahead inc case,2021-09-04,IE,quantile,0.85,17557,2021-08-16,forecast
3 wk ahead inc case,2021-09-04,IE,quantile,0.9,18389,2021-08-16,forecast
3 wk ahead inc case,2021-09-04,IE,quantile,0.95,19696,2021-08-16,forecast
3 wk ahead inc case,2021-09-04,IE,quantile,0.975,20905,2021-08-16,forecast
3 wk ahead inc case,2021-09-04,IE,quantile,0.99,22404,2021-08-16,forecast
3 wk ahead inc death,2021-09-04,IE,quantile,0.01,6,2021-08-16,forecast
3 wk ahead inc death,2021-09-04,IE,quantile,0.025,7,2021-08-16,forecast
3 wk ahead inc death,2021-09-04,IE,quantile,0.05,8,2021-08-16,forecast
3 wk ahead inc death,2021-09-04,IE,quantile,0.1,10,2021-08-16,forecast
3 wk ahead inc death,2021-09-04,IE,quantile,0.15,11,2021-08-16,forecast
3 wk ahead inc death,2021-09-04,IE,quantile,0.2,12,2021-08-16,forecast
3 wk ahead inc death,2021-09-04,IE,quantile,0.25,13,2021-08-16,forecast
3 wk ahead inc death,2021-09-04,IE,quantile,0.3,14,2021-08-16,forecast
3 wk ahead inc death,2021-09-04,IE,quantile,0.35,15,2021-08-16,forecast
3 wk ahead inc death,2021-09-04,IE,quantile,0.4,16,2021-08-16,forecast
3 wk ahead inc death,2021-09-04,IE,quantile,0.45,17,2021-08-16,forecast
3 wk ahead inc death,2021-09-04,IE,quantile,0.5,17,2021-08-16,forecast
3 wk ahead inc death,2021-09-04,IE,quantile,0.55,19,2021-08-16,forecast
3 wk ahead inc death,2021-09-04,IE,quantile,0.6,20,2021-08-16,forecast
3 wk ahead inc death,2021-09-04,IE,quantile,0.65,21,2021-08-16,forecast
3 wk ahead inc death,2021-09-04,IE,quantile,0.7,22,2021-08-16,forecast
3 wk ahead inc death,2021-09-04,IE,quantile,0.75,24,2021-08-16,forecast
3 wk ahead inc death,2021-09-04,IE,quantile,0.8,26,2021-08-16,forecast
3 wk ahead inc death,2021-09-04,IE,quantile,0.85,28,2021-08-16,forecast
3 wk ahead inc death,2021-09-04,IE,quantile,0.9,31,2021-08-16,forecast
3 wk ahead inc death,2021-09-04,IE,quantile,0.95,37,2021-08-16,forecast
3 wk ahead inc death,2021-09-04,IE,quantile,0.975,42,2021-08-16,forecast
3 wk ahead inc death,2021-09-04,IE,quantile,0.99,50,2021-08-16,forecast
4 wk ahead inc case,2021-09-11,IE,quantile,0.01,10505,2021-08-16,forecast
4 wk ahead inc case,2021-09-11,IE,quantile,0.025,11454,2021-08-16,forecast
4 wk ahead inc case,2021-09-11,IE,quantile,0.05,12338,2021-08-16,forecast
4 wk ahead inc case,2021-09-11,IE,quantile,0.1,13443,2021-08-16,forecast
4 wk ahead inc case,2021-09-11,IE,quantile,0.15,14243,2021-08-16,forecast
4 wk ahead inc case,2021-09-11,IE,quantile,0.2,14913,2021-08-16,forecast
4 wk ahead inc case,2021-09-11,IE,quantile,0.25,15513,2021-08-16,forecast
4 wk ahead inc case,2021-09-11,IE,quantile,0.3,16073,2021-08-16,forecast
4 wk ahead inc case,2021-09-11,IE,quantile,0.35,16609,2021-08-16,forecast
4 wk ahead inc case,2021-09-11,IE,quantile,0.4,17134,2021-08-16,forecast
4 wk ahead inc case,2021-09-11,IE,quantile,0.45,17659,2021-08-16,forecast
4 wk ahead inc case,2021-09-11,IE,quantile,0.5,18190,2021-08-16,forecast
4 wk ahead inc case,2021-09-11,IE,quantile,0.55,18738,2021-08-16,forecast
4 wk ahead inc case,2021-09-11,IE,quantile,0.6,19311,2021-08-16,forecast
4 wk ahead inc case,2021-09-11,IE,quantile,0.65,19922,2021-08-16,forecast
4 wk ahead inc case,2021-09-11,IE,quantile,0.7,20587,2021-08-16,forecast
4 wk ahead inc case,2021-09-11,IE,quantile,0.75,21329,2021-08-16,forecast
4 wk ahead inc case,2021-09-11,IE,quantile,0.8,22187,2021-08-16,forecast
4 wk ahead inc case,2021-09-11,IE,quantile,0.85,23231,2021-08-16,forecast
4 wk ahead inc case,2021-09-11,IE,quantile,0.9,24614,2021-08-16,forecast
4 wk ahead inc case,2021-09-11,IE,quantile,0.95,26818,2021-08-16,forecast
4 wk ahead inc case,2021-09-11,IE,quantile,0.975,28888,2021-08-16,forecast
4 wk ahead inc case,2021-09-11,IE,quantile,0.99,31497,2021-08-16,forecast
4 wk ahead inc death,2021-09-11,IE,quantile,0.01,7,2021-08-16,forecast
4 wk ahead inc death,2021-09-11,IE,quantile,0.025,8,2021-08-16,forecast
4 wk ahead inc death,2021-09-11,IE,quantile,0.05,9,2021-08-16,forecast
4 wk ahead inc death,2021-09-11,IE,quantile,0.1,11,2021-08-16,forecast
4 wk ahead inc death,2021-09-11,IE,quantile,0.15,12,2021-08-16,forecast
4 wk ahead inc death,2021-09-11,IE,quantile,0.2,13,2021-08-16,forecast
4 wk ahead inc death,2021-09-11,IE,quantile,0.25,15,2021-08-16,forecast
4 wk ahead inc death,2021-09-11,IE,quantile,0.3,16,2021-08-16,forecast
4 wk ahead inc death,2021-09-11,IE,quantile,0.35,17,2021-08-16,forecast
4 wk ahead inc death,2021-09-11,IE,quantile,0.4,18,2021-08-16,forecast
4 wk ahead inc death,2021-09-11,IE,quantile,0.45,19,2021-08-16,forecast
4 wk ahead inc death,2021-09-11,IE,quantile,0.5,20,2021-08-16,forecast
4 wk ahead inc death,2021-09-11,IE,quantile,0.55,21,2021-08-16,forecast
4 wk ahead inc death,2021-09-11,IE,quantile,0.6,23,2021-08-16,forecast
4 wk ahead inc death,2021-09-11,IE,quantile,0.65,24,2021-08-16,forecast
4 wk ahead inc death,2021-09-11,IE,quantile,0.7,26,2021-08-16,forecast
4 wk ahead inc death,2021-09-11,IE,quantile,0.75,28,2021-08-16,forecast
4 wk ahead inc death,2021-09-11,IE,quantile,0.8,30,2021-08-16,forecast
4 wk ahead inc death,2021-09-11,IE,quantile,0.85,33,2021-08-16,forecast
4 wk ahead inc death,2021-09-11,IE,quantile,0.9,38,2021-08-16,forecast
4 wk ahead inc death,2021-09-11,IE,quantile,0.95,45,2021-08-16,forecast
4 wk ahead inc death,2021-09-11,IE,quantile,0.975,52,2021-08-16,forecast
4 wk ahead inc death,2021-09-11,IE,quantile,0.99,62,2021-08-16,forecast
1 wk ahead inc case,2021-08-21,NL,quantile,0.01,12147,2021-08-16,forecast
1 wk ahead inc case,2021-08-21,NL,quantile,0.025,12703,2021-08-16,forecast
1 wk ahead inc case,2021-08-21,NL,quantile,0.05,13201,2021-08-16,forecast
1 wk ahead inc case,2021-08-21,NL,quantile,0.1,13799,2021-08-16,forecast
1 wk ahead inc case,2021-08-21,NL,quantile,0.15,14218,2021-08-16,forecast
1 wk ahead inc case,2021-08-21,NL,quantile,0.2,14560,2021-08-16,forecast
1 wk ahead inc case,2021-08-21,NL,quantile,0.25,14860,2021-08-16,forecast
1 wk ahead inc case,2021-08-21,NL,quantile,0.3,15134,2021-08-16,forecast
1 wk ahead inc case,2021-08-21,NL,quantile,0.35,15393,2021-08-16,forecast
1 wk ahead inc case,2021-08-21,NL,quantile,0.4,15643,2021-08-16,forecast
1 wk ahead inc case,2021-08-21,NL,quantile,0.45,15889,2021-08-16,forecast
1 wk ahead inc case,2021-08-21,NL,quantile,0.5,16134,2021-08-16,forecast
1 wk ahead inc case,2021-08-21,NL,quantile,0.55,16383,2021-08-16,forecast
1 wk ahead inc case,2021-08-21,NL,quantile,0.6,16640,2021-08-16,forecast
1 wk ahead inc case,2021-08-21,NL,quantile,0.65,16911,2021-08-16,forecast
1 wk ahead inc case,2021-08-21,NL,quantile,0.7,17200,2021-08-16,forecast
1 wk ahead inc case,2021-08-21,NL,quantile,0.75,17518,2021-08-16,forecast
1 wk ahead inc case,2021-08-21,NL,quantile,0.8,17879,2021-08-16,forecast
1 wk ahead inc case,2021-08-21,NL,quantile,0.85,18309,2021-08-16,forecast
1 wk ahead inc case,2021-08-21,NL,quantile,0.9,18864,2021-08-16,forecast
1 wk ahead inc case,2021-08-21,NL,quantile,0.95,19719,2021-08-16,forecast
1 wk ahead inc case,2021-08-21,NL,quantile,0.975,20492,2021-08-16,forecast
1 wk ahead inc case,2021-08-21,NL,quantile,0.99,21429,2021-08-16,forecast
1 wk ahead inc death,2021-08-21,NL,quantile,0.01,23,2021-08-16,forecast
1 wk ahead inc death,2021-08-21,NL,quantile,0.025,25,2021-08-16,forecast
1 wk ahead inc death,2021-08-21,NL,quantile,0.05,27,2021-08-16,forecast
1 wk ahead inc death,2021-08-21,NL,quantile,0.1,29,2021-08-16,forecast
1 wk ahead inc death,2021-08-21,NL,quantile,0.15,31,2021-08-16,forecast
1 wk ahead inc death,2021-08-21,NL,quantile,0.2,32,2021-08-16,forecast
1 wk ahead inc death,2021-08-21,NL,quantile,0.25,34,2021-08-16,forecast
1 wk ahead inc death,2021-08-21,NL,quantile,0.3,35,2021-08-16,forecast
1 wk ahead inc death,2021-08-21,NL,quantile,0.35,36,2021-08-16,forecast
1 wk ahead inc death,2021-08-21,NL,quantile,0.4,37,2021-08-16,forecast
1 wk ahead inc death,2021-08-21,NL,quantile,0.45,38,2021-08-16,forecast
1 wk ahead inc death,2021-08-21,NL,quantile,0.5,39,2021-08-16,forecast
1 wk ahead inc death,2021-08-21,NL,quantile,0.55,40,2021-08-16,forecast
1 wk ahead inc death,2021-08-21,NL,quantile,0.6,41,2021-08-16,forecast
1 wk ahead inc death,2021-08-21,NL,quantile,0.65,42,2021-08-16,forecast
1 wk ahead inc death,2021-08-21,NL,quantile,0.7,44,2021-08-16,forecast
1 wk ahead inc death,2021-08-21,NL,quantile,0.75,45,2021-08-16,forecast
1 wk ahead inc death,2021-08-21,NL,quantile,0.8,47,2021-08-16,forecast
1 wk ahead inc death,2021-08-21,NL,quantile,0.85,49,2021-08-16,forecast
1 wk ahead inc death,2021-08-21,NL,quantile,0.9,52,2021-08-16,forecast
1 wk ahead inc death,2021-08-21,NL,quantile,0.95,56,2021-08-16,forecast
1 wk ahead inc death,2021-08-21,NL,quantile,0.975,60,2021-08-16,forecast
1 wk ahead inc death,2021-08-21,NL,quantile,0.99,65,2021-08-16,forecast
2 wk ahead inc case,2021-08-28,NL,quantile,0.01,11250,2021-08-16,forecast
2 wk ahead inc case,2021-08-28,NL,quantile,0.025,11907,2021-08-16,forecast
2 wk ahead inc case,2021-08-28,NL,quantile,0.05,12503,2021-08-16,forecast
2 wk ahead inc case,2021-08-28,NL,quantile,0.1,13227,2021-08-16,forecast
2 wk ahead inc case,2021-08-28,NL,quantile,0.15,13740,2021-08-16,forecast
2 wk ahead inc case,2021-08-28,NL,quantile,0.2,14161,2021-08-16,forecast
2 wk ahead inc case,2021-08-28,NL,quantile,0.25,14532,2021-08-16,forecast
2 wk ahead inc case,2021-08-28,NL,quantile,0.3,14874,2021-08-16,forecast
2 wk ahead inc case,2021-08-28,NL,quantile,0.35,15199,2021-08-16,forecast
2 wk ahead inc case,2021-08-28,NL,quantile,0.4,15513,2021-08-16,forecast
2 wk ahead inc case,2021-08-28,NL,quantile,0.45,15823,2021-08-16,forecast
2 wk ahead inc case,2021-08-28,NL,quantile,0.5,16134,2021-08-16,forecast
2 wk ahead inc case,2021-08-28,NL,quantile,0.55,16451,2021-08-16,forecast
2 wk ahead inc case,2021-08-28,NL,quantile,0.6,16780,2021-08-16,forecast
2 wk ahead inc case,2021-08-28,NL,quantile,0.65,17127,2021-08-16,forecast
2 wk ahead inc case,2021-08-28,NL,quantile,0.7,17500,2021-08-16,forecast
2 wk ahead inc case,2021-08-28,NL,quantile,0.75,17912,2021-08-16,forecast
2 wk ahead inc case,2021-08-28,NL,quantile,0.8,18382,2021-08-16,forecast
2 wk ahead inc case,2021-08-28,NL,quantile,0.85,18946,2021-08-16,forecast
2 wk ahead inc case,2021-08-28,NL,quantile,0.9,19679,2021-08-16,forecast
2 wk ahead inc case,2021-08-28,NL,quantile,0.95,20819,2021-08-16,forecast
2 wk ahead inc case,2021-08-28,NL,quantile,0.975,21861,2021-08-16,forecast
2 wk ahead inc case,2021-08-28,NL,quantile,0.99,23139,2021-08-16,forecast
2 wk ahead inc death,2021-08-28,NL,quantile,0.01,22,2021-08-16,forecast
2 wk ahead inc death,2021-08-28,NL,quantile,0.025,24,2021-08-16,forecast
2 wk ahead inc death,2021-08-28,NL,quantile,0.05,26,2021-08-16,forecast
2 wk ahead inc death,2021-08-28,NL,quantile,0.1,28,2021-08-16,forecast
2 wk ahead inc death,2021-08-28,NL,quantile,0.15,30,2021-08-16,forecast
2 wk ahead inc death,2021-08-28,NL,quantile,0.2,32,2021-08-16,forecast
2 wk ahead inc death,2021-08-28,NL,quantile,0.25,33,2021-08-16,forecast
2 wk ahead inc death,2021-08-28,NL,quantile,0.3,34,2021-08-16,forecast
2 wk ahead inc death,2021-08-28,NL,quantile,0.35,35,2021-08-16,forecast
2 wk ahead inc death,2021-08-28,NL,quantile,0.4,37,2021-08-16,forecast
2 wk ahead inc death,2021-08-28,NL,quantile,0.45,38,2021-08-16,forecast
2 wk ahead inc death,2021-08-28,NL,quantile,0.5,39,2021-08-16,forecast
2 wk ahead inc death,2021-08-28,NL,quantile,0.55,40,2021-08-16,forecast
2 wk ahead inc death,2021-08-28,NL,quantile,0.6,42,2021-08-16,forecast
2 wk ahead inc death,2021-08-28,NL,quantile,0.65,43,2021-08-16,forecast
2 wk ahead inc death,2021-08-28,NL,quantile,0.7,45,2021-08-16,forecast
2 wk ahead inc death,2021-08-28,NL,quantile,0.75,46,2021-08-16,forecast
2 wk ahead inc death,2021-08-28,NL,quantile,0.8,48,2021-08-16,forecast
2 wk ahead inc death,2021-08-28,NL,quantile,0.85,51,2021-08-16,forecast
2 wk ahead inc death,2021-08-28,NL,quantile,0.9,54,2021-08-16,forecast
2 wk ahead inc death,2021-08-28,NL,quantile,0.95,59,2021-08-16,forecast
2 wk ahead inc death,2021-08-28,NL,quantile,0.975,64,2021-08-16,forecast
2 wk ahead inc death,2021-08-28,NL,quantile,0.99,70,2021-08-16,forecast
3 wk ahead inc case,2021-09-04,NL,quantile,0.01,10900,2021-08-16,forecast
3 wk ahead inc case,2021-09-04,NL,quantile,0.025,11674,2021-08-16,forecast
3 wk ahead inc case,2021-09-04,NL,quantile,0.05,12382,2021-08-16,forecast
3 wk ahead inc case,2021-09-04,NL,quantile,0.1,13252,2021-08-16,forecast
3 wk ahead inc case,2021-09-04,NL,quantile,0.15,13874,2021-08-16,forecast
3 wk ahead inc case,2021-09-04,NL,quantile,0.2,14389,2021-08-16,forecast
3 wk ahead inc case,2021-09-04,NL,quantile,0.25,14846,2021-08-16,forecast
3 wk ahead inc case,2021-09-04,NL,quantile,0.3,15268,2021-08-16,forecast
3 wk ahead inc case,2021-09-04,NL,quantile,0.35,15671,2021-08-16,forecast
3 wk ahead inc case,2021-09-04,NL,quantile,0.4,16062,2021-08-16,forecast
3 wk ahead inc case,2021-09-04,NL,quantile,0.45,16450,2021-08-16,forecast
3 wk ahead inc case,2021-09-04,NL,quantile,0.5,16841,2021-08-16,forecast
3 wk ahead inc case,2021-09-04,NL,quantile,0.55,17242,2021-08-16,forecast
3 wk ahead inc case,2021-09-04,NL,quantile,0.6,17658,2021-08-16,forecast
3 wk ahead inc case,2021-09-04,NL,quantile,0.65,18100,2021-08-16,forecast
3 wk ahead inc case,2021-09-04,NL,quantile,0.7,18577,2021-08-16,forecast
3 wk ahead inc case,2021-09-04,NL,quantile,0.75,19105,2021-08-16,forecast
3 wk ahead inc case,2021-09-04,NL,quantile,0.8,19712,2021-08-16,forecast
3 wk ahead inc case,2021-09-04,NL,quantile,0.85,20443,2021-08-16,forecast
3 wk ahead inc case,2021-09-04,NL,quantile,0.9,21402,2021-08-16,forecast
3 wk ahead inc case,2021-09-04,NL,quantile,0.95,22907,2021-08-16,forecast
3 wk ahead inc case,2021-09-04,NL,quantile,0.975,24297,2021-08-16,forecast
3 wk ahead inc case,2021-09-04,NL,quantile,0.99,26020,2021-08-16,forecast
3 wk ahead inc death,2021-09-04,NL,quantile,0.01,20,2021-08-16,forecast
3 wk ahead inc death,2021-09-04,NL,quantile,0.025,23,2021-08-16,forecast
3 wk ahead inc death,2021-09-04,NL,quantile,0.05,25,2021-08-16,forecast
3 wk ahead inc death,2021-09-04,NL,quantile,0.1,27,2021-08-16,forecast
3 wk ahead inc death,2021-09-04,NL,quantile,0.15,29,2021-08-16,forecast
3 wk ahead inc death,2021-09-04,NL,quantile,0.2,31,2021-08-16,forecast
3 wk ahead inc death,2021-09-04,NL,quantile,0.25,33,2021-08-16,forecast
3 wk ahead inc death,2021-09-04,NL,quantile,0.3,34,2021-08-16,forecast
3 wk ahead inc death,2021-09-04,NL,quantile,0.35,35,2021-08-16,forecast
3 wk ahead inc death,2021-09-04,NL,quantile,0.4,37,2021-08-16,forecast
3 wk ahead inc death,2021-09-04,NL,quantile,0.45,38,2021-08-16,forecast
3 wk ahead inc death,2021-09-04,NL,quantile,0.5,39,2021-08-16,forecast
3 wk ahead inc death,2021-09-04,NL,quantile,0.55,41,2021-08-16,forecast
3 wk ahead inc death,2021-09-04,NL,quantile,0.6,42,2021-08-16,forecast
3 wk ahead inc death,2021-09-04,NL,quantile,0.65,44,2021-08-16,forecast
3 wk ahead inc death,2021-09-04,NL,quantile,0.7,46,2021-08-16,forecast
3 wk ahead inc death,2021-09-04,NL,quantile,0.75,48,2021-08-16,forecast
3 wk ahead inc death,2021-09-04,NL,quantile,0.8,50,2021-08-16,forecast
3 wk ahead inc death,2021-09-04,NL,quantile,0.85,53,2021-08-16,forecast
3 wk ahead inc death,2021-09-04,NL,quantile,0.9,57,2021-08-16,forecast
3 wk ahead inc death,2021-09-04,NL,quantile,0.95,63,2021-08-16,forecast
3 wk ahead inc death,2021-09-04,NL,quantile,0.975,69,2021-08-16,forecast
3 wk ahead inc death,2021-09-04,NL,quantile,0.99,77,2021-08-16,forecast
4 wk ahead inc case,2021-09-11,NL,quantile,0.01,11239,2021-08-16,forecast
4 wk ahead inc case,2021-09-11,NL,quantile,0.025,12182,2021-08-16,forecast
4 wk ahead inc case,2021-09-11,NL,quantile,0.05,13056,2021-08-16,forecast
4 wk ahead inc case,2021-09-11,NL,quantile,0.1,14143,2021-08-16,forecast
4 wk ahead inc case,2021-09-11,NL,quantile,0.15,14926,2021-08-16,forecast
4 wk ahead inc case,2021-09-11,NL,quantile,0.2,15580,2021-08-16,forecast
4 wk ahead inc case,2021-09-11,NL,quantile,0.25,16164,2021-08-16,forecast
4 wk ahead inc case,2021-09-11,NL,quantile,0.3,16706,2021-08-16,forecast
4 wk ahead inc case,2021-09-11,NL,quantile,0.35,17225,2021-08-16,forecast
4 wk ahead inc case,2021-09-11,NL,quantile,0.4,17733,2021-08-16,forecast
4 wk ahead inc case,2021-09-11,NL,quantile,0.45,18238,2021-08-16,forecast
4 wk ahead inc case,2021-09-11,NL,quantile,0.5,18749,2021-08-16,forecast
4 wk ahead inc case,2021-09-11,NL,quantile,0.55,19275,2021-08-16,forecast
4 wk ahead inc case,2021-09-11,NL,quantile,0.6,19824,2021-08-16,forecast
4 wk ahead inc case,2021-09-11,NL,quantile,0.65,20408,2021-08-16,forecast
4 wk ahead inc case,2021-09-11,NL,quantile,0.7,21042,2021-08-16,forecast
4 wk ahead inc case,2021-09-11,NL,quantile,0.75,21748,2021-08-16,forecast
4 wk ahead inc case,2021-09-11,NL,quantile,0.8,22563,2021-08-16,forecast
4 wk ahead inc case,2021-09-11,NL,quantile,0.85,23551,2021-08-16,forecast
4 wk ahead inc case,2021-09-11,NL,quantile,0.9,24856,2021-08-16,forecast
4 wk ahead inc case,2021-09-11,NL,quantile,0.95,26924,2021-08-16,forecast
4 wk ahead inc case,2021-09-11,NL,quantile,0.975,28857,2021-08-16,forecast
4 wk ahead inc case,2021-09-11,NL,quantile,0.99,31279,2021-08-16,forecast
4 wk ahead inc death,2021-09-11,NL,quantile,0.01,19,2021-08-16,forecast
4 wk ahead inc death,2021-09-11,NL,quantile,0.025,22,2021-08-16,forecast
4 wk ahead inc death,2021-09-11,NL,quantile,0.05,24,2021-08-16,forecast
4 wk ahead inc death,2021-09-11,NL,quantile,0.1,27,2021-08-16,forecast
4 wk ahead inc death,2021-09-11,NL,quantile,0.15,29,2021-08-16,forecast
4 wk ahead inc death,2021-09-11,NL,quantile,0.2,31,2021-08-16,forecast
4 wk ahead inc death,2021-09-11,NL,quantile,0.25,33,2021-08-16,forecast
4 wk ahead inc death,2021-09-11,NL,quantile,0.3,34,2021-08-16,forecast
4 wk ahead inc death,2021-09-11,NL,quantile,0.35,36,2021-08-16,forecast
4 wk ahead inc death,2021-09-11,NL,quantile,0.4,37,2021-08-16,forecast
4 wk ahead inc death,2021-09-11,NL,quantile,0.45,39,2021-08-16,forecast
4 wk ahead inc death,2021-09-11,NL,quantile,0.5,41,2021-08-16,forecast
4 wk ahead inc death,2021-09-11,NL,quantile,0.55,42,2021-08-16,forecast
4 wk ahead inc death,2021-09-11,NL,quantile,0.6,44,2021-08-16,forecast
4 wk ahead inc death,2021-09-11,NL,quantile,0.65,46,2021-08-16,forecast
4 wk ahead inc death,2021-09-11,NL,quantile,0.7,48,2021-08-16,forecast
4 wk ahead inc death,2021-09-11,NL,quantile,0.75,50,2021-08-16,forecast
4 wk ahead inc death,2021-09-11,NL,quantile,0.8,53,2021-08-16,forecast
4 wk ahead inc death,2021-09-11,NL,quantile,0.85,56,2021-08-16,forecast
4 wk ahead inc death,2021-09-11,NL,quantile,0.9,61,2021-08-16,forecast
4 wk ahead inc death,2021-09-11,NL,quantile,0.95,68,2021-08-16,forecast
4 wk ahead inc death,2021-09-11,NL,quantile,0.975,76,2021-08-16,forecast
4 wk ahead inc death,2021-09-11,NL,quantile,0.99,85,2021-08-16,forecast
1 wk ahead inc case,2021-08-21,PL,quantile,0.01,1168,2021-08-16,forecast
1 wk ahead inc case,2021-08-21,PL,quantile,0.025,1189,2021-08-16,forecast
1 wk ahead inc case,2021-08-21,PL,quantile,0.05,1208,2021-08-16,forecast
1 wk ahead inc case,2021-08-21,PL,quantile,0.1,1230,2021-08-16,forecast
1 wk ahead inc case,2021-08-21,PL,quantile,0.15,1245,2021-08-16,forecast
1 wk ahead inc case,2021-08-21,PL,quantile,0.2,1258,2021-08-16,forecast
1 wk ahead inc case,2021-08-21,PL,quantile,0.25,1268,2021-08-16,forecast
1 wk ahead inc case,2021-08-21,PL,quantile,0.3,1278,2021-08-16,forecast
1 wk ahead inc case,2021-08-21,PL,quantile,0.35,1287,2021-08-16,forecast
1 wk ahead inc case,2021-08-21,PL,quantile,0.4,1295,2021-08-16,forecast
1 wk ahead inc case,2021-08-21,PL,quantile,0.45,1303,2021-08-16,forecast
1 wk ahead inc case,2021-08-21,PL,quantile,0.5,1312,2021-08-16,forecast
1 wk ahead inc case,2021-08-21,PL,quantile,0.55,1320,2021-08-16,forecast
1 wk ahead inc case,2021-08-21,PL,quantile,0.6,1328,2021-08-16,forecast
1 wk ahead inc case,2021-08-21,PL,quantile,0.65,1337,2021-08-16,forecast
1 wk ahead inc case,2021-08-21,PL,quantile,0.7,1346,2021-08-16,forecast
1 wk ahead inc case,2021-08-21,PL,quantile,0.75,1357,2021-08-16,forecast
1 wk ahead inc case,2021-08-21,PL,quantile,0.8,1368,2021-08-16,forecast
1 wk ahead inc case,2021-08-21,PL,quantile,0.85,1381,2021-08-16,forecast
1 wk ahead inc case,2021-08-21,PL,quantile,0.9,1398,2021-08-16,forecast
1 wk ahead inc case,2021-08-21,PL,quantile,0.95,1424,2021-08-16,forecast
1 wk ahead inc case,2021-08-21,PL,quantile,0.975,1447,2021-08-16,forecast
1 wk ahead inc case,2021-08-21,PL,quantile,0.99,1473,2021-08-16,forecast
1 wk ahead inc death,2021-08-21,PL,quantile,0.01,9,2021-08-16,forecast
1 wk ahead inc death,2021-08-21,PL,quantile,0.025,9,2021-08-16,forecast
1 wk ahead inc death,2021-08-21,PL,quantile,0.05,10,2021-08-16,forecast
1 wk ahead inc death,2021-08-21,PL,quantile,0.1,11,2021-08-16,forecast
1 wk ahead inc death,2021-08-21,PL,quantile,0.15,11,2021-08-16,forecast
1 wk ahead inc death,2021-08-21,PL,quantile,0.2,12,2021-08-16,forecast
1 wk ahead inc death,2021-08-21,PL,quantile,0.25,12,2021-08-16,forecast
1 wk ahead inc death,2021-08-21,PL,quantile,0.3,13,2021-08-16,forecast
1 wk ahead inc death,2021-08-21,PL,quantile,0.35,13,2021-08-16,forecast
1 wk ahead inc death,2021-08-21,PL,quantile,0.4,13,2021-08-16,forecast
1 wk ahead inc death,2021-08-21,PL,quantile,0.45,14,2021-08-16,forecast
1 wk ahead inc death,2021-08-21,PL,quantile,0.5,14,2021-08-16,forecast
1 wk ahead inc death,2021-08-21,PL,quantile,0.55,14,2021-08-16,forecast
1 wk ahead inc death,2021-08-21,PL,quantile,0.6,15,2021-08-16,forecast
1 wk ahead inc death,2021-08-21,PL,quantile,0.65,15,2021-08-16,forecast
1 wk ahead inc death,2021-08-21,PL,quantile,0.7,16,2021-08-16,forecast
1 wk ahead inc death,2021-08-21,PL,quantile,0.75,16,2021-08-16,forecast
1 wk ahead inc death,2021-08-21,PL,quantile,0.8,17,2021-08-16,forecast
1 wk ahead inc death,2021-08-21,PL,quantile,0.85,17,2021-08-16,forecast
1 wk ahead inc death,2021-08-21,PL,quantile,0.9,18,2021-08-16,forecast
1 wk ahead inc death,2021-08-21,PL,quantile,0.95,19,2021-08-16,forecast
1 wk ahead inc death,2021-08-21,PL,quantile,0.975,21,2021-08-16,forecast
1 wk ahead inc death,2021-08-21,PL,quantile,0.99,22,2021-08-16,forecast
2 wk ahead inc case,2021-08-28,PL,quantile,0.01,1043,2021-08-16,forecast
2 wk ahead inc case,2021-08-28,PL,quantile,0.025,1095,2021-08-16,forecast
2 wk ahead inc case,2021-08-28,PL,quantile,0.05,1142,2021-08-16,forecast
2 wk ahead inc case,2021-08-28,PL,quantile,0.1,1198,2021-08-16,forecast
2 wk ahead inc case,2021-08-28,PL,quantile,0.15,1238,2021-08-16,forecast
2 wk ahead inc case,2021-08-28,PL,quantile,0.2,1270,2021-08-16,forecast
2 wk ahead inc case,2021-08-28,PL,quantile,0.25,1299,2021-08-16,forecast
2 wk ahead inc case,2021-08-28,PL,quantile,0.3,1325,2021-08-16,forecast
2 wk ahead inc case,2021-08-28,PL,quantile,0.35,1350,2021-08-16,forecast
2 wk ahead inc case,2021-08-28,PL,quantile,0.4,1374,2021-08-16,forecast
2 wk ahead inc case,2021-08-28,PL,quantile,0.45,1397,2021-08-16,forecast
2 wk ahead inc case,2021-08-28,PL,quantile,0.5,1421,2021-08-16,forecast
2 wk ahead inc case,2021-08-28,PL,quantile,0.55,1445,2021-08-16,forecast
2 wk ahead inc case,2021-08-28,PL,quantile,0.6,1470,2021-08-16,forecast
2 wk ahead inc case,2021-08-28,PL,quantile,0.65,1496,2021-08-16,forecast
2 wk ahead inc case,2021-08-28,PL,quantile,0.7,1523,2021-08-16,forecast
2 wk ahead inc case,2021-08-28,PL,quantile,0.75,1554,2021-08-16,forecast
2 wk ahead inc case,2021-08-28,PL,quantile,0.8,1589,2021-08-16,forecast
2 wk ahead inc case,2021-08-28,PL,quantile,0.85,1631,2021-08-16,forecast
2 wk ahead inc case,2021-08-28,PL,quantile,0.9,1685,2021-08-16,forecast
2 wk ahead inc case,2021-08-28,PL,quantile,0.95,1768,2021-08-16,forecast
2 wk ahead inc case,2021-08-28,PL,quantile,0.975,1844,2021-08-16,forecast
2 wk ahead inc case,2021-08-28,PL,quantile,0.99,1936,2021-08-16,forecast
2 wk ahead inc death,2021-08-28,PL,quantile,0.01,10,2021-08-16,forecast
2 wk ahead inc death,2021-08-28,PL,quantile,0.025,11,2021-08-16,forecast
2 wk ahead inc death,2021-08-28,PL,quantile,0.05,12,2021-08-16,forecast
2 wk ahead inc death,2021-08-28,PL,quantile,0.1,14,2021-08-16,forecast
2 wk ahead inc death,2021-08-28,PL,quantile,0.15,14,2021-08-16,forecast
2 wk ahead inc death,2021-08-28,PL,quantile,0.2,15,2021-08-16,forecast
2 wk ahead inc death,2021-08-28,PL,quantile,0.25,16,2021-08-16,forecast
2 wk ahead inc death,2021-08-28,PL,quantile,0.3,17,2021-08-16,forecast
2 wk ahead inc death,2021-08-28,PL,quantile,0.35,17,2021-08-16,forecast
2 wk ahead inc death,2021-08-28,PL,quantile,0.4,18,2021-08-16,forecast
2 wk ahead inc death,2021-08-28,PL,quantile,0.45,18,2021-08-16,forecast
2 wk ahead inc death,2021-08-28,PL,quantile,0.5,19,2021-08-16,forecast
2 wk ahead inc death,2021-08-28,PL,quantile,0.55,20,2021-08-16,forecast
2 wk ahead inc death,2021-08-28,PL,quantile,0.6,20,2021-08-16,forecast
2 wk ahead inc death,2021-08-28,PL,quantile,0.65,21,2021-08-16,forecast
2 wk ahead inc death,2021-08-28,PL,quantile,0.7,22,2021-08-16,forecast
2 wk ahead inc death,2021-08-28,PL,quantile,0.75,23,2021-08-16,forecast
2 wk ahead inc death,2021-08-28,PL,quantile,0.8,24,2021-08-16,forecast
2 wk ahead inc death,2021-08-28,PL,quantile,0.85,25,2021-08-16,forecast
2 wk ahead inc death,2021-08-28,PL,quantile,0.9,27,2021-08-16,forecast
2 wk ahead inc death,2021-08-28,PL,quantile,0.95,30,2021-08-16,forecast
2 wk ahead inc death,2021-08-28,PL,quantile,0.975,32,2021-08-16,forecast
2 wk ahead inc death,2021-08-28,PL,quantile,0.99,35,2021-08-16,forecast
3 wk ahead inc case,2021-09-04,PL,quantile,0.01,923,2021-08-16,forecast
3 wk ahead inc case,2021-09-04,PL,quantile,0.025,999,2021-08-16,forecast
3 wk ahead inc case,2021-09-04,PL,quantile,0.05,1070,2021-08-16,forecast
3 wk ahead inc case,2021-09-04,PL,quantile,0.1,1158,2021-08-16,forecast
3 wk ahead inc case,2021-09-04,PL,quantile,0.15,1221,2021-08-16,forecast
3 wk ahead inc case,2021-09-04,PL,quantile,0.2,1274,2021-08-16,forecast
3 wk ahead inc case,2021-09-04,PL,quantile,0.25,1321,2021-08-16,forecast
3 wk ahead inc case,2021-09-04,PL,quantile,0.3,1365,2021-08-16,forecast
3 wk ahead inc case,2021-09-04,PL,quantile,0.35,1406,2021-08-16,forecast
3 wk ahead inc case,2021-09-04,PL,quantile,0.4,1447,2021-08-16,forecast
3 wk ahead inc case,2021-09-04,PL,quantile,0.45,1488,2021-08-16,forecast
3 wk ahead inc case,2021-09-04,PL,quantile,0.5,1529,2021-08-16,forecast
3 wk ahead inc case,2021-09-04,PL,quantile,0.55,1571,2021-08-16,forecast
3 wk ahead inc case,2021-09-04,PL,quantile,0.6,1616,2021-08-16,forecast
3 wk ahead inc case,2021-09-04,PL,quantile,0.65,1663,2021-08-16,forecast
3 wk ahead inc case,2021-09-04,PL,quantile,0.7,1713,2021-08-16,forecast
3 wk ahead inc case,2021-09-04,PL,quantile,0.75,1770,2021-08-16,forecast
3 wk ahead inc case,2021-09-04,PL,quantile,0.8,1836,2021-08-16,forecast
3 wk ahead inc case,2021-09-04,PL,quantile,0.85,1915,2021-08-16,forecast
3 wk ahead inc case,2021-09-04,PL,quantile,0.9,2019,2021-08-16,forecast
3 wk ahead inc case,2021-09-04,PL,quantile,0.95,2185,2021-08-16,forecast
3 wk ahead inc case,2021-09-04,PL,quantile,0.975,2340,2021-08-16,forecast
3 wk ahead inc case,2021-09-04,PL,quantile,0.99,2533,2021-08-16,forecast
3 wk ahead inc death,2021-09-04,PL,quantile,0.01,12,2021-08-16,forecast
3 wk ahead inc death,2021-09-04,PL,quantile,0.025,14,2021-08-16,forecast
3 wk ahead inc death,2021-09-04,PL,quantile,0.05,15,2021-08-16,forecast
3 wk ahead inc death,2021-09-04,PL,quantile,0.1,17,2021-08-16,forecast
3 wk ahead inc death,2021-09-04,PL,quantile,0.15,19,2021-08-16,forecast
3 wk ahead inc death,2021-09-04,PL,quantile,0.2,20,2021-08-16,forecast
3 wk ahead inc death,2021-09-04,PL,quantile,0.25,21,2021-08-16,forecast
3 wk ahead inc death,2021-09-04,PL,quantile,0.3,22,2021-08-16,forecast
3 wk ahead inc death,2021-09-04,PL,quantile,0.35,23,2021-08-16,forecast
3 wk ahead inc death,2021-09-04,PL,quantile,0.4,24,2021-08-16,forecast
3 wk ahead inc death,2021-09-04,PL,quantile,0.45,25,2021-08-16,forecast
3 wk ahead inc death,2021-09-04,PL,quantile,0.5,26,2021-08-16,forecast
3 wk ahead inc death,2021-09-04,PL,quantile,0.55,27,2021-08-16,forecast
3 wk ahead inc death,2021-09-04,PL,quantile,0.6,28,2021-08-16,forecast
3 wk ahead inc death,2021-09-04,PL,quantile,0.65,30,2021-08-16,forecast
3 wk ahead inc death,2021-09-04,PL,quantile,0.7,31,2021-08-16,forecast
3 wk ahead inc death,2021-09-04,PL,quantile,0.75,33,2021-08-16,forecast
3 wk ahead inc death,2021-09-04,PL,quantile,0.8,35,2021-08-16,forecast
3 wk ahead inc death,2021-09-04,PL,quantile,0.85,37,2021-08-16,forecast
3 wk ahead inc death,2021-09-04,PL,quantile,0.9,40,2021-08-16,forecast
3 wk ahead inc death,2021-09-04,PL,quantile,0.95,45,2021-08-16,forecast
3 wk ahead inc death,2021-09-04,PL,quantile,0.975,50,2021-08-16,forecast
3 wk ahead inc death,2021-09-04,PL,quantile,0.99,57,2021-08-16,forecast
4 wk ahead inc case,2021-09-11,PL,quantile,0.01,793,2021-08-16,forecast
4 wk ahead inc case,2021-09-11,PL,quantile,0.025,885,2021-08-16,forecast
4 wk ahead inc case,2021-09-11,PL,quantile,0.05,972,2021-08-16,forecast
4 wk ahead inc case,2021-09-11,PL,quantile,0.1,1084,2021-08-16,forecast
4 wk ahead inc case,2021-09-11,PL,quantile,0.15,1167,2021-08-16,forecast
4 wk ahead inc case,2021-09-11,PL,quantile,0.2,1237,2021-08-16,forecast
4 wk ahead inc case,2021-09-11,PL,quantile,0.25,1301,2021-08-16,forecast
4 wk ahead inc case,2021-09-11,PL,quantile,0.3,1361,2021-08-16,forecast
4 wk ahead inc case,2021-09-11,PL,quantile,0.35,1419,2021-08-16,forecast
4 wk ahead inc case,2021-09-11,PL,quantile,0.4,1476,2021-08-16,forecast
4 wk ahead inc case,2021-09-11,PL,quantile,0.45,1534,2021-08-16,forecast
4 wk ahead inc case,2021-09-11,PL,quantile,0.5,1593,2021-08-16,forecast
4 wk ahead inc case,2021-09-11,PL,quantile,0.55,1654,2021-08-16,forecast
4 wk ahead inc case,2021-09-11,PL,quantile,0.6,1719,2021-08-16,forecast
4 wk ahead inc case,2021-09-11,PL,quantile,0.65,1788,2021-08-16,forecast
4 wk ahead inc case,2021-09-11,PL,quantile,0.7,1864,2021-08-16,forecast
4 wk ahead inc case,2021-09-11,PL,quantile,0.75,1950,2021-08-16,forecast
4 wk ahead inc case,2021-09-11,PL,quantile,0.8,2050,2021-08-16,forecast
4 wk ahead inc case,2021-09-11,PL,quantile,0.85,2174,2021-08-16,forecast
4 wk ahead inc case,2021-09-11,PL,quantile,0.9,2340,2021-08-16,forecast
4 wk ahead inc case,2021-09-11,PL,quantile,0.95,2609,2021-08-16,forecast
4 wk ahead inc case,2021-09-11,PL,quantile,0.975,2868,2021-08-16,forecast
4 wk ahead inc case,2021-09-11,PL,quantile,0.99,3201,2021-08-16,forecast
4 wk ahead inc death,2021-09-11,PL,quantile,0.01,14,2021-08-16,forecast
4 wk ahead inc death,2021-09-11,PL,quantile,0.025,16,2021-08-16,forecast
4 wk ahead inc death,2021-09-11,PL,quantile,0.05,18,2021-08-16,forecast
4 wk ahead inc death,2021-09-11,PL,quantile,0.1,21,2021-08-16,forecast
4 wk ahead inc death,2021-09-11,PL,quantile,0.15,23,2021-08-16,forecast
4 wk ahead inc death,2021-09-11,PL,quantile,0.2,25,2021-08-16,forecast
4 wk ahead inc death,2021-09-11,PL,quantile,0.25,26,2021-08-16,forecast
4 wk ahead inc death,2021-09-11,PL,quantile,0.3,28,2021-08-16,forecast
4 wk ahead inc death,2021-09-11,PL,quantile,0.35,29,2021-08-16,forecast
4 wk ahead inc death,2021-09-11,PL,quantile,0.4,31,2021-08-16,forecast
4 wk ahead inc death,2021-09-11,PL,quantile,0.45,33,2021-08-16,forecast
4 wk ahead inc death,2021-09-11,PL,quantile,0.5,34,2021-08-16,forecast
4 wk ahead inc death,2021-09-11,PL,quantile,0.55,36,2021-08-16,forecast
4 wk ahead inc death,2021-09-11,PL,quantile,0.6,38,2021-08-16,forecast
4 wk ahead inc death,2021-09-11,PL,quantile,0.65,40,2021-08-16,forecast
4 wk ahead inc death,2021-09-11,PL,quantile,0.7,42,2021-08-16,forecast
4 wk ahead inc death,2021-09-11,PL,quantile,0.75,45,2021-08-16,forecast
4 wk ahead inc death,2021-09-11,PL,quantile,0.8,48,2021-08-16,forecast
4 wk ahead inc death,2021-09-11,PL,quantile,0.85,52,2021-08-16,forecast
4 wk ahead inc death,2021-09-11,PL,quantile,0.9,57,2021-08-16,forecast
4 wk ahead inc death,2021-09-11,PL,quantile,0.95,66,2021-08-16,forecast
4 wk ahead inc death,2021-09-11,PL,quantile,0.975,75,2021-08-16,forecast
4 wk ahead inc death,2021-09-11,PL,quantile,0.99,87,2021-08-16,forecast
1 wk ahead inc case,2021-08-21,DE,point,,36130,2021-08-16,forecast
1 wk ahead inc death,2021-08-21,DE,point,,80,2021-08-16,forecast
2 wk ahead inc case,2021-08-28,DE,point,,43879,2021-08-16,forecast
2 wk ahead inc death,2021-08-28,DE,point,,80,2021-08-16,forecast
3 wk ahead inc case,2021-09-04,DE,point,,44561,2021-08-16,forecast
3 wk ahead inc death,2021-09-04,DE,point,,85,2021-08-16,forecast
4 wk ahead inc case,2021-09-11,DE,point,,45469,2021-08-16,forecast
4 wk ahead inc death,2021-09-11,DE,point,,91,2021-08-16,forecast
1 wk ahead inc case,2021-08-21,GB,point,,203880,2021-08-16,forecast
1 wk ahead inc death,2021-08-21,GB,point,,585,2021-08-16,forecast
2 wk ahead inc case,2021-08-28,GB,point,,206674,2021-08-16,forecast
2 wk ahead inc death,2021-08-28,GB,point,,575,2021-08-16,forecast
3 wk ahead inc case,2021-09-04,GB,point,,211125,2021-08-16,forecast
3 wk ahead inc death,2021-09-04,GB,point,,574,2021-08-16,forecast
4 wk ahead inc case,2021-09-11,GB,point,,222433,2021-08-16,forecast
4 wk ahead inc death,2021-09-11,GB,point,,563,2021-08-16,forecast
1 wk ahead inc case,2021-08-21,IE,point,,13332,2021-08-16,forecast
1 wk ahead inc death,2021-08-21,IE,point,,16,2021-08-16,forecast
2 wk ahead inc case,2021-08-28,IE,point,,13851,2021-08-16,forecast
2 wk ahead inc death,2021-08-28,IE,point,,16,2021-08-16,forecast
3 wk ahead inc case,2021-09-04,IE,point,,14433,2021-08-16,forecast
3 wk ahead inc death,2021-09-04,IE,point,,17,2021-08-16,forecast
4 wk ahead inc case,2021-09-11,IE,point,,18190,2021-08-16,forecast
4 wk ahead inc death,2021-09-11,IE,point,,20,2021-08-16,forecast
1 wk ahead inc case,2021-08-21,NL,point,,16134,2021-08-16,forecast
1 wk ahead inc death,2021-08-21,NL,point,,39,2021-08-16,forecast
2 wk ahead inc case,2021-08-28,NL,point,,16134,2021-08-16,forecast
2 wk ahead inc death,2021-08-28,NL,point,,39,2021-08-16,forecast
3 wk ahead inc case,2021-09-04,NL,point,,16841,2021-08-16,forecast
3 wk ahead inc death,2021-09-04,NL,point,,39,2021-08-16,forecast
4 wk ahead inc case,2021-09-11,NL,point,,18749,2021-08-16,forecast
4 wk ahead inc death,2021-09-11,NL,point,,41,2021-08-16,forecast
1 wk ahead inc case,2021-08-21,PL,point,,1312,2021-08-16,forecast
1 wk ahead inc death,2021-08-21,PL,point,,14,2021-08-16,forecast
2 wk ahead inc case,2021-08-28,PL,point,,1421,2021-08-16,forecast
2 wk ahead inc death,2021-08-28,PL,point,,19,2021-08-16,forecast
3 wk ahead inc case,2021-09-04,PL,point,,1529,2021-08-16,forecast
3 wk ahead inc death,2021-09-04,PL,point,,26,2021-08-16,forecast
4 wk ahead inc case,2021-09-11,PL,point,,1593,2021-08-16,forecast
4 wk ahead inc death,2021-09-11,PL,point,,34,2021-08-16,forecast
