date,location,location_name,inc_case,inc_death,inc_hosp
2020-01-04,ES,Spain,NA,NA,97
2020-01-04,NL,Netherlands,NA,NA,0
2020-01-11,ES,Spain,NA,NA,50
2020-01-18,EE,Estonia,NA,NA,1
2020-01-18,ES,Spain,NA,NA,54
2020-01-25,AT,Austria,0,0,NA
2020-01-25,BE,Belgium,0,0,NA
2020-01-25,BG,Bulgaria,0,0,NA
2020-01-25,CH,Switzerland,0,0,NA
2020-01-25,CY,Cyprus,0,0,NA
2020-01-25,CZ,Czechia,0,0,NA
2020-01-25,DE,Germany,0,0,NA
2020-01-25,DK,Denmark,0,0,NA
2020-01-25,EE,Estonia,0,0,NA
2020-01-25,ES,Spain,NA,NA,62
2020-01-25,FI,Finland,0,0,NA
2020-01-25,FR,France,3,0,NA
2020-01-25,GB,United Kingdom,0,0,NA
2020-01-25,GR,Greece,0,0,NA
2020-01-25,HR,Croatia,0,0,NA
2020-01-25,HU,Hungary,0,0,NA
2020-01-25,IE,Ireland,0,0,NA
2020-01-25,IS,Iceland,0,0,NA
2020-01-25,IT,Italy,0,0,NA
2020-01-25,LI,Liechtenstein,0,0,NA
2020-01-25,LT,Lithuania,0,0,NA
2020-01-25,LU,Luxembourg,0,0,NA
2020-01-25,LV,Latvia,0,0,NA
2020-01-25,MT,Malta,0,0,NA
2020-01-25,NL,Netherlands,NA,NA,NA
2020-01-25,NO,Norway,0,0,NA
2020-01-25,PL,Poland,0,0,NA
2020-01-25,PT,Portugal,0,0,NA
2020-01-25,RO,Romania,0,0,NA
2020-01-25,SE,Sweden,0,0,NA
2020-01-25,SI,Slovenia,0,0,NA
2020-01-25,SK,Slovakia,0,0,NA
2020-02-01,AT,Austria,0,0,NA
2020-02-01,BE,Belgium,0,0,NA
2020-02-01,BG,Bulgaria,0,0,NA
2020-02-01,CH,Switzerland,0,0,NA
2020-02-01,CY,Cyprus,0,0,NA
2020-02-01,CZ,Czechia,0,0,NA
2020-02-01,DE,Germany,8,0,NA
2020-02-01,DK,Denmark,0,0,NA
2020-02-01,EE,Estonia,0,0,NA
2020-02-01,ES,Spain,1,0,70
2020-02-01,FI,Finland,1,0,NA
2020-02-01,FR,France,3,0,NA
2020-02-01,GB,United Kingdom,2,0,NA
2020-02-01,GR,Greece,0,0,NA
2020-02-01,HR,Croatia,0,0,NA
2020-02-01,HU,Hungary,0,0,NA
2020-02-01,IE,Ireland,0,0,NA
2020-02-01,IS,Iceland,0,0,NA
2020-02-01,IT,Italy,2,0,NA
2020-02-01,LI,Liechtenstein,0,0,NA
2020-02-01,LT,Lithuania,0,0,NA
2020-02-01,LU,Luxembourg,0,0,NA
2020-02-01,LV,Latvia,0,0,NA
2020-02-01,MT,Malta,0,0,NA
2020-02-01,NL,Netherlands,0,0,NA
2020-02-01,NO,Norway,0,0,NA
2020-02-01,PL,Poland,0,0,NA
2020-02-01,PT,Portugal,0,0,NA
2020-02-01,RO,Romania,0,0,NA
2020-02-01,SE,Sweden,1,0,NA
2020-02-01,SI,Slovenia,0,0,NA
2020-02-01,SK,Slovakia,0,0,NA
2020-02-08,AT,Austria,0,0,NA
2020-02-08,BE,Belgium,1,0,NA
2020-02-08,BG,Bulgaria,0,0,NA
2020-02-08,CH,Switzerland,0,0,NA
2020-02-08,CY,Cyprus,0,0,NA
2020-02-08,CZ,Czechia,0,0,NA
2020-02-08,DE,Germany,5,0,NA
2020-02-08,DK,Denmark,0,0,NA
2020-02-08,EE,Estonia,0,0,NA
2020-02-08,ES,Spain,0,0,97
2020-02-08,FI,Finland,0,0,NA
2020-02-08,FR,France,5,0,NA
2020-02-08,GB,United Kingdom,11,0,NA
2020-02-08,GR,Greece,0,0,NA
2020-02-08,HR,Croatia,0,0,NA
2020-02-08,HU,Hungary,0,0,NA
2020-02-08,IE,Ireland,0,0,NA
2020-02-08,IS,Iceland,0,0,NA
2020-02-08,IT,Italy,1,0,NA
2020-02-08,LI,Liechtenstein,0,0,NA
2020-02-08,LT,Lithuania,0,0,NA
2020-02-08,LU,Luxembourg,0,0,NA
2020-02-08,LV,Latvia,0,0,NA
2020-02-08,MT,Malta,0,0,NA
2020-02-08,NL,Netherlands,0,0,NA
2020-02-08,NO,Norway,0,0,NA
2020-02-08,PL,Poland,0,0,NA
2020-02-08,PT,Portugal,0,0,NA
2020-02-08,RO,Romania,0,0,NA
2020-02-08,SE,Sweden,0,0,NA
2020-02-08,SI,Slovenia,0,0,NA
2020-02-08,SK,Slovakia,0,0,NA
2020-02-15,AT,Austria,0,0,NA
2020-02-15,BE,Belgium,0,0,NA
2020-02-15,BG,Bulgaria,0,0,NA
2020-02-15,CH,Switzerland,0,0,NA
2020-02-15,CY,Cyprus,0,0,NA
2020-02-15,CZ,Czechia,0,0,NA
2020-02-15,DE,Germany,3,0,NA
2020-02-15,DK,Denmark,0,0,NA
2020-02-15,EE,Estonia,0,0,NA
2020-02-15,ES,Spain,1,0,110
2020-02-15,FI,Finland,0,0,NA
2020-02-15,FR,France,1,1,NA
2020-02-15,GB,United Kingdom,5,0,NA
2020-02-15,GR,Greece,0,0,NA
2020-02-15,HR,Croatia,0,0,NA
2020-02-15,HU,Hungary,0,0,NA
2020-02-15,IE,Ireland,0,0,NA
2020-02-15,IS,Iceland,0,0,NA
2020-02-15,IT,Italy,0,0,NA
2020-02-15,LI,Liechtenstein,0,0,NA
2020-02-15,LT,Lithuania,0,0,NA
2020-02-15,LU,Luxembourg,0,0,NA
2020-02-15,LV,Latvia,0,0,NA
2020-02-15,MT,Malta,0,0,NA
2020-02-15,NL,Netherlands,0,0,NA
2020-02-15,NO,Norway,0,0,NA
2020-02-15,PL,Poland,0,0,NA
2020-02-15,PT,Portugal,0,0,NA
2020-02-15,RO,Romania,0,0,NA
2020-02-15,SE,Sweden,0,0,NA
2020-02-15,SI,Slovenia,0,0,NA
2020-02-15,SK,Slovakia,0,0,NA
2020-02-22,AT,Austria,0,0,NA
2020-02-22,BE,Belgium,0,0,NA
2020-02-22,BG,Bulgaria,0,0,NA
2020-02-22,CH,Switzerland,0,0,NA
2020-02-22,CY,Cyprus,0,0,NA
2020-02-22,CZ,Czechia,0,0,NA
2020-02-22,DE,Germany,0,0,NA
2020-02-22,DK,Denmark,0,0,NA
2020-02-22,EE,Estonia,0,0,NA
2020-02-22,ES,Spain,0,0,214
2020-02-22,FI,Finland,0,0,NA
2020-02-22,FR,France,0,0,NA
2020-02-22,GB,United Kingdom,5,0,NA
2020-02-22,GR,Greece,0,0,NA
2020-02-22,HR,Croatia,0,0,NA
2020-02-22,HU,Hungary,0,0,NA
2020-02-22,IE,Ireland,0,0,NA
2020-02-22,IS,Iceland,0,0,NA
2020-02-22,IT,Italy,59,2,NA
2020-02-22,LI,Liechtenstein,0,0,NA
2020-02-22,LT,Lithuania,0,0,NA
2020-02-22,LU,Luxembourg,0,0,NA
2020-02-22,LV,Latvia,0,0,NA
2020-02-22,MT,Malta,0,0,NA
2020-02-22,NL,Netherlands,0,0,18
2020-02-22,NO,Norway,0,0,NA
2020-02-22,PL,Poland,0,0,NA
2020-02-22,PT,Portugal,0,0,NA
2020-02-22,RO,Romania,0,0,NA
2020-02-22,SE,Sweden,0,0,NA
2020-02-22,SI,Slovenia,0,0,NA
2020-02-22,SK,Slovakia,0,0,NA
2020-02-29,AT,Austria,9,0,NA
2020-02-29,BE,Belgium,0,0,NA
2020-02-29,BG,Bulgaria,0,0,NA
2020-02-29,CH,Switzerland,18,0,NA
2020-02-29,CY,Cyprus,0,0,NA
2020-02-29,CZ,Czechia,0,0,NA
2020-02-29,DE,Germany,63,0,NA
2020-02-29,DK,Denmark,3,0,NA
2020-02-29,EE,Estonia,1,0,NA
2020-02-29,ES,Spain,43,0,348
2020-02-29,FI,Finland,2,0,NA
2020-02-29,FR,France,88,1,NA
2020-02-29,GB,United Kingdom,38,0,NA
2020-02-29,GR,Greece,4,0,NA
2020-02-29,HR,Croatia,6,0,NA
2020-02-29,HU,Hungary,0,0,NA
2020-02-29,IE,Ireland,1,0,NA
2020-02-29,IS,Iceland,1,0,NA
2020-02-29,IT,Italy,1066,27,NA
2020-02-29,LI,Liechtenstein,0,0,NA
2020-02-29,LT,Lithuania,1,0,NA
2020-02-29,LU,Luxembourg,1,0,NA
2020-02-29,LV,Latvia,0,0,NA
2020-02-29,MT,Malta,0,0,NA
2020-02-29,NL,Netherlands,6,0,39
2020-02-29,NO,Norway,15,0,0
2020-02-29,PL,Poland,0,0,NA
2020-02-29,PT,Portugal,0,0,NA
2020-02-29,RO,Romania,3,0,NA
2020-02-29,SE,Sweden,13,0,NA
2020-02-29,SI,Slovenia,0,0,NA
2020-02-29,SK,Slovakia,0,0,NA
2020-03-07,AT,Austria,70,0,NA
2020-03-07,BE,Belgium,168,0,NA
2020-03-07,BG,Bulgaria,0,0,NA
2020-03-07,CH,Switzerland,250,1,NA
2020-03-07,CY,Cyprus,0,0,NA
2020-03-07,CZ,Czechia,19,0,NA
2020-03-07,DE,Germany,720,0,NA
2020-03-07,DK,Denmark,20,0,7
2020-03-07,EE,Estonia,9,0,0
2020-03-07,ES,Spain,455,10,1323
2020-03-07,FI,Finland,12,0,NA
2020-03-07,FR,France,838,14,NA
2020-03-07,GB,United Kingdom,367,2,94
2020-03-07,GR,Greece,42,0,NA
2020-03-07,HR,Croatia,6,0,NA
2020-03-07,HU,Hungary,4,0,NA
2020-03-07,IE,Ireland,17,0,NA
2020-03-07,IS,Iceland,49,0,NA
2020-03-07,IT,Italy,4755,204,NA
2020-03-07,LI,Liechtenstein,1,0,NA
2020-03-07,LT,Lithuania,0,0,NA
2020-03-07,LU,Luxembourg,1,0,NA
2020-03-07,LV,Latvia,1,0,NA
2020-03-07,MT,Malta,3,0,NA
2020-03-07,NL,Netherlands,182,1,74
2020-03-07,NO,Norway,132,0,1
2020-03-07,PL,Poland,5,0,NA
2020-03-07,PT,Portugal,20,0,NA
2020-03-07,RO,Romania,6,0,NA
2020-03-07,SE,Sweden,165,0,NA
2020-03-07,SI,Slovenia,7,0,NA
2020-03-07,SK,Slovakia,1,0,NA
2020-03-14,AT,Austria,576,1,NA
2020-03-14,BE,Belgium,520,4,NA
2020-03-14,BG,Bulgaria,41,2,NA
2020-03-14,CH,Switzerland,1091,13,NA
2020-03-14,CY,Cyprus,26,0,NA
2020-03-14,CZ,Czechia,170,0,NA
2020-03-14,DE,Germany,3786,9,NA
2020-03-14,DK,Denmark,804,1,105
2020-03-14,EE,Estonia,105,0,3
2020-03-14,ES,Spain,5891,185,5881
2020-03-14,FI,Finland,210,0,NA
2020-03-14,FR,France,3531,75,NA
2020-03-14,GB,United Kingdom,2202,27,172
2020-03-14,GR,Greece,182,3,NA
2020-03-14,HR,Croatia,26,0,NA
2020-03-14,HU,Hungary,26,0,NA
2020-03-14,IE,Ireland,111,2,NA
2020-03-14,IS,Iceland,106,0,NA
2020-03-14,IT,Italy,15274,1208,NA
2020-03-14,LI,Liechtenstein,3,0,NA
2020-03-14,LT,Lithuania,5,0,NA
2020-03-14,LU,Luxembourg,49,1,NA
2020-03-14,LV,Latvia,25,0,NA
2020-03-14,MT,Malta,15,0,NA
2020-03-14,NL,Netherlands,771,11,309
2020-03-14,NO,Norway,943,3,43
2020-03-14,PL,Poland,98,3,NA
2020-03-14,PT,Portugal,149,0,NA
2020-03-14,RO,Romania,114,0,NA
2020-03-14,SE,Sweden,815,5,NA
2020-03-14,SI,Slovenia,174,1,NA
2020-03-14,SK,Slovakia,43,0,NA
2020-03-21,AT,Austria,2159,7,NA
2020-03-21,BE,Belgium,2126,63,1291
2020-03-21,BG,Bulgaria,122,1,NA
2020-03-21,CH,Switzerland,5216,86,NA
2020-03-21,CY,Cyprus,58,0,NA
2020-03-21,CZ,Czechia,806,0,NA
2020-03-21,DE,Germany,17628,75,NA
2020-03-21,DK,Denmark,499,12,320
2020-03-21,EE,Estonia,191,0,29
2020-03-21,ES,Spain,18983,1180,19739
2020-03-21,FI,Finland,298,1,NA
2020-03-21,FR,France,9813,471,NA
2020-03-21,GB,United Kingdom,6327,223,2416
2020-03-21,GR,Greece,302,10,NA
2020-03-21,HR,Croatia,168,1,NA
2020-03-21,HU,Hungary,73,4,NA
2020-03-21,IE,Ireland,656,1,NA
2020-03-21,IS,Iceland,317,1,NA
2020-03-21,IT,Italy,32421,3384,NA
2020-03-21,LI,Liechtenstein,33,0,NA
2020-03-21,LT,Lithuania,63,0,NA
2020-03-21,LU,Luxembourg,619,7,NA
2020-03-21,LV,Latvia,98,0,NA
2020-03-21,MT,Malta,55,0,NA
2020-03-21,NL,Netherlands,2672,124,1239
2020-03-21,NO,Norway,1028,4,168
2020-03-21,PL,Poland,433,2,NA
2020-03-21,PT,Portugal,1111,12,NA
2020-03-21,RO,Romania,244,0,NA
2020-03-21,SE,Sweden,874,44,NA
2020-03-21,SI,Slovenia,202,0,43
2020-03-21,SK,Slovakia,134,1,NA
2020-03-28,AT,Austria,5457,60,NA
2020-03-28,BE,Belgium,6319,286,3232
2020-03-28,BG,Bulgaria,168,4,NA
2020-03-28,CH,Switzerland,7501,234,NA
2020-03-28,CY,Cyprus,95,5,NA
2020-03-28,CZ,Czechia,1636,11,NA
2020-03-28,DE,Germany,35482,349,NA
2020-03-28,DK,Denmark,875,52,553
2020-03-28,EE,Estonia,339,1,65
2020-03-28,ES,Spain,47861,4607,31966
2020-03-28,FI,Finland,644,8,NA
2020-03-28,FR,France,22880,1749,18880
2020-03-28,GB,United Kingdom,17882,1212,12343
2020-03-28,GR,Greece,531,19,NA
2020-03-28,HR,Croatia,451,4,NA
2020-03-28,HU,Hungary,240,7,NA
2020-03-28,IE,Ireland,1630,33,NA
2020-03-28,IS,Iceland,490,1,NA
2020-03-28,IT,Italy,38894,5198,NA
2020-03-28,LI,Liechtenstein,19,0,NA
2020-03-28,LT,Lithuania,270,4,NA
2020-03-28,LU,Luxembourg,1161,10,NA
2020-03-28,LV,Latvia,181,0,NA
2020-03-28,MT,Malta,76,0,NA
2020-03-28,NL,Netherlands,6131,503,2868
2020-03-28,NO,Norway,1897,16,292
2020-03-28,PL,Poland,1102,13,NA
2020-03-28,PT,Portugal,3890,88,NA
2020-03-28,RO,Romania,1085,37,NA
2020-03-28,SE,Sweden,1795,190,NA
2020-03-28,SI,Slovenia,301,8,71
2020-03-28,SK,Slovakia,114,-1,NA
2020-04-04,AT,Austria,3510,118,NA
2020-04-04,BE,Belgium,9297,930,3756
2020-04-04,BG,Bulgaria,172,10,NA
2020-04-04,CH,Switzerland,6429,392,NA
2020-04-04,CY,Cyprus,247,6,NA
2020-04-04,CZ,Czechia,1841,48,NA
2020-04-04,DE,Germany,38397,1011,NA
2020-04-04,DK,Denmark,1876,96,339
2020-04-04,EE,Estonia,394,12,111
2020-04-04,ES,Spain,52933,5965,20637
2020-04-04,FI,Finland,715,16,NA
2020-04-04,FR,France,9321,5237,24514
2020-04-04,GB,United Kingdom,30359,3810,21217
2020-04-04,GR,Greece,612,36,NA
2020-04-04,HR,Croatia,469,7,NA
2020-04-04,HU,Hungary,335,21,NA
2020-04-04,IE,Ireland,2189,101,NA
2020-04-04,IS,Iceland,454,2,NA
2020-04-04,IT,Italy,32160,5339,NA
2020-04-04,LI,Liechtenstein,21,1,NA
2020-04-04,LT,Lithuania,344,3,NA
2020-04-04,LU,Luxembourg,898,13,NA
2020-04-04,LV,Latvia,204,1,NA
2020-04-04,MT,Malta,64,0,NA
2020-04-04,NL,Netherlands,6865,1012,2201
2020-04-04,NO,Norway,1535,39,207
2020-04-04,PL,Poland,1989,61,NA
2020-04-04,PT,Portugal,5354,166,NA
2020-04-04,RO,Romania,2161,109,NA
2020-04-04,SE,Sweden,3169,134,NA
2020-04-04,SI,Slovenia,293,13,51
2020-04-04,SK,Slovakia,179,1,NA
2020-04-11,AT,Austria,2025,151,NA
2020-04-11,BE,Belgium,9587,2063,2913
2020-04-11,BG,Bulgaria,158,11,NA
2020-04-11,CH,Switzerland,4602,368,NA
2020-04-11,CY,Cyprus,190,-1,NA
2020-04-11,CZ,Czechia,1359,70,NA
2020-04-11,DE,Germany,28816,1292,NA
2020-04-11,DK,Denmark,1919,99,289
2020-04-11,EE,Estonia,265,11,61
2020-04-11,ES,Spain,36859,4659,12210
2020-04-11,FI,Finland,1023,24,NA
2020-04-11,FR,France,10489,6268,19296
2020-04-11,GB,United Kingdom,32192,6382,19335
2020-04-11,GR,Greece,408,25,NA
2020-04-11,HR,Croatia,408,9,NA
2020-04-11,HU,Hungary,632,53,NA
2020-04-11,IE,Ireland,4324,183,311
2020-04-11,IS,Iceland,272,4,NA
2020-04-11,IT,Italy,27639,4106,NA
2020-04-11,LI,Liechtenstein,2,0,NA
2020-04-11,LT,Lithuania,243,6,NA
2020-04-11,LU,Luxembourg,541,31,NA
2020-04-11,LV,Latvia,121,2,NA
2020-04-11,MT,Malta,157,3,NA
2020-04-11,NL,Netherlands,7786,992,1498
2020-04-11,NO,Norway,859,57,96
2020-04-11,PL,Poland,2729,129,NA
2020-04-11,PT,Portugal,5463,204,NA
2020-04-11,RO,Romania,2377,145,NA
2020-04-11,SE,Sweden,3616,514,NA
2020-04-11,SI,Slovenia,211,28,59
2020-04-11,SK,Slovakia,257,1,NA
2020-04-18,AT,Austria,865,106,NA
2020-04-18,BE,Belgium,9165,2107,1975
2020-04-18,BG,Bulgaria,217,13,NA
2020-04-18,CH,Switzerland,2297,286,NA
2020-04-18,CY,Cyprus,145,2,NA
2020-04-18,CZ,Czechia,775,52,NA
2020-04-18,DE,Germany,18434,1723,NA
2020-04-18,DK,Denmark,1246,86,205
2020-04-18,EE,Estonia,208,14,47
2020-04-18,ES,Spain,28699,3437,7055
2020-04-18,FI,Finland,776,41,NA
2020-04-18,FR,France,92711,5467,13140
2020-04-18,GB,United Kingdom,32047,6391,13803
2020-04-18,GR,Greece,154,17,NA
2020-04-18,HR,Croatia,298,18,NA
2020-04-18,HU,Hungary,524,87,NA
2020-04-18,IE,Ireland,5830,251,221
2020-04-18,IS,Iceland,71,1,NA
2020-04-18,IT,Italy,23654,3759,NA
2020-04-18,LI,Liechtenstein,0,0,NA
2020-04-18,LT,Lithuania,165,9,NA
2020-04-18,LU,Luxembourg,267,10,NA
2020-04-18,LV,Latvia,82,2,NA
2020-04-18,MT,Malta,56,0,NA
2020-04-18,NL,Netherlands,7176,958,922
2020-04-18,NO,Norway,627,45,70
2020-04-18,PL,Poland,2386,139,NA
2020-04-18,PT,Portugal,3698,217,NA
2020-04-18,RO,Romania,2428,130,NA
2020-04-18,SE,Sweden,3827,624,NA
2020-04-18,SI,Slovenia,129,20,50
2020-04-18,SK,Slovakia,361,9,NA
2020-04-25,AT,Austria,477,93,NA
2020-04-25,BE,Belgium,8142,1464,1517
2020-04-25,BG,Bulgaria,369,14,NA
2020-04-25,CH,Switzerland,1490,217,NA
2020-04-25,CY,Cyprus,49,2,NA
2020-04-25,CZ,Czechia,746,37,NA
2020-04-25,DE,Germany,13171,1418,NA
2020-04-25,DK,Denmark,1203,72,214
2020-04-25,EE,Estonia,123,8,25
2020-04-25,ES,Spain,14179,2859,3998
2020-04-25,FI,Finland,794,96,NA
2020-04-25,FR,France,10612,3271,9613
2020-04-25,GB,United Kingdom,32824,5580,10925
2020-04-25,GR,Greece,271,20,NA
2020-04-25,HR,Croatia,184,15,105
2020-04-25,HU,Hungary,609,90,NA
2020-04-25,IE,Ireland,3803,492,197
2020-04-25,IS,Iceland,30,1,NA
2020-04-25,IT,Italy,19426,3157,NA
2020-04-25,LI,Liechtenstein,2,0,NA
2020-04-25,LT,Lithuania,210,7,NA
2020-04-25,LU,Luxembourg,174,13,NA
2020-04-25,LV,Latvia,92,7,NA
2020-04-25,MT,Malta,22,1,NA
2020-04-25,NL,Netherlands,5601,808,622
2020-04-25,NO,Norway,463,37,39
2020-04-25,PL,Poland,2531,177,NA
2020-04-25,PT,Portugal,3707,193,NA
2020-04-25,RO,Romania,2217,180,NA
2020-04-25,SE,Sweden,4288,681,NA
2020-04-25,SI,Slovenia,71,11,20
2020-04-25,SK,Slovakia,284,6,NA
2020-05-02,AT,Austria,410,60,NA
2020-05-02,BE,Belgium,4192,848,978
2020-05-02,BG,Bulgaria,347,17,NA
2020-05-02,CH,Switzerland,923,111,NA
2020-05-02,CY,Cyprus,54,1,NA
2020-05-02,CZ,Czechia,403,27,NA
2020-05-02,DE,Germany,8454,935,NA
2020-05-02,DK,Denmark,962,57,130
2020-05-02,EE,Estonia,64,7,24
2020-05-02,ES,Spain,10677,2198,2297
2020-05-02,FI,Finland,701,34,NA
2020-05-02,FR,France,8342,2175,6005
2020-05-02,GB,United Kingdom,31230,4338,9783
2020-05-02,GR,Greece,114,13,NA
2020-05-02,HR,Croatia,72,23,31
2020-05-02,HU,Hungary,499,73,NA
2020-05-02,IE,Ireland,2615,223,217
2020-05-02,IS,Iceland,8,0,NA
2020-05-02,IT,Italy,13977,2326,NA
2020-05-02,LI,Liechtenstein,1,0,NA
2020-05-02,LT,Lithuania,93,4,NA
2020-05-02,LU,Luxembourg,101,7,NA
2020-05-02,LV,Latvia,67,4,NA
2020-05-02,MT,Malta,20,0,NA
2020-05-02,NL,Netherlands,3046,578,397
2020-05-02,NO,Norway,310,10,21
2020-05-02,PL,Poland,2102,140,NA
2020-05-02,PT,Portugal,1798,143,NA
2020-05-02,RO,Romania,2097,170,NA
2020-05-02,SE,Sweden,3869,477,NA
2020-05-02,SI,Slovenia,51,13,20
2020-05-02,SK,Slovakia,34,7,NA
2020-05-09,AT,Austria,275,19,NA
2020-05-09,BE,Belgium,3079,816,664
2020-05-09,BG,Bulgaria,327,18,NA
2020-05-09,CH,Switzerland,434,57,NA
2020-05-09,CY,Cyprus,28,0,NA
2020-05-09,CZ,Czechia,340,31,NA
2020-05-09,DE,Germany,6357,737,NA
2020-05-09,DK,Denmark,912,51,106
2020-05-09,EE,Estonia,34,7,8
2020-05-09,ES,Spain,6996,1378,1716
2020-05-09,FI,Finland,704,45,NA
2020-05-09,FR,France,7495,1542,4357
2020-05-09,GB,United Kingdom,22833,3210,7808
2020-05-09,GR,Greece,90,8,NA
2020-05-09,HR,Croatia,88,10,38
2020-05-09,HU,Hungary,271,70,NA
2020-05-09,IE,Ireland,1584,160,117
2020-05-09,IS,Iceland,3,0,NA
2020-05-09,IT,Italy,8940,1685,NA
2020-05-09,LI,Liechtenstein,0,0,NA
2020-05-09,LT,Lithuania,65,2,NA
2020-05-09,LU,Luxembourg,65,9,NA
2020-05-09,LV,Latvia,59,2,NA
2020-05-09,MT,Malta,22,1,NA
2020-05-09,NL,Netherlands,2146,435,316
2020-05-09,NO,Norway,290,8,17
2020-05-09,PL,Poland,2276,121,NA
2020-05-09,PT,Portugal,2216,103,NA
2020-05-09,RO,Romania,2399,168,NA
2020-05-09,SE,Sweden,4136,551,NA
2020-05-09,SI,Slovenia,15,7,10
2020-05-09,SK,Slovakia,48,2,NA
2020-05-16,AT,Austria,368,14,NA
2020-05-16,BE,Belgium,2393,424,460
2020-05-16,BG,Bulgaria,254,15,NA
2020-05-16,CH,Switzerland,321,24,NA
2020-05-16,CY,Cyprus,22,2,NA
2020-05-16,CZ,Czechia,360,20,NA
2020-05-16,DE,Germany,4428,389,NA
2020-05-16,DK,Denmark,539,17,68
2020-05-16,EE,Estonia,37,3,7
2020-05-16,ES,Spain,7120,1085,887
2020-05-16,FI,Finland,406,32,NA
2020-05-16,FR,France,3008,1310,3319
2020-05-16,GB,United Kingdom,19782,2578,6487
2020-05-16,GR,Greece,109,11,NA
2020-05-16,HR,Croatia,48,8,16
2020-05-16,HU,Hungary,260,43,NA
2020-05-16,IE,Ireland,1288,87,77
2020-05-16,IS,Iceland,1,0,NA
2020-05-16,IT,Italy,6492,1368,NA
2020-05-16,LI,Liechtenstein,0,0,NA
2020-05-16,LT,Lithuania,77,7,NA
2020-05-16,LU,Luxembourg,53,3,NA
2020-05-16,LV,Latvia,67,1,NA
2020-05-16,MT,Malta,56,1,NA
2020-05-16,NL,Netherlands,1488,248,210
2020-05-16,NO,Norway,138,13,12
2020-05-16,PL,Poland,2606,130,NA
2020-05-16,PT,Portugal,1404,77,NA
2020-05-16,RO,Romania,1573,155,NA
2020-05-16,SE,Sweden,3893,454,NA
2020-05-16,SI,Slovenia,11,2,3
2020-05-16,SK,Slovakia,38,2,NA
2020-05-23,AT,Austria,285,10,NA
2020-05-23,BE,Belgium,1821,232,389
2020-05-23,BG,Bulgaria,233,21,NA
2020-05-23,CH,Switzerland,153,21,NA
2020-05-23,CY,Cyprus,13,0,NA
2020-05-23,CZ,Czechia,435,18,NA
2020-05-23,DE,Germany,4234,323,NA
2020-05-23,DK,Denmark,431,18,64
2020-05-23,EE,Estonia,51,1,26
2020-05-23,ES,Spain,4592,1115,538
2020-05-23,FI,Finland,282,9,NA
2020-05-23,FR,France,2829,820,2232
2020-05-23,GB,United Kingdom,16226,1825,5596
2020-05-23,GR,Greece,57,9,NA
2020-05-23,HR,Croatia,19,4,16
2020-05-23,HU,Hungary,240,34,NA
2020-05-23,IE,Ireland,534,71,80
2020-05-23,IS,Iceland,2,0,NA
2020-05-23,IT,Italy,4567,972,NA
2020-05-23,LI,Liechtenstein,0,0,NA
2020-05-23,LT,Lithuania,76,5,NA
2020-05-23,LU,Luxembourg,60,5,NA
2020-05-23,LV,Latvia,49,3,NA
2020-05-23,MT,Malta,63,0,NA
2020-05-23,NL,Netherlands,1194,141,175
2020-05-23,NO,Norway,109,3,10
2020-05-23,PL,Poland,2674,78,NA
2020-05-23,PT,Portugal,1661,99,NA
2020-05-23,RO,Romania,1153,82,NA
2020-05-23,SE,Sweden,3710,318,NA
2020-05-23,SI,Slovenia,3,3,1
2020-05-23,SK,Slovakia,11,0,NA
2020-05-30,AT,Austria,199,29,NA
2020-05-30,BE,Belgium,1376,216,260
2020-05-30,BG,Bulgaria,91,13,NA
2020-05-30,CH,Switzerland,120,7,NA
2020-05-30,CY,Cyprus,17,0,NA
2020-05-30,CZ,Czechia,340,5,NA
2020-05-30,DE,Germany,3203,269,NA
2020-05-30,DK,Denmark,344,10,57
2020-05-30,EE,Estonia,44,3,8
2020-05-30,ES,Spain,3938,-1553,453
2020-05-30,FI,Finland,258,10,NA
2020-05-30,FR,France,5639,319,1787
2020-05-30,GB,United Kingdom,10744,1807,4483
2020-05-30,GR,Greece,39,4,NA
2020-05-30,HR,Croatia,3,4,1
2020-05-30,HU,Hungary,154,42,NA
2020-05-30,IE,Ireland,347,47,56
2020-05-30,IS,Iceland,2,0,NA
2020-05-30,IT,Italy,3337,605,NA
2020-05-30,LI,Liechtenstein,0,0,NA
2020-05-30,LT,Lithuania,50,7,NA
2020-05-30,LU,Luxembourg,26,1,NA
2020-05-30,LV,Latvia,19,2,NA
2020-05-30,MT,Malta,9,3,NA
2020-05-30,NL,Netherlands,1193,140,154
2020-05-30,NO,Norway,91,1,8
2020-05-30,PL,Poland,2640,68,NA
2020-05-30,PT,Portugal,1732,94,NA
2020-05-30,RO,Romania,1276,83,NA
2020-05-30,SE,Sweden,4225,403,NA
2020-05-30,SI,Slovenia,5,2,1
2020-05-30,SK,Slovakia,17,0,NA
2020-06-06,AT,Austria,213,4,NA
2020-06-06,BE,Belgium,886,127,200
2020-06-06,BG,Bulgaria,212,21,NA
2020-06-06,CH,Switzerland,111,0,NA
2020-06-06,CY,Cyprus,16,1,NA
2020-06-06,CZ,Czechia,337,8,NA
2020-06-06,DE,Germany,2261,143,NA
2020-06-06,DK,Denmark,291,16,37
2020-06-06,EE,Estonia,66,2,3
2020-06-06,ES,Spain,2082,10,367
2020-06-06,FI,Finland,138,6,NA
2020-06-06,FR,France,1722,367,1191
2020-06-06,GB,United Kingdom,8442,1180,3881
2020-06-06,GR,Greece,65,5,NA
2020-06-06,HR,Croatia,1,1,0
2020-06-06,HU,Hungary,123,21,NA
2020-06-06,IE,Ireland,254,27,29
2020-06-06,IS,Iceland,0,0,NA
2020-06-06,IT,Italy,2137,506,NA
2020-06-06,LI,Liechtenstein,0,0,NA
2020-06-06,LT,Lithuania,38,1,NA
2020-06-06,LU,Luxembourg,19,0,NA
2020-06-06,LV,Latvia,21,1,NA
2020-06-06,MT,Malta,9,0,NA
2020-06-06,NL,Netherlands,1078,60,97
2020-06-06,NO,Norway,94,2,4
2020-06-06,PL,Poland,2415,92,NA
2020-06-06,PT,Portugal,2148,78,NA
2020-06-06,RO,Romania,1157,63,NA
2020-06-06,SE,Sweden,5828,261,NA
2020-06-06,SI,Slovenia,11,1,1
2020-06-06,SK,Slovakia,7,0,NA
2020-06-13,AT,Austria,180,5,NA
2020-06-13,BE,Belgium,846,70,155
2020-06-13,BG,Bulgaria,555,12,NA
2020-06-13,CH,Switzerland,138,6,NA
2020-06-13,CY,Cyprus,20,0,NA
2020-06-13,CZ,Czechia,424,1,NA
2020-06-13,DE,Germany,1817,120,NA
2020-06-13,DK,Denmark,215,10,24
2020-06-13,EE,Estonia,42,0,11
2020-06-13,ES,Spain,2295,1,274
2020-06-13,FI,Finland,123,3,NA
2020-06-13,FR,France,2713,252,828
2020-06-13,GB,United Kingdom,7079,774,3047
2020-06-13,GR,Greece,132,3,NA
2020-06-13,HR,Croatia,4,3,2
2020-06-13,HU,Hungary,74,14,NA
2020-06-13,IE,Ireland,112,27,32
2020-06-13,IS,Iceland,2,0,NA
2020-06-13,IT,Italy,1850,455,NA
2020-06-13,LI,Liechtenstein,0,0,NA
2020-06-13,LT,Lithuania,58,4,NA
2020-06-13,LU,Luxembourg,28,0,NA
2020-06-13,LV,Latvia,11,3,NA
2020-06-13,MT,Malta,19,0,NA
2020-06-13,NL,Netherlands,1305,46,55
2020-06-13,NO,Norway,97,4,7
2020-06-13,PL,Poland,3031,84,NA
2020-06-13,PT,Portugal,2112,38,NA
2020-06-13,RO,Romania,1389,72,NA
2020-06-13,SE,Sweden,7185,218,NA
2020-06-13,SI,Slovenia,8,0,1
2020-06-13,SK,Slovakia,17,0,NA
2020-06-20,AT,Austria,245,11,NA
2020-06-20,BE,Belgium,632,46,134
2020-06-20,BG,Bulgaria,606,27,NA
2020-06-20,CH,Switzerland,149,3,NA
2020-06-20,CY,Cyprus,5,1,NA
2020-06-20,CZ,Czechia,457,8,NA
2020-06-20,DE,Germany,3403,102,NA
2020-06-20,DK,Denmark,252,3,28
2020-06-20,EE,Estonia,8,0,5
2020-06-20,ES,Spain,2333,1186,240
2020-06-20,FI,Finland,55,1,NA
2020-06-20,FR,France,2492,231,748
2020-06-20,GB,United Kingdom,6573,508,2689
2020-06-20,GR,Greece,144,7,NA
2020-06-20,HR,Croatia,48,0,6
2020-06-20,HU,Hungary,22,11,NA
2020-06-20,IE,Ireland,79,10,18
2020-06-20,IS,Iceland,7,0,NA
2020-06-20,IT,Italy,1624,309,NA
2020-06-20,LI,Liechtenstein,0,0,NA
2020-06-20,LT,Lithuania,32,1,NA
2020-06-20,LU,Luxembourg,42,0,NA
2020-06-20,LV,Latvia,14,2,NA
2020-06-20,MT,Malta,18,0,NA
2020-06-20,NL,Netherlands,862,32,35
2020-06-20,NO,Norway,114,2,8
2020-06-20,PL,Poland,2603,109,NA
2020-06-20,PT,Portugal,2378,16,NA
2020-06-20,RO,Romania,2051,106,NA
2020-06-20,SE,Sweden,7188,179,NA
2020-06-20,SI,Slovenia,27,0,3
2020-06-20,SK,Slovakia,41,0,NA
2020-06-27,AT,Austria,257,12,NA
2020-06-27,BE,Belgium,659,36,109
2020-06-27,BG,Bulgaria,753,17,NA
2020-06-27,CH,Switzerland,312,3,NA
2020-06-27,CY,Cyprus,9,0,NA
2020-06-27,CZ,Czechia,850,13,NA
2020-06-27,DE,Germany,3788,73,NA
2020-06-27,DK,Denmark,284,4,31
2020-06-27,EE,Estonia,5,0,1
2020-06-27,ES,Spain,2531,19,230
2020-06-27,FI,Finland,56,2,NA
2020-06-27,FR,France,1986,134,670
2020-06-27,GB,United Kingdom,5138,442,2364
2020-06-27,GR,Greece,110,1,NA
2020-06-27,HR,Croatia,325,0,46
2020-06-27,HU,Hungary,52,8,NA
2020-06-27,IE,Ireland,63,19,8
2020-06-27,IS,Iceland,5,0,NA
2020-06-27,IT,Italy,1861,106,NA
2020-06-27,LI,Liechtenstein,0,0,NA
2020-06-27,LT,Lithuania,18,1,NA
2020-06-27,LU,Luxembourg,112,0,NA
2020-06-27,LV,Latvia,4,0,NA
2020-06-27,MT,Malta,6,0,NA
2020-06-27,NL,Netherlands,572,16,36
2020-06-27,NO,Norway,104,5,11
2020-06-27,PL,Poland,2094,89,NA
2020-06-27,PT,Portugal,2348,33,NA
2020-06-27,RO,Romania,2292,89,NA
2020-06-27,SE,Sweden,7375,227,NA
2020-06-27,SI,Slovenia,53,0,3
2020-06-27,SK,Slovakia,71,0,NA
2020-07-04,AT,Austria,585,5,NA
2020-07-04,BE,Belgium,629,39,82
2020-07-04,BG,Bulgaria,1052,25,NA
2020-07-04,CH,Switzerland,643,2,NA
2020-07-04,CY,Cyprus,8,0,NA
2020-07-04,CZ,Czechia,1142,2,NA
2020-07-04,DE,Germany,2740,52,NA
2020-07-04,DK,Denmark,157,2,24
2020-07-04,EE,Estonia,7,0,2
2020-07-04,ES,Spain,2076,44,219
2020-07-04,FI,Finland,50,1,NA
2020-07-04,FR,France,1473,108,669
2020-07-04,GB,United Kingdom,2592,324,1624
2020-07-04,GR,Greece,145,1,NA
2020-07-04,HR,Croatia,470,6,66
2020-07-04,HU,Hungary,36,11,NA
2020-07-04,IE,Ireland,72,7,9
2020-07-04,IS,Iceland,10,0,NA
2020-07-04,IT,Italy,1283,138,NA
2020-07-04,LI,Liechtenstein,1,0,NA
2020-07-04,LT,Lithuania,18,1,NA
2020-07-04,LU,Luxembourg,259,0,NA
2020-07-04,LV,Latvia,8,0,NA
2020-07-04,MT,Malta,2,0,NA
2020-07-04,NL,Netherlands,474,21,29
2020-07-04,NO,Norway,80,2,7
2020-07-04,PL,Poland,2005,77,NA
2020-07-04,PT,Portugal,2380,44,NA
2020-07-04,RO,Romania,2560,142,NA
2020-07-04,SE,Sweden,4394,140,NA
2020-07-04,SI,Slovenia,107,2,3
2020-07-04,SK,Slovakia,92,0,NA
2020-07-11,AT,Austria,618,1,NA
2020-07-11,BE,Belgium,631,11,71
2020-07-11,BG,Bulgaria,1498,26,NA
2020-07-11,CH,Switzerland,619,3,NA
2020-07-11,CY,Cyprus,12,0,NA
2020-07-11,CZ,Czechia,675,1,NA
2020-07-11,DE,Germany,2511,50,NA
2020-07-11,DK,Denmark,114,3,13
2020-07-11,EE,Estonia,21,0,2
2020-07-11,ES,Spain,3363,18,284
2020-07-11,FI,Finland,43,0,NA
2020-07-11,FR,France,2575,102,601
2020-07-11,GB,United Kingdom,4053,223,1390
2020-07-11,GR,Greece,261,1,NA
2020-07-11,HR,Croatia,578,5,94
2020-07-11,HU,Hungary,55,6,NA
2020-07-11,IE,Ireland,102,5,5
2020-07-11,IS,Iceland,3,0,NA
2020-07-11,IT,Italy,1408,91,NA
2020-07-11,LI,Liechtenstein,1,0,NA
2020-07-11,LT,Lithuania,34,0,NA
2020-07-11,LU,Luxembourg,366,0,NA
2020-07-11,LV,Latvia,50,0,NA
2020-07-11,MT,Malta,2,0,NA
2020-07-11,NL,Netherlands,373,11,27
2020-07-11,NO,Norway,51,1,3
2020-07-11,PL,Poland,1802,56,NA
2020-07-11,PT,Portugal,2652,49,NA
2020-07-11,RO,Romania,3497,140,NA
2020-07-11,SE,Sweden,2407,106,NA
2020-07-11,SI,Slovenia,148,0,16
2020-07-11,SK,Slovakia,144,0,NA
2020-07-18,AT,Austria,790,5,NA
2020-07-18,BE,Belgium,1237,18,96
2020-07-18,BG,Bulgaria,1463,32,NA
2020-07-18,CH,Switzerland,675,2,NA
2020-07-18,CY,Cyprus,23,0,NA
2020-07-18,CZ,Czechia,740,6,NA
2020-07-18,DE,Germany,2717,21,NA
2020-07-18,DK,Denmark,227,2,20
2020-07-18,EE,Estonia,7,0,0
2020-07-18,ES,Spain,6347,17,448
2020-07-18,FI,Finland,27,-1,NA
2020-07-18,FR,France,2947,135,594
2020-07-18,GB,United Kingdom,5113,148,1071
2020-07-18,GR,Greece,211,1,NA
2020-07-18,HR,Croatia,581,2,94
2020-07-18,HU,Hungary,86,1,NA
2020-07-18,IE,Ireland,139,7,8
2020-07-18,IS,Iceland,5,0,NA
2020-07-18,IT,Italy,1389,97,NA
2020-07-18,LI,Liechtenstein,2,0,NA
2020-07-18,LT,Lithuania,50,1,NA
2020-07-18,LU,Luxembourg,641,1,NA
2020-07-18,LV,Latvia,16,1,NA
2020-07-18,MT,Malta,1,0,NA
2020-07-18,NL,Netherlands,660,-1,29
2020-07-18,NO,Norway,51,3,8
2020-07-18,PL,Poland,2225,50,NA
2020-07-18,PT,Portugal,2169,30,NA
2020-07-18,RO,Romania,4612,138,NA
2020-07-18,SE,Sweden,1662,93,NA
2020-07-18,SI,Slovenia,113,0,10
2020-07-18,SK,Slovakia,83,0,NA
2020-07-25,AT,Austria,765,1,NA
2020-07-25,BE,Belgium,2021,21,156
2020-07-25,BG,Bulgaria,1674,39,NA
2020-07-25,CH,Switzerland,810,7,NA
2020-07-25,CY,Cyprus,16,0,NA
2020-07-25,CZ,Czechia,1357,11,NA
2020-07-25,DE,Germany,3852,33,NA
2020-07-25,DK,Denmark,265,2,16
2020-07-25,EE,Estonia,12,0,0
2020-07-25,ES,Spain,12166,12,667
2020-07-25,FI,Finland,70,1,NA
2020-07-25,FR,France,5037,33,749
2020-07-25,GB,United Kingdom,4615,119,1017
2020-07-25,GR,Greece,183,7,NA
2020-07-25,HR,Croatia,539,13,88
2020-07-25,HU,Hungary,109,0,NA
2020-07-25,IE,Ireland,119,11,9
2020-07-25,IS,Iceland,5,0,NA
2020-07-25,IT,Italy,1648,60,NA
2020-07-25,LI,Liechtenstein,0,0,NA
2020-07-25,LT,Lithuania,86,0,NA
2020-07-25,LU,Luxembourg,706,1,NA
2020-07-25,LV,Latvia,17,0,NA
2020-07-25,MT,Malta,11,0,NA
2020-07-25,NL,Netherlands,1151,4,50
2020-07-25,NO,Norway,83,0,2
2020-07-25,PL,Poland,2876,46,NA
2020-07-25,PT,Portugal,1565,32,NA
2020-07-25,RO,Romania,6987,156,NA
2020-07-25,SE,Sweden,1384,78,NA
2020-07-25,SI,Slovenia,126,5,16
2020-07-25,SK,Slovakia,165,0,NA
2020-08-01,AT,Austria,874,6,NA
2020-08-01,BE,Belgium,3675,24,197
2020-08-01,BG,Bulgaria,1524,47,NA
2020-08-01,CH,Switzerland,1110,6,NA
2020-08-01,CY,Cyprus,71,0,NA
2020-08-01,CZ,Czechia,1487,14,NA
2020-08-01,DE,Germany,4727,30,NA
2020-08-01,DK,Denmark,351,2,24
2020-08-01,EE,Estonia,39,0,2
2020-08-01,ES,Spain,16101,13,1179
2020-08-01,FI,Finland,55,0,NA
2020-08-01,FR,France,6582,68,789
2020-08-01,GB,United Kingdom,5261,99,864
2020-08-01,GR,Greece,421,5,NA
2020-08-01,HR,Croatia,432,12,76
2020-08-01,HU,Hungary,102,1,NA
2020-08-01,IE,Ireland,240,-1,8
2020-08-01,IS,Iceland,50,0,NA
2020-08-01,IT,Italy,1968,44,NA
2020-08-01,LI,Liechtenstein,2,0,NA
2020-08-01,LT,Lithuania,91,0,NA
2020-08-01,LU,Luxembourg,604,4,NA
2020-08-01,LV,Latvia,32,1,NA
2020-08-01,MT,Malta,159,0,NA
2020-08-01,NL,Netherlands,2000,8,59
2020-08-01,NO,Norway,142,0,11
2020-08-01,PL,Poland,3724,57,NA
2020-08-01,PT,Portugal,1355,21,NA
2020-08-01,RO,Romania,8433,214,NA
2020-08-01,SE,Sweden,1560,46,NA
2020-08-01,SI,Slovenia,105,3,12
2020-08-01,SK,Slovakia,196,1,NA
2020-08-08,AT,Austria,707,3,NA
2020-08-08,BE,Belgium,3999,25,232
2020-08-08,BG,Bulgaria,1507,60,NA
2020-08-08,CH,Switzerland,1039,5,NA
2020-08-08,CY,Cyprus,109,0,NA
2020-08-08,CZ,Czechia,1536,6,NA
2020-08-08,DE,Germany,5898,47,NA
2020-08-08,DK,Denmark,653,2,32
2020-08-08,EE,Estonia,75,-6,6
2020-08-08,ES,Spain,25840,58,1764
2020-08-08,FI,Finland,125,2,NA
2020-08-08,FR,France,9467,54,793
2020-08-08,GB,United Kingdom,5821,71,830
2020-08-08,GR,Greece,834,5,NA
2020-08-08,HR,Croatia,319,12,72
2020-08-08,HU,Hungary,127,5,NA
2020-08-08,IE,Ireland,535,9,9
2020-08-08,IS,Iceland,62,0,NA
2020-08-08,IT,Italy,2271,57,NA
2020-08-08,LI,Liechtenstein,1,0,NA
2020-08-08,LT,Lithuania,138,1,NA
2020-08-08,LU,Luxembourg,376,4,NA
2020-08-08,LV,Latvia,50,0,NA
2020-08-08,MT,Malta,190,0,NA
2020-08-08,NL,Netherlands,3255,9,84
2020-08-08,NO,Norway,346,1,15
2020-08-08,PL,Poland,4821,79,NA
2020-08-08,PT,Portugal,1227,13,NA
2020-08-08,RO,Romania,8512,280,NA
2020-08-08,SE,Sweden,1980,20,NA
2020-08-08,SI,Slovenia,76,7,11
2020-08-08,SK,Slovakia,229,2,NA
2020-08-15,AT,Austria,1260,7,NA
2020-08-15,BE,Belgium,4468,65,273
2020-08-15,BG,Bulgaria,990,50,NA
2020-08-15,CH,Switzerland,1473,6,NA
2020-08-15,CY,Cyprus,99,1,NA
2020-08-15,CZ,Czechia,1656,6,NA
2020-08-15,DE,Germany,7585,34,NA
2020-08-15,DK,Denmark,1041,4,22
2020-08-15,EE,Estonia,37,0,1
2020-08-15,ES,Spain,28451,114,2741
2020-08-15,FI,Finland,152,2,NA
2020-08-15,FR,France,16769,78,989
2020-08-15,GB,United Kingdom,7616,88,738
2020-08-15,GR,Greece,1437,15,NA
2020-08-15,HR,Croatia,877,8,63
2020-08-15,HU,Hungary,224,5,NA
2020-08-15,IE,Ireland,547,2,12
2020-08-15,IS,Iceland,44,0,NA
2020-08-15,IT,Italy,3335,189,NA
2020-08-15,LI,Liechtenstein,2,0,NA
2020-08-15,LT,Lithuania,154,0,NA
2020-08-15,LU,Luxembourg,270,3,NA
2020-08-15,LV,Latvia,27,0,NA
2020-08-15,MT,Malta,313,0,NA
2020-08-15,NL,Netherlands,4508,12,127
2020-08-15,NO,Norway,366,5,10
2020-08-15,PL,Poland,4923,69,NA
2020-08-15,PT,Portugal,1444,25,NA
2020-08-15,RO,Romania,8751,295,NA
2020-08-15,SE,Sweden,2062,20,NA
2020-08-15,SI,Slovenia,154,3,13
2020-08-15,SK,Slovakia,289,0,NA
2020-08-22,AT,Austria,1883,4,NA
2020-08-22,BE,Belgium,3599,53,211
2020-08-22,BG,Bulgaria,798,44,NA
2020-08-22,CH,Switzerland,1703,4,NA
2020-08-22,CY,Cyprus,85,0,NA
2020-08-22,CZ,Czechia,1899,16,NA
2020-08-22,DE,Germany,9373,37,NA
2020-08-22,DK,Denmark,756,1,28
2020-08-22,EE,Estonia,81,0,6
2020-08-22,ES,Spain,43241,221,3702
2020-08-22,FI,Finland,186,1,NA
2020-08-22,FR,France,21758,100,1087
2020-08-22,GB,United Kingdom,7222,62,702
2020-08-22,GR,Greece,1523,14,NA
2020-08-22,HR,Croatia,1480,5,87
2020-08-22,HU,Hungary,256,4,NA
2020-08-22,IE,Ireland,717,3,19
2020-08-22,IS,Iceland,59,0,NA
2020-08-22,IT,Italy,4698,38,NA
2020-08-22,LI,Liechtenstein,8,0,NA
2020-08-22,LT,Lithuania,209,3,NA
2020-08-22,LU,Luxembourg,323,1,NA
2020-08-22,LV,Latvia,18,1,NA
2020-08-22,MT,Malta,229,1,NA
2020-08-22,NL,Netherlands,3602,31,115
2020-08-22,NO,Norway,334,3,13
2020-08-22,PL,Poland,5091,82,NA
2020-08-22,PT,Portugal,1471,19,NA
2020-08-22,RO,Romania,8170,279,NA
2020-08-22,SE,Sweden,1693,27,NA
2020-08-22,SI,Slovenia,216,2,12
2020-08-22,SK,Slovakia,461,2,NA
2020-08-29,AT,Austria,1923,1,NA
2020-08-29,BE,Belgium,3131,-97,116
2020-08-29,BG,Bulgaria,1033,66,NA
2020-08-29,CH,Switzerland,2095,5,NA
2020-08-29,CY,Cyprus,66,0,NA
2020-08-29,CZ,Czechia,2304,10,NA
2020-08-29,DE,Germany,8974,27,NA
2020-08-29,DK,Denmark,540,2,23
2020-08-29,EE,Estonia,98,1,9
2020-08-29,ES,Spain,53232,173,4687
2020-08-29,FI,Finland,143,1,NA
2020-08-29,FR,France,33136,89,1343
2020-08-29,GB,United Kingdom,8151,75,819
2020-08-29,GR,Greece,1596,20,NA
2020-08-29,HR,Croatia,1961,13,185
2020-08-29,HU,Hungary,536,3,NA
2020-08-29,IE,Ireland,812,0,19
2020-08-29,IS,Iceland,42,0,NA
2020-08-29,IT,Italy,8717,43,NA
2020-08-29,LI,Liechtenstein,8,0,NA
2020-08-29,LT,Lithuania,245,2,NA
2020-08-29,LU,Luxembourg,-1137,0,NA
2020-08-29,LV,Latvia,48,1,NA
2020-08-29,MT,Malta,270,0,NA
2020-08-29,NL,Netherlands,3535,24,77
2020-08-29,NO,Norway,312,0,13
2020-08-29,PL,Poland,5058,81,NA
2020-08-29,PT,Portugal,1996,24,NA
2020-08-29,RO,Romania,8289,306,NA
2020-08-29,SE,Sweden,844,11,NA
2020-08-29,SI,Slovenia,217,2,15
2020-08-29,SK,Slovakia,526,0,NA
2020-09-05,AT,Austria,2102,2,NA
2020-09-05,BE,Belgium,3226,15,137
2020-09-05,BG,Bulgaria,886,66,NA
2020-09-05,CH,Switzerland,2235,7,NA
2020-09-05,CY,Cyprus,24,1,NA
2020-09-05,CZ,Czechia,3658,10,NA
2020-09-05,DE,Germany,8223,30,NA
2020-09-05,DK,Denmark,957,3,19
2020-09-05,EE,Estonia,128,0,6
2020-09-05,ES,Spain,59703,407,5052
2020-09-05,FI,Finland,212,1,NA
2020-09-05,FR,France,43748,82,1661
2020-09-05,GB,United Kingdom,11412,51,879
2020-09-05,GR,Greece,1409,20,NA
2020-09-05,HR,Croatia,1878,14,235
2020-09-05,HU,Hungary,2223,10,NA
2020-09-05,IE,Ireland,814,0,17
2020-09-05,IS,Iceland,36,0,NA
2020-09-05,IT,Italy,9485,61,NA
2020-09-05,LI,Liechtenstein,0,0,NA
2020-09-05,LT,Lithuania,201,0,NA
2020-09-05,LU,Luxembourg,271,0,NA
2020-09-05,LV,Latvia,44,1,NA
2020-09-05,MT,Malta,167,4,NA
2020-09-05,NL,Netherlands,4230,17,104
2020-09-05,NO,Norway,685,0,10
2020-09-05,PL,Poland,4148,81,NA
2020-09-05,PT,Portugal,2495,20,NA
2020-09-05,RO,Romania,8031,311,NA
2020-09-05,SE,Sweden,1027,14,NA
2020-09-05,SI,Slovenia,288,2,16
2020-09-05,SK,Slovakia,684,4,NA
2020-09-12,AT,Austria,3609,19,NA
2020-09-12,BE,Belgium,4653,17,204
2020-09-12,BG,Bulgaria,841,46,NA
2020-09-12,CH,Switzerland,2747,17,NA
2020-09-12,CY,Cyprus,16,1,NA
2020-09-12,CZ,Czechia,7649,22,NA
2020-09-12,DE,Germany,9759,23,NA
2020-09-12,DK,Denmark,1821,3,60
2020-09-12,EE,Estonia,164,0,9
2020-09-12,ES,Spain,67337,329,5893
2020-09-12,FI,Finland,296,1,NA
2020-09-12,FR,France,54257,204,2432
2020-09-12,GB,United Kingdom,21010,74,1341
2020-09-12,GR,Greece,1650,22,NA
2020-09-12,HR,Croatia,1629,21,228
2020-09-12,HU,Hungary,3933,9,NA
2020-09-12,IE,Ireland,1196,6,26
2020-09-12,IS,Iceland,26,0,NA
2020-09-12,IT,Italy,9959,69,NA
2020-09-12,LI,Liechtenstein,4,0,NA
2020-09-12,LT,Lithuania,257,1,NA
2020-09-12,LU,Luxembourg,263,0,NA
2020-09-12,LV,Latvia,39,0,NA
2020-09-12,MT,Malta,260,1,NA
2020-09-12,NL,Netherlands,7150,12,188
2020-09-12,NO,Norway,783,1,21
2020-09-12,PL,Poland,3263,69,NA
2020-09-12,PT,Portugal,3367,22,NA
2020-09-12,RO,Romania,8522,277,NA
2020-09-12,SE,Sweden,1520,11,NA
2020-09-12,SI,Slovenia,481,0,25
2020-09-12,SK,Slovakia,927,1,NA
2020-09-19,AT,Austria,4778,11,NA
2020-09-19,BE,Belgium,8270,21,336
2020-09-19,BG,Bulgaria,928,38,NA
2020-09-19,CH,Switzerland,2579,20,NA
2020-09-19,CY,Cyprus,67,0,NA
2020-09-19,CZ,Czechia,12905,46,NA
2020-09-19,DE,Germany,12115,36,NA
2020-09-19,DK,Denmark,2879,5,81
2020-09-19,EE,Estonia,220,0,21
2020-09-19,ES,Spain,73714,748,6415
2020-09-19,FI,Finland,365,2,NA
2020-09-19,FR,France,66058,358,3853
2020-09-19,GB,United Kingdom,25184,136,1827
2020-09-19,GR,Greece,1942,29,NA
2020-09-19,HR,Croatia,1357,26,171
2020-09-19,HU,Hungary,5095,42,NA
2020-09-19,IE,Ireland,1808,9,44
2020-09-19,IS,Iceland,145,0,NA
2020-09-19,IT,Italy,10272,89,NA
2020-09-19,LI,Liechtenstein,2,0,NA
2020-09-19,LT,Lithuania,368,1,NA
2020-09-19,LU,Luxembourg,559,0,NA
2020-09-19,LV,Latvia,51,1,NA
2020-09-19,MT,Malta,425,4,NA
2020-09-19,NL,Netherlands,10922,22,358
2020-09-19,NO,Norway,779,2,22
2020-09-19,PL,Poland,4680,100,NA
2020-09-19,PT,Portugal,4715,39,NA
2020-09-19,RO,Romania,9164,275,NA
2020-09-19,SE,Sweden,1732,19,NA
2020-09-19,SI,Slovenia,706,6,56
2020-09-19,SK,Slovakia,1093,1,NA
2020-09-26,AT,Austria,4740,22,NA
2020-09-26,BE,Belgium,12055,30,482
2020-09-26,BG,Bulgaria,1178,34,NA
2020-09-26,CH,Switzerland,2581,13,NA
2020-09-26,CY,Cyprus,94,0,NA
2020-09-26,CZ,Czechia,14988,92,NA
2020-09-26,DE,Germany,12094,71,NA
2020-09-26,DK,Denmark,3777,13,131
2020-09-26,EE,Estonia,290,0,31
2020-09-26,ES,Spain,76441,737,6002
2020-09-26,FI,Finland,655,4,NA
2020-09-26,FR,France,83360,407,4102
2020-09-26,GB,United Kingdom,38919,212,2596
2020-09-26,GR,Greece,2250,45,NA
2020-09-26,HR,Croatia,1282,25,201
2020-09-26,HU,Hungary,6157,55,NA
2020-09-26,IE,Ireland,2022,10,59
2020-09-26,IS,Iceland,294,0,NA
2020-09-26,IT,Italy,11535,126,NA
2020-09-26,LI,Liechtenstein,4,0,NA
2020-09-26,LT,Lithuania,631,3,NA
2020-09-26,LU,Luxembourg,515,0,NA
2020-09-26,LV,Latvia,139,0,NA
2020-09-26,MT,Malta,259,12,NA
2020-09-26,NL,Netherlands,16697,91,573
2020-09-26,NO,Norway,769,3,16
2020-09-26,PL,Poland,7650,142,NA
2020-09-26,PT,Portugal,4914,45,NA
2020-09-26,RO,Romania,9685,285,NA
2020-09-26,SE,Sweden,2686,15,NA
2020-09-26,SI,Slovenia,882,5,58
2020-09-26,SK,Slovakia,2054,5,NA
2020-10-03,AT,Austria,5218,22,NA
2020-10-03,BE,Belgium,14820,70,549
2020-10-03,BG,Bulgaria,1521,52,NA
2020-10-03,CH,Switzerland,2520,10,NA
2020-10-03,CY,Cyprus,127,0,NA
2020-10-03,CZ,Czechia,17311,120,NA
2020-10-03,DE,Germany,15001,72,NA
2020-10-03,DK,Denmark,3089,6,114
2020-10-03,EE,Estonia,412,3,31
2020-10-03,ES,Spain,73451,854,5477
2020-10-03,FI,Finland,814,2,NA
2020-10-03,FR,France,76642,455,4087
2020-10-03,GB,United Kingdom,50740,346,3272
2020-10-03,GR,Greece,2385,29,NA
2020-10-03,HR,Croatia,1394,24,221
2020-10-03,HU,Hungary,6640,82,NA
2020-10-03,IE,Ireland,3108,8,62
2020-10-03,IS,Iceland,271,0,NA
2020-10-03,IT,Italy,14647,150,NA
2020-10-03,LI,Liechtenstein,6,0,NA
2020-10-03,LT,Lithuania,785,6,NA
2020-10-03,LU,Luxembourg,476,1,NA
2020-10-03,LV,Latvia,365,2,NA
2020-10-03,MT,Malta,246,7,NA
2020-10-03,NL,Netherlands,23258,83,775
2020-10-03,NO,Norway,735,5,23
2020-10-03,PL,Poland,12160,180,NA
2020-10-03,PT,Portugal,5308,51,NA
2020-10-03,RO,Romania,12830,260,NA
2020-10-03,SE,Sweden,3360,15,NA
2020-10-03,SI,Slovenia,1139,9,96
2020-10-03,SK,Slovakia,3721,10,NA
2020-10-10,AT,Austria,6991,43,NA
2020-10-10,BE,Belgium,29308,131,887
2020-10-10,BG,Bulgaria,2801,50,NA
2020-10-10,CH,Switzerland,5984,14,NA
2020-10-10,CY,Cyprus,175,3,NA
2020-10-10,CZ,Czechia,33400,237,NA
2020-10-10,DE,Germany,23436,89,NA
2020-10-10,DK,Denmark,2780,13,105
2020-10-10,EE,Estonia,269,1,14
2020-10-10,ES,Spain,71180,843,5649
2020-10-10,FI,Finland,1458,1,NA
2020-10-10,FR,France,110825,462,4999
2020-10-10,GB,United Kingdom,110827,443,4823
2020-10-10,GR,Greece,2465,31,NA
2020-10-10,HR,Croatia,2531,24,341
2020-10-10,HU,Hungary,6879,121,NA
2020-10-10,IE,Ireland,4046,14,102
2020-10-10,IS,Iceland,588,0,NA
2020-10-10,IT,Italy,26743,172,NA
2020-10-10,LI,Liechtenstein,19,0,NA
2020-10-10,LT,Lithuania,878,7,NA
2020-10-10,LU,Luxembourg,805,6,NA
2020-10-10,LV,Latvia,577,2,NA
2020-10-10,MT,Malta,477,3,NA
2020-10-10,NL,Netherlands,36391,118,1097
2020-10-10,NO,Norway,1104,0,26
2020-10-10,PL,Poland,23498,368,NA
2020-10-10,PT,Portugal,7327,72,NA
2020-10-10,RO,Romania,18338,411,NA
2020-10-10,SE,Sweden,4168,-1,NA
2020-10-10,SI,Slovenia,1922,12,125
2020-10-10,SK,Slovakia,6476,7,NA
2020-10-17,AT,Austria,8711,37,NA
2020-10-17,BE,Belgium,56184,217,1719
2020-10-17,BG,Bulgaria,4789,77,NA
2020-10-17,CH,Switzerland,14054,46,NA
2020-10-17,CY,Cyprus,595,0,NA
2020-10-17,CZ,Czechia,54822,404,NA
2020-10-17,DE,Germany,41201,165,NA
2020-10-17,DK,Denmark,2859,12,117
2020-10-17,EE,Estonia,206,0,22
2020-10-17,ES,Spain,75448,846,6521
2020-10-17,FI,Finland,1444,5,NA
2020-10-17,FR,France,146685,688,7198
2020-10-17,GB,United Kingdom,114584,819,6733
2020-10-17,GR,Greece,2854,64,NA
2020-10-17,HR,Croatia,4829,38,491
2020-10-17,HU,Hungary,8220,176,NA
2020-10-17,IE,Ireland,6964,25,149
2020-10-17,IS,Iceland,538,1,NA
2020-10-17,IT,Italy,53042,334,NA
2020-10-17,LI,Liechtenstein,75,0,NA
2020-10-17,LT,Lithuania,1305,11,NA
2020-10-17,LU,Luxembourg,957,2,NA
2020-10-17,LV,Latvia,796,3,NA
2020-10-17,MT,Malta,805,4,NA
2020-10-17,NL,Netherlands,51772,170,1512
2020-10-17,NO,Norway,903,3,26
2020-10-17,PL,Poland,45592,552,NA
2020-10-17,PT,Portugal,12481,95,NA
2020-10-17,RO,Romania,24065,454,NA
2020-10-17,SE,Sweden,4749,24,NA
2020-10-17,SI,Slovenia,4164,17,221
2020-10-17,SK,Slovakia,9471,21,NA
2020-10-24,AT,Austria,14895,76,NA
2020-10-24,BE,Belgium,92294,345,3157
2020-10-24,BG,Bulgaria,8454,116,NA
2020-10-24,CH,Switzerland,29231,130,NA
2020-10-24,CY,Cyprus,863,0,NA
2020-10-24,CZ,Czechia,81970,725,NA
2020-10-24,DE,Germany,63144,250,NA
2020-10-24,DK,Denmark,4470,21,142
2020-10-24,EE,Estonia,299,5,19
2020-10-24,ES,Spain,109572,977,8387
2020-10-24,FI,Finland,1359,2,NA
2020-10-24,FR,France,217868,1243,11712
2020-10-24,GB,United Kingdom,148582,1166,8500
2020-10-24,GR,Greece,5060,64,NA
2020-10-24,HR,Croatia,9198,74,731
2020-10-24,HU,Hungary,11282,281,NA
2020-10-24,IE,Ireland,7430,33,206
2020-10-24,IS,Iceland,396,0,NA
2020-10-24,IT,Italy,101973,736,NA
2020-10-24,LI,Liechtenstein,123,0,NA
2020-10-24,LT,Lithuania,2328,18,NA
2020-10-24,LU,Luxembourg,2380,8,NA
2020-10-24,LV,Latvia,1075,11,NA
2020-10-24,MT,Malta,887,5,NA
2020-10-24,NL,Netherlands,61000,282,1790
2020-10-24,NO,Norway,1380,1,38
2020-10-24,PL,Poland,74716,827,NA
2020-10-24,PT,Portugal,18054,135,NA
2020-10-24,RO,Romania,29325,506,NA
2020-10-24,SE,Sweden,7394,15,NA
2020-10-24,SI,Slovenia,8858,51,408
2020-10-24,SK,Slovakia,12533,77,NA
2020-10-31,AT,Austria,26896,144,NA
2020-10-31,BE,Belgium,123820,888,4683
2020-10-31,BG,Bulgaria,15282,195,NA
2020-10-31,CH,Switzerland,50598,289,NA
2020-10-31,CY,Cyprus,922,1,NA
2020-10-31,CZ,Czechia,84305,1174,NA
2020-10-31,DE,Germany,103982,448,NA
2020-10-31,DK,Denmark,6940,21,185
2020-10-31,EE,Estonia,554,0,29
2020-10-31,ES,Spain,139546,1126,9589
2020-10-31,FI,Finland,1461,5,NA
2020-10-31,FR,France,278983,2125,16865
2020-10-31,GB,United Kingdom,157650,1810,10389
2020-10-31,GR,Greece,9259,62,NA
2020-10-31,HR,Croatia,15357,117,1088
2020-10-31,HU,Hungary,19223,360,NA
2020-10-31,IE,Ireland,5348,31,186
2020-10-31,IS,Iceland,471,1,NA
2020-10-31,IT,Italy,174921,1408,NA
2020-10-31,LI,Liechtenstein,193,2,NA
2020-10-31,LT,Lithuania,5229,36,NA
2020-10-31,LU,Luxembourg,4283,11,NA
2020-10-31,LV,Latvia,1427,17,NA
2020-10-31,MT,Malta,669,12,NA
2020-10-31,NL,Netherlands,70126,376,1931
2020-10-31,NO,Norway,2582,3,57
2020-10-31,PL,Poland,120785,1280,NA
2020-10-31,PT,Portugal,25170,210,NA
2020-10-31,RO,Romania,35546,650,NA
2020-10-31,SE,Sweden,13761,5,NA
2020-10-31,SI,Slovenia,13033,103,697
2020-10-31,SK,Slovakia,16863,60,NA
2020-11-07,AT,Austria,42295,268,NA
2020-11-07,BE,Belgium,64939,1282,4463
2020-11-07,BG,Bulgaria,21641,353,NA
2020-11-07,CH,Switzerland,57662,538,NA
2020-11-07,CY,Cyprus,1505,9,NA
2020-11-07,CZ,Czechia,76118,1430,NA
2020-11-07,DE,Germany,136324,823,NA
2020-11-07,DK,Denmark,7879,19,252
2020-11-07,EE,Estonia,1028,0,54
2020-11-07,ES,Spain,143154,2955,9938
2020-11-07,FI,Finland,1272,4,NA
2020-11-07,FR,France,379511,3366,20009
2020-11-07,GB,United Kingdom,159781,2333,10849
2020-11-07,GR,Greece,15558,123,NA
2020-11-07,HR,Croatia,15388,206,1266
2020-11-07,HU,Hungary,29622,607,NA
2020-11-07,IE,Ireland,3399,32,133
2020-11-07,IS,Iceland,198,6,NA
2020-11-07,IT,Italy,223060,2445,NA
2020-11-07,LI,Liechtenstein,232,0,NA
2020-11-07,LT,Lithuania,7845,43,NA
2020-11-07,LU,Luxembourg,4672,28,NA
2020-11-07,LV,Latvia,1986,25,NA
2020-11-07,MT,Malta,997,12,NA
2020-11-07,NL,Netherlands,53223,565,1730
2020-11-07,NO,Norway,3912,3,93
2020-11-07,PL,Poland,158909,2005,NA
2020-11-07,PT,Portugal,32261,341,NA
2020-11-07,RO,Romania,55660,825,NA
2020-11-07,SE,Sweden,22106,84,NA
2020-11-07,SI,Slovenia,9963,193,899
2020-11-07,SK,Slovakia,16003,132,NA
2020-11-14,AT,Austria,51071,369,NA
2020-11-14,BE,Belgium,37112,1396,3442
2020-11-14,BG,Bulgaria,22950,459,NA
2020-11-14,CH,Switzerland,45222,680,NA
2020-11-14,CY,Cyprus,1180,4,NA
2020-11-14,CZ,Czechia,47009,1377,NA
2020-11-14,DE,Germany,131619,1205,NA
2020-11-14,DK,Denmark,6848,17,273
2020-11-14,EE,Estonia,1479,7,72
2020-11-14,ES,Spain,129759,1936,9369
2020-11-14,FI,Finland,1717,7,NA
2020-11-14,FR,France,204033,4064,17654
2020-11-14,GB,United Kingdom,172915,2878,12472
2020-11-14,GR,Greece,17701,286,NA
2020-11-14,HR,Croatia,17140,254,1484
2020-11-14,HU,Hungary,31780,633,NA
2020-11-14,IE,Ireland,2671,33,96
2020-11-14,IS,Iceland,123,7,NA
2020-11-14,IT,Italy,242062,3620,NA
2020-11-14,LI,Liechtenstein,205,2,NA
2020-11-14,LT,Lithuania,10691,86,NA
2020-11-14,LU,Luxembourg,4125,39,NA
2020-11-14,LV,Latvia,2351,25,NA
2020-11-14,MT,Malta,878,21,NA
2020-11-14,NL,Netherlands,38057,483,1514
2020-11-14,NO,Norway,4191,9,107
2020-11-14,PL,Poland,169478,2409,NA
2020-11-14,PT,Portugal,37726,457,NA
2020-11-14,RO,Romania,56186,1020,NA
2020-11-14,SE,Sweden,30894,142,NA
2020-11-14,SI,Slovenia,9852,234,885
2020-11-14,SK,Slovakia,11900,159,NA
2020-11-21,AT,Austria,43671,582,NA
2020-11-21,BE,Belgium,25624,1219,2275
2020-11-21,BG,Bulgaria,23262,729,NA
2020-11-21,CH,Switzerland,33466,680,NA
2020-11-21,CY,Cyprus,1405,4,NA
2020-11-21,CZ,Czechia,32521,1037,NA
2020-11-21,DE,Germany,128257,1550,NA
2020-11-21,DK,Denmark,8557,24,268
2020-11-21,EE,Estonia,1963,7,125
2020-11-21,ES,Spain,98139,1850,7627
2020-11-21,FI,Finland,2114,6,NA
2020-11-21,FR,France,171052,4257,14291
2020-11-21,GB,United Kingdom,149027,2860,11648
2020-11-21,GR,Greece,17611,492,NA
2020-11-21,HR,Croatia,18566,298,1623
2020-11-21,HU,Hungary,33575,699,NA
2020-11-21,IE,Ireland,2617,44,84
2020-11-21,IS,Iceland,83,1,NA
2020-11-21,IT,Italy,235979,4578,NA
2020-11-21,LI,Liechtenstein,139,3,NA
2020-11-21,LT,Lithuania,11348,131,NA
2020-11-21,LU,Luxembourg,3831,41,NA
2020-11-21,LV,Latvia,2513,32,NA
2020-11-21,MT,Malta,905,16,NA
2020-11-21,NL,Netherlands,36802,427,1299
2020-11-21,NO,Norway,3918,12,107
2020-11-21,PL,Poland,152357,3243,NA
2020-11-21,PT,Portugal,44704,519,NA
2020-11-21,RO,Romania,59623,1103,NA
2020-11-21,SE,Sweden,30940,242,NA
2020-11-21,SI,Slovenia,10162,261,760
2020-11-21,SK,Slovakia,9690,134,NA
2020-11-28,AT,Austria,33699,690,NA
2020-11-28,BE,Belgium,17544,939,1732
2020-11-28,BG,Bulgaria,21050,929,NA
2020-11-28,CH,Switzerland,27689,625,NA
2020-11-28,CY,Cyprus,1775,5,NA
2020-11-28,CZ,Czechia,27899,959,NA
2020-11-28,DE,Germany,124504,2120,NA
2020-11-28,DK,Denmark,8719,42,279
2020-11-28,EE,Estonia,2323,22,159
2020-11-28,ES,Spain,71478,2049,5652
2020-11-28,FI,Finland,3091,18,NA
2020-11-28,FR,France,80452,3597,9656
2020-11-28,GB,United Kingdom,111789,3404,10118
2020-11-28,GR,Greece,12913,696,NA
2020-11-28,HR,Croatia,23283,351,1776
2020-11-28,HU,Hungary,34410,827,NA
2020-11-28,IE,Ireland,1799,28,92
2020-11-28,IS,Iceland,102,0,NA
2020-11-28,IT,Italy,184001,5102,NA
2020-11-28,LI,Liechtenstein,144,7,NA
2020-11-28,LT,Lithuania,13512,159,NA
2020-11-28,LU,Luxembourg,3647,40,NA
2020-11-28,LV,Latvia,3817,40,NA
2020-11-28,MT,Malta,787,21,NA
2020-11-28,NL,Netherlands,34065,456,1179
2020-11-28,NO,Norway,3194,22,103
2020-11-28,PL,Poland,130118,3458,NA
2020-11-28,PT,Portugal,34736,539,NA
2020-11-28,RO,Romania,53174,1129,NA
2020-11-28,SE,Sweden,34834,275,NA
2020-11-28,SI,Slovenia,9973,310,830
2020-11-28,SK,Slovakia,9375,154,NA
2020-12-05,AT,Austria,25028,739,NA
2020-12-05,BE,Belgium,15494,793,1359
2020-12-05,BG,Bulgaria,19097,980,NA
2020-12-05,CH,Switzerland,26207,641,NA
2020-12-05,CY,Cyprus,1950,9,NA
2020-12-05,CZ,Czechia,25530,761,NA
2020-12-05,DE,Germany,131146,2658,NA
2020-12-05,DK,Denmark,10504,55,289
2020-12-05,EE,Estonia,2802,17,183
2020-12-05,ES,Spain,56439,1584,4467
2020-12-05,FI,Finland,2911,22,NA
2020-12-05,FR,France,72150,2851,8603
2020-12-05,GB,United Kingdom,100799,2984,10084
2020-12-05,GR,Greece,11534,679,NA
2020-12-05,HR,Croatia,23761,447,2152
2020-12-05,HU,Hungary,38873,1190,NA
2020-12-05,IE,Ireland,2006,49,74
2020-12-05,IS,Iceland,105,1,NA
2020-12-05,IT,Italy,145459,5151,NA
2020-12-05,LI,Liechtenstein,125,2,NA
2020-12-05,LT,Lithuania,14252,195,NA
2020-12-05,LU,Luxembourg,3608,45,NA
2020-12-05,LV,Latvia,4226,60,NA
2020-12-05,MT,Malta,814,17,NA
2020-12-05,NL,Netherlands,37120,336,1154
2020-12-05,NO,Norway,2527,26,101
2020-12-05,PL,Poland,80680,3115,NA
2020-12-05,PT,Portugal,27934,513,NA
2020-12-05,RO,Romania,42363,1141,NA
2020-12-05,SE,Sweden,35783,386,NA
2020-12-05,SI,Slovenia,10518,364,822
2020-12-05,SK,Slovakia,10830,183,NA
2020-12-12,AT,Austria,19133,658,NA
2020-12-12,BE,Belgium,13217,538,1274
2020-12-12,BG,Bulgaria,18108,897,NA
2020-12-12,CH,Switzerland,29334,648,NA
2020-12-12,CY,Cyprus,2295,18,NA
2020-12-12,CZ,Czechia,31243,635,NA
2020-12-12,DE,Germany,152461,3061,NA
2020-12-12,DK,Denmark,18258,57,471
2020-12-12,EE,Estonia,3213,22,165
2020-12-12,ES,Spain,45928,1372,4204
2020-12-12,FI,Finland,3232,38,NA
2020-12-12,FR,France,82851,2774,8692
2020-12-12,GB,United Kingdom,124985,3012,11914
2020-12-12,GR,Greece,9274,638,NA
2020-12-12,HR,Croatia,25069,460,2341
2020-12-12,HU,Hungary,32666,1078,NA
2020-12-12,IE,Ireland,1808,24,84
2020-12-12,IS,Iceland,76,1,NA
2020-12-12,IT,Italy,115784,4522,NA
2020-12-12,LI,Liechtenstein,104,3,NA
2020-12-12,LT,Lithuania,17949,219,NA
2020-12-12,LU,Luxembourg,3738,47,NA
2020-12-12,LV,Latvia,4259,71,NA
2020-12-12,MT,Malta,678,17,NA
2020-12-12,NL,Netherlands,53158,357,1338
2020-12-12,NO,Norway,2730,33,90
2020-12-12,PL,Poland,72427,2815,NA
2020-12-12,PT,Portugal,26060,585,NA
2020-12-12,RO,Romania,43555,1078,NA
2020-12-12,SE,Sweden,41186,447,NA
2020-12-12,SI,Slovenia,10706,341,860
2020-12-12,SK,Slovakia,15332,167,NA
2020-12-19,AT,Austria,17387,794,NA
2020-12-19,BE,Belgium,20601,753,1345
2020-12-19,BG,Bulgaria,12077,925,NA
2020-12-19,CH,Switzerland,30158,667,NA
2020-12-19,CY,Cyprus,3000,14,NA
2020-12-19,CZ,Czechia,43414,821,NA
2020-12-19,DE,Germany,172417,4271,NA
2020-12-19,DK,Denmark,24490,84,752
2020-12-19,EE,Estonia,3506,22,221
2020-12-19,ES,Spain,66661,1302,4589
2020-12-19,FI,Finland,2403,36,NA
2020-12-19,FR,France,94099,2652,8872
2020-12-19,GB,United Kingdom,173263,3049,13860
2020-12-19,GR,Greece,6643,562,NA
2020-12-19,HR,Croatia,20464,539,2184
2020-12-19,HU,Hungary,23775,1130,NA
2020-12-19,IE,Ireland,3020,31,80
2020-12-19,IS,Iceland,69,0,NA
2020-12-19,IT,Italy,112308,4411,NA
2020-12-19,LI,Liechtenstein,229,5,NA
2020-12-19,LT,Lithuania,19577,280,NA
2020-12-19,LU,Luxembourg,2973,42,NA
2020-12-19,LV,Latvia,5251,103,NA
2020-12-19,MT,Malta,520,21,NA
2020-12-19,NL,Netherlands,73070,440,1656
2020-12-19,NO,Norway,2779,17,89
2020-12-19,PL,Poland,67410,2578,NA
2020-12-19,PT,Portugal,26087,602,NA
2020-12-19,RO,Romania,36044,1032,NA
2020-12-19,SE,Sweden,47022,479,NA
2020-12-19,SI,Slovenia,9532,273,750
2020-12-19,SK,Slovakia,18481,362,NA
2020-12-26,AT,Austria,13275,634,NA
2020-12-26,BE,Belgium,14270,613,1138
2020-12-26,BG,Bulgaria,6355,572,NA
2020-12-26,CH,Switzerland,24208,630,NA
2020-12-26,CY,Cyprus,1915,22,NA
2020-12-26,CZ,Czechia,48733,679,NA
2020-12-26,DE,Germany,137722,3775,NA
2020-12-26,DK,Denmark,19561,134,947
2020-12-26,EE,Estonia,3808,34,289
2020-12-26,ES,Spain,57715,898,4655
2020-12-26,FI,Finland,1968,35,NA
2020-12-26,FR,France,89549,2153,7802
2020-12-26,GB,United Kingdom,251786,3330,16092
2020-12-26,GR,Greece,4629,451,NA
2020-12-26,HR,Croatia,11325,512,1727
2020-12-26,HU,Hungary,15340,1037,NA
2020-12-26,IE,Ireland,6618,46,103
2020-12-26,IS,Iceland,62,0,NA
2020-12-26,IT,Italy,100676,3173,NA
2020-12-26,LI,Liechtenstein,289,6,NA
2020-12-26,LT,Lithuania,19925,306,NA
2020-12-26,LU,Luxembourg,1481,24,NA
2020-12-26,LV,Latvia,5522,88,NA
2020-12-26,MT,Malta,620,19,NA
2020-12-26,NL,Netherlands,77232,511,1882
2020-12-26,NO,Norway,3096,17,80
2020-12-26,PL,Poland,59847,1807,NA
2020-12-26,PT,Portugal,22209,493,NA
2020-12-26,RO,Romania,25816,812,NA
2020-12-26,SE,Sweden,28928,286,NA
2020-12-26,SI,Slovenia,9171,218,697
2020-12-26,SK,Slovakia,17374,222,NA
2021-01-02,AT,Austria,13818,432,NA
2021-01-02,BE,Belgium,11139,486,1080
2021-01-02,BG,Bulgaria,5496,521,NA
2021-01-02,CH,Switzerland,24099,580,NA
2021-01-02,CY,Cyprus,4054,18,NA
2021-01-02,CZ,Czechia,67900,877,NA
2021-01-02,DE,Germany,127300,4534,NA
2021-01-02,DK,Denmark,16374,192,1014
2021-01-02,EE,Estonia,3762,37,245
2021-01-02,ES,Spain,73314,1013,5668
2021-01-02,FI,Finland,1783,37,NA
2021-01-02,FR,France,91016,2346,7477
2021-01-02,GB,United Kingdom,343784,4165,22288
2021-01-02,GR,Greece,4595,368,NA
2021-01-02,HR,Croatia,7950,403,1547
2021-01-02,HU,Hungary,11326,830,NA
2021-01-02,IE,Ireland,11532,52,336
2021-01-02,IS,Iceland,71,1,NA
2021-01-02,IT,Italy,102442,3365,NA
2021-01-02,LI,Liechtenstein,202,8,NA
2021-01-02,LT,Lithuania,17023,317,NA
2021-01-02,LU,Luxembourg,1206,37,NA
2021-01-02,LV,Latvia,6110,153,NA
2021-01-02,MT,Malta,756,14,NA
2021-01-02,NL,Netherlands,59860,595,1939
2021-01-02,NO,Norway,3588,15,105
2021-01-02,PL,Poland,58823,1997,NA
2021-01-02,PT,Portugal,30874,489,NA
2021-01-02,RO,Romania,23635,811,NA
2021-01-02,SE,Sweden,41331,448,NA
2021-01-02,SI,Slovenia,10159,242,710
2021-01-02,SK,Slovakia,19595,518,NA
2021-01-09,AT,Austria,14769,412,NA
2021-01-09,BE,Belgium,13525,394,975
2021-01-09,BG,Bulgaria,5526,453,NA
2021-01-09,CH,Switzerland,25687,455,NA
2021-01-09,CY,Cyprus,3566,18,NA
2021-01-09,CZ,Czechia,87247,1151,NA
2021-01-09,DE,Germany,154922,6117,NA
2021-01-09,DK,Denmark,12699,197,885
2021-01-09,EE,Estonia,4300,37,266
2021-01-09,ES,Spain,122095,1037,8075
2021-01-09,FI,Finland,1788,25,NA
2021-01-09,FR,France,122716,2674,8934
2021-01-09,GB,United Kingdom,417620,6298,28514
2021-01-09,GR,Greece,4584,306,NA
2021-01-09,HR,Croatia,7085,326,1230
2021-01-09,HU,Hungary,13771,773,NA
2021-01-09,IE,Ireland,43801,84,632
2021-01-09,IS,Iceland,126,0,NA
2021-01-09,IT,Italy,116665,3409,NA
2021-01-09,LI,Liechtenstein,127,10,NA
2021-01-09,LT,Lithuania,13301,286,NA
2021-01-09,LU,Luxembourg,1329,32,NA
2021-01-09,LV,Latvia,7023,150,NA
2021-01-09,MT,Malta,1215,12,NA
2021-01-09,NL,Netherlands,52470,742,1727
2021-01-09,NO,Norway,4653,36,89
2021-01-09,PL,Poland,63609,1953,NA
2021-01-09,PT,Portugal,52317,656,NA
2021-01-09,RO,Romania,30807,673,NA
2021-01-09,SE,Sweden,52092,706,NA
2021-01-09,SI,Slovenia,14175,199,751
2021-01-09,SK,Slovakia,18992,586,NA
2021-01-16,AT,Austria,13440,366,NA
2021-01-16,BE,Belgium,14515,358,846
2021-01-16,BG,Bulgaria,3330,377,NA
2021-01-16,CH,Switzerland,17245,405,NA
2021-01-16,CY,Cyprus,1800,20,NA
2021-01-16,CZ,Czechia,61190,1237,NA
2021-01-16,DE,Germany,110183,5867,NA
2021-01-16,DK,Denmark,7959,205,746
2021-01-16,EE,Estonia,3602,42,271
2021-01-16,ES,Spain,201804,1440,12645
2021-01-16,FI,Finland,1709,32,NA
2021-01-16,FR,France,125412,2537,9790
2021-01-16,GB,United Kingdom,339952,7722,28779
2021-01-16,GR,Greece,4077,214,NA
2021-01-16,HR,Croatia,5228,246,1031
2021-01-16,HU,Hungary,10128,710,NA
2021-01-16,IE,Ireland,29053,259,919
2021-01-16,IS,Iceland,76,0,NA
2021-01-16,IT,Italy,110867,3406,NA
2021-01-16,LI,Liechtenstein,54,0,NA
2021-01-16,LT,Lithuania,8956,245,NA
2021-01-16,LU,Luxembourg,886,22,NA
2021-01-16,LV,Latvia,6145,143,NA
2021-01-16,MT,Malta,1235,6,NA
2021-01-16,NL,Netherlands,40721,658,1496
2021-01-16,NO,Norway,3526,45,95
2021-01-16,PL,Poland,53223,2202,NA
2021-01-16,PT,Portugal,63229,1008,NA
2021-01-16,RO,Romania,23286,572,NA
2021-01-16,SE,Sweden,34015,890,NA
2021-01-16,SI,Slovenia,10038,167,788
2021-01-16,SK,Slovakia,17516,581,NA
2021-01-23,AT,Austria,11001,336,NA
2021-01-23,BE,Belgium,14645,330,964
2021-01-23,BG,Bulgaria,2960,337,NA
2021-01-23,CH,Switzerland,14051,355,NA
2021-01-23,CY,Cyprus,1076,16,NA
2021-01-23,CZ,Czechia,49455,1055,NA
2021-01-23,DE,Germany,99046,5409,NA
2021-01-23,DK,Denmark,5718,222,623
2021-01-23,EE,Estonia,3493,48,300
2021-01-23,ES,Spain,247396,2127,16537
2021-01-23,FI,Finland,2233,26,NA
2021-01-23,FR,France,138788,2731,11064
2021-01-23,GB,United Kingdom,260098,8739,26168
2021-01-23,GR,Greece,3276,181,NA
2021-01-23,HR,Croatia,3993,211,809
2021-01-23,HU,Hungary,7730,640,NA
2021-01-23,IE,Ireland,16404,352,863
2021-01-23,IS,Iceland,25,0,NA
2021-01-23,IT,Italy,86452,3362,NA
2021-01-23,LI,Liechtenstein,54,3,NA
2021-01-23,LT,Lithuania,6735,212,NA
2021-01-23,LU,Luxembourg,808,13,NA
2021-01-23,LV,Latvia,5399,136,NA
2021-01-23,MT,Malta,1095,12,NA
2021-01-23,NL,Netherlands,37086,545,1387
2021-01-23,NO,Norway,2358,27,82
2021-01-23,PL,Poland,41267,2040,NA
2021-01-23,PT,Portugal,85053,1485,NA
2021-01-23,RO,Romania,17706,558,NA
2021-01-23,SE,Sweden,23680,682,NA
2021-01-23,SI,Slovenia,8737,189,677
2021-01-23,SK,Slovakia,11819,548,NA
2021-01-30,AT,Austria,9696,314,NA
2021-01-30,BE,Belgium,15983,340,866
2021-01-30,BG,Bulgaria,3922,217,NA
2021-01-30,CH,Switzerland,12041,280,NA
2021-01-30,CY,Cyprus,883,14,NA
2021-01-30,CZ,Czechia,47353,941,NA
2021-01-30,DE,Germany,87220,5232,NA
2021-01-30,DK,Denmark,4178,137,418
2021-01-30,EE,Estonia,3563,43,300
2021-01-30,ES,Spain,243559,2878,15605
2021-01-30,FI,Finland,2537,27,NA
2021-01-30,FR,France,140954,2981,11355
2021-01-30,GB,United Kingdom,178629,8242,20457
2021-01-30,GR,Greece,4827,157,NA
2021-01-30,HR,Croatia,3522,199,720
2021-01-30,HU,Hungary,7962,559,NA
2021-01-30,IE,Ireland,9119,345,620
2021-01-30,IS,Iceland,21,0,NA
2021-01-30,IT,Italy,86598,3117,NA
2021-01-30,LI,Liechtenstein,56,0,NA
2021-01-30,LT,Lithuania,5811,160,NA
2021-01-30,LU,Luxembourg,950,15,NA
2021-01-30,LV,Latvia,5212,83,NA
2021-01-30,MT,Malta,1179,15,NA
2021-01-30,NL,Netherlands,30733,449,1259
2021-01-30,NO,Norway,1990,20,55
2021-01-30,PL,Poland,37795,1829,NA
2021-01-30,PT,Portugal,86549,1985,NA
2021-01-30,RO,Romania,17724,542,NA
2021-01-30,SE,Sweden,19791,586,NA
2021-01-30,SI,Slovenia,8594,161,601
2021-01-30,SK,Slovakia,13619,600,NA
2021-02-06,AT,Austria,9314,291,NA
2021-02-06,BE,Belgium,16033,286,897
2021-02-06,BG,Bulgaria,4934,283,NA
2021-02-06,CH,Switzerland,10553,200,NA
2021-02-06,CY,Cyprus,874,14,NA
2021-02-06,CZ,Czechia,49398,918,NA
2021-02-06,DE,Germany,60092,4446,NA
2021-02-06,DK,Denmark,3091,109,258
2021-02-06,EE,Estonia,3765,45,291
2021-02-06,ES,Spain,198871,3067,11608
2021-02-06,FI,Finland,2391,17,NA
2021-02-06,FR,France,135999,2923,11234
2021-02-06,GB,United Kingdom,133747,6521,15892
2021-02-06,GR,Greece,6740,172,NA
2021-02-06,HR,Croatia,3036,146,681
2021-02-06,HU,Hungary,8846,563,NA
2021-02-06,IE,Ireland,7245,382,495
2021-02-06,IS,Iceland,19,0,NA
2021-02-06,IT,Italy,83315,2724,NA
2021-02-06,LI,Liechtenstein,25,0,NA
2021-02-06,LT,Lithuania,4538,136,NA
2021-02-06,LU,Luxembourg,1124,13,NA
2021-02-06,LV,Latvia,5612,147,NA
2021-02-06,MT,Malta,855,14,NA
2021-02-06,NL,Netherlands,27051,396,1222
2021-02-06,NO,Norway,1860,18,35
2021-02-06,PL,Poland,36856,1912,NA
2021-02-06,PT,Portugal,50888,1775,NA
2021-02-06,RO,Romania,16425,545,NA
2021-02-06,SE,Sweden,21105,524,NA
2021-02-06,SI,Slovenia,7314,122,511
2021-02-06,SK,Slovakia,13584,570,NA
2021-02-13,AT,Austria,9781,201,NA
2021-02-13,BE,Belgium,13245,282,851
2021-02-13,BG,Bulgaria,5964,297,NA
2021-02-13,CH,Switzerland,8854,140,NA
2021-02-13,CY,Cyprus,746,9,NA
2021-02-13,CZ,Czechia,52737,929,NA
2021-02-13,DE,Germany,51903,3439,NA
2021-02-13,DK,Denmark,2881,69,207
2021-02-13,EE,Estonia,4237,35,300
2021-02-13,ES,Spain,114045,3361,7539
2021-02-13,FI,Finland,2745,22,NA
2021-02-13,FR,France,128532,2843,10247
2021-02-13,GB,United Kingdom,97271,4816,11865
2021-02-13,GR,Greece,8253,152,NA
2021-02-13,HR,Croatia,2333,155,474
2021-02-13,HU,Hungary,10630,610,NA
2021-02-13,IE,Ireland,6248,257,347
2021-02-13,IS,Iceland,12,0,NA
2021-02-13,IT,Italy,85721,2353,NA
2021-02-13,LI,Liechtenstein,20,0,NA
2021-02-13,LT,Lithuania,3963,130,NA
2021-02-13,LU,Luxembourg,1027,16,NA
2021-02-13,LV,Latvia,4962,116,NA
2021-02-13,MT,Malta,1075,11,NA
2021-02-13,NL,Netherlands,24011,438,1149
2021-02-13,NO,Norway,1739,10,49
2021-02-13,PL,Poland,38091,1715,NA
2021-02-13,PT,Portugal,22173,1229,NA
2021-02-13,RO,Romania,16748,516,NA
2021-02-13,SE,Sweden,20349,313,NA
2021-02-13,SI,Slovenia,5947,93,375
2021-02-13,SK,Slovakia,14460,677,NA
2021-02-20,AT,Austria,11233,173,NA
2021-02-20,BE,Belgium,15264,253,840
2021-02-20,BG,Bulgaria,6923,231,NA
2021-02-20,CH,Switzerland,7048,107,NA
2021-02-20,CY,Cyprus,763,9,NA
2021-02-20,CZ,Czechia,63472,1039,NA
2021-02-20,DE,Germany,51515,2893,NA
2021-02-20,DK,Denmark,3014,49,169
2021-02-20,EE,Estonia,5284,37,330
2021-02-20,ES,Spain,77087,2354,4826
2021-02-20,FI,Finland,3278,16,NA
2021-02-20,FR,France,130902,2449,9560
2021-02-20,GB,United Kingdom,78569,3457,9642
2021-02-20,GR,Greece,7452,169,NA
2021-02-20,HR,Croatia,2226,121,470
2021-02-20,HU,Hungary,14356,616,NA
2021-02-20,IE,Ireland,5582,204,302
2021-02-20,IS,Iceland,12,0,NA
2021-02-20,IT,Italy,84977,2130,NA
2021-02-20,LI,Liechtenstein,7,2,NA
2021-02-20,LT,Lithuania,3321,105,NA
2021-02-20,LU,Luxembourg,1243,16,NA
2021-02-20,LV,Latvia,4827,95,NA
2021-02-20,MT,Malta,1111,13,NA
2021-02-20,NL,Netherlands,26128,407,1162
2021-02-20,NO,Norway,1923,15,49
2021-02-20,PL,Poland,48106,1368,NA
2021-02-20,PT,Portugal,12260,714,NA
2021-02-20,RO,Romania,17185,470,NA
2021-02-20,SE,Sweden,22755,221,NA
2021-02-20,SI,Slovenia,5204,64,300
2021-02-20,SK,Slovakia,14223,612,NA
2021-02-27,AT,Austria,13781,170,NA
2021-02-27,BE,Belgium,17035,165,1010
2021-02-27,BG,Bulgaria,10267,328,NA
2021-02-27,CH,Switzerland,7157,76,NA
2021-02-27,CY,Cyprus,1271,2,NA
2021-02-27,CZ,Czechia,81274,1097,NA
2021-02-27,DE,Germany,55756,2209,NA
2021-02-27,DK,Denmark,3651,25,174
2021-02-27,EE,Estonia,7366,56,364
2021-02-27,ES,Spain,55431,2041,3793
2021-02-27,FI,Finland,3767,16,NA
2021-02-27,FR,France,149767,2165,9633
2021-02-27,GB,United Kingdom,64844,2340,6994
2021-02-27,GR,Greece,10913,196,NA
2021-02-27,HR,Croatia,2932,91,463
2021-02-27,HU,Hungary,24019,650,NA
2021-02-27,IE,Ireland,4602,178,223
2021-02-27,IS,Iceland,4,0,NA
2021-02-27,IT,Italy,112029,2021,NA
2021-02-27,LI,Liechtenstein,21,0,NA
2021-02-27,LT,Lithuania,3781,72,NA
2021-02-27,LU,Luxembourg,1328,15,NA
2021-02-27,LV,Latvia,4701,76,NA
2021-02-27,MT,Malta,1457,10,NA
2021-02-27,NL,Netherlands,32056,343,1148
2021-02-27,NO,Norway,2511,15,79
2021-02-27,PL,Poland,65158,1579,NA
2021-02-27,PT,Portugal,7505,379,NA
2021-02-27,RO,Romania,21888,492,NA
2021-02-27,SE,Sweden,26143,177,NA
2021-02-27,SI,Slovenia,5275,67,303
2021-02-27,SK,Slovakia,15811,651,NA
2021-03-06,AT,Austria,15554,156,NA
2021-03-06,BE,Belgium,16395,188,1026
2021-03-06,BG,Bulgaria,13105,426,NA
2021-03-06,CH,Switzerland,7358,58,NA
2021-03-06,CY,Cyprus,2151,1,NA
2021-03-06,CZ,Czechia,84569,1364,NA
2021-03-06,DE,Germany,57974,1859,NA
2021-03-06,DK,Denmark,3594,19,198
2021-03-06,EE,Estonia,9285,60,528
2021-03-06,ES,Spain,-39541,1996,3128
2021-03-06,FI,Finland,4500,25,NA
2021-03-06,FR,France,143708,2100,9480
2021-03-06,GB,United Kingdom,42824,1714,5079
2021-03-06,GR,Greece,14147,237,NA
2021-03-06,HR,Croatia,3503,74,502
2021-03-06,HU,Hungary,35686,863,NA
2021-03-06,IE,Ireland,3719,106,180
2021-03-06,IS,Iceland,10,0,NA
2021-03-06,IT,Italy,138937,2071,NA
2021-03-06,LI,Liechtenstein,23,0,NA
2021-03-06,LT,Lithuania,4456,87,NA
2021-03-06,LU,Luxembourg,1186,15,NA
2021-03-06,LV,Latvia,4199,73,NA
2021-03-06,MT,Malta,1997,16,NA
2021-03-06,NL,Netherlands,31528,260,1146
2021-03-06,NO,Norway,3720,10,95
2021-03-06,PL,Poland,84460,1503,NA
2021-03-06,PT,Portugal,5568,236,NA
2021-03-06,RO,Romania,25831,567,NA
2021-03-06,SE,Sweden,27652,177,NA
2021-03-06,SI,Slovenia,5459,52,324
2021-03-06,SK,Slovakia,15836,664,NA
2021-03-13,AT,Austria,18194,162,NA
2021-03-13,BE,Belgium,19512,181,1095
2021-03-13,BG,Bulgaria,18067,641,NA
2021-03-13,CH,Switzerland,8355,65,NA
2021-03-13,CY,Cyprus,2702,6,NA
2021-03-13,CZ,Czechia,79944,1525,NA
2021-03-13,DE,Germany,67713,1418,NA
2021-03-13,DK,Denmark,5592,13,187
2021-03-13,EE,Estonia,10188,66,526
2021-03-13,ES,Spain,34692,1120,3033
2021-03-13,FI,Finland,4454,19,NA
2021-03-13,FR,France,161662,1829,9832
2021-03-13,GB,United Kingdom,40477,1045,3748
2021-03-13,GR,Greece,15543,333,NA
2021-03-13,HR,Croatia,4364,85,577
2021-03-13,HU,Hungary,47811,1025,NA
2021-03-13,IE,Ireland,3659,115,155
2021-03-13,IS,Iceland,13,0,NA
2021-03-13,IT,Italy,155076,2303,NA
2021-03-13,LI,Liechtenstein,13,1,NA
2021-03-13,LT,Lithuania,3155,68,NA
2021-03-13,LU,Luxembourg,1207,29,NA
2021-03-13,LV,Latvia,3475,70,NA
2021-03-13,MT,Malta,2051,21,NA
2021-03-13,NL,Netherlands,35669,243,1259
2021-03-13,NO,Norway,5254,7,165
2021-03-13,PL,Poland,108015,1909,NA
2021-03-13,PT,Portugal,4304,157,NA
2021-03-13,RO,Romania,30331,585,NA
2021-03-13,SE,Sweden,27566,143,NA
2021-03-13,SI,Slovenia,4768,41,270
2021-03-13,SK,Slovakia,14131,701,NA
2021-03-20,AT,Austria,20375,196,NA
2021-03-20,BE,Belgium,22620,229,1357
2021-03-20,BG,Bulgaria,24602,732,NA
2021-03-20,CH,Switzerland,9964,64,NA
2021-03-20,CY,Cyprus,2605,4,NA
2021-03-20,CZ,Czechia,67298,1447,NA
2021-03-20,DE,Germany,99369,1337,NA
2021-03-20,DK,Denmark,4930,9,175
2021-03-20,EE,Estonia,10156,70,532
2021-03-20,ES,Spain,28628,652,2846
2021-03-20,FI,Finland,5117,19,NA
2021-03-20,FR,France,205091,1813,10955
2021-03-20,GB,United Kingdom,37451,658,3011
2021-03-20,GR,Greece,16090,383,NA
2021-03-20,HR,Croatia,6321,83,689
2021-03-20,HU,Hungary,53344,1278,NA
2021-03-20,IE,Ireland,3473,51,143
2021-03-20,IS,Iceland,25,0,NA
2021-03-20,IT,Italy,154493,2761,NA
2021-03-20,LI,Liechtenstein,25,1,NA
2021-03-20,LT,Lithuania,3696,75,NA
2021-03-20,LU,Luxembourg,1452,33,NA
2021-03-20,LV,Latvia,3665,64,NA
2021-03-20,MT,Malta,1637,19,NA
2021-03-20,NL,Netherlands,43362,214,1384
2021-03-20,NO,Norway,6562,9,221
2021-03-20,PL,Poland,147340,2091,NA
2021-03-20,PT,Portugal,3364,93,NA
2021-03-20,RO,Romania,37522,693,NA
2021-03-20,SE,Sweden,31745,116,NA
2021-03-20,SI,Slovenia,5655,38,317
2021-03-20,SK,Slovakia,11709,538,NA
2021-03-27,AT,Austria,22346,179,NA
2021-03-27,BE,Belgium,38122,220,1662
2021-03-27,BG,Bulgaria,25290,684,NA
2021-03-27,CH,Switzerland,11608,61,NA
2021-03-27,CY,Cyprus,2423,8,NA
2021-03-27,CZ,Czechia,51615,1248,NA
2021-03-27,DE,Germany,113692,1209,NA
2021-03-27,DK,Denmark,2201,14,198
2021-03-27,EE,Estonia,8710,80,543
2021-03-27,ES,Spain,42992,2100,3165
2021-03-27,FI,Finland,4422,12,NA
2021-03-27,FR,France,254568,2304,12719
2021-03-27,GB,United Kingdom,37909,451,2345
2021-03-27,GR,Greece,16979,405,NA
2021-03-27,HR,Croatia,9096,119,932
2021-03-27,HU,Hungary,63808,1684,NA
2021-03-27,IE,Ireland,4106,68,133
2021-03-27,IS,Iceland,66,0,NA
2021-03-27,IT,Italy,156122,2994,NA
2021-03-27,LI,Liechtenstein,22,0,NA
2021-03-27,LT,Lithuania,4797,75,NA
2021-03-27,LU,Luxembourg,1510,24,NA
2021-03-27,LV,Latvia,3567,51,NA
2021-03-27,MT,Malta,904,16,NA
2021-03-27,NL,Netherlands,50427,190,1589
2021-03-27,NO,Norway,6107,8,212
2021-03-27,PL,Poland,185025,2594,NA
2021-03-27,PT,Portugal,2962,65,NA
2021-03-27,RO,Romania,39331,865,NA
2021-03-27,SE,Sweden,35746,140,NA
2021-03-27,SI,Slovenia,6531,44,371
2021-03-27,SK,Slovakia,9041,448,NA
2021-04-03,AT,Austria,22226,203,NA
2021-04-03,BE,Belgium,31411,260,1885
2021-04-03,BG,Bulgaria,24489,857,NA
2021-04-03,CH,Switzerland,13125,68,NA
2021-04-03,CY,Cyprus,2977,11,NA
2021-04-03,CZ,Czechia,38713,1089,NA
2021-04-03,DE,Germany,103104,1095,NA
2021-04-03,DK,Denmark,5669,15,230
2021-04-03,EE,Estonia,6199,71,502
2021-04-03,ES,Spain,45641,688,3545
2021-04-03,FI,Finland,3549,29,NA
2021-04-03,FR,France,229985,1957,13761
2021-04-03,GB,United Kingdom,27911,253,1740
2021-04-03,GR,Greece,20869,476,NA
2021-04-03,HR,Croatia,12749,153,1218
2021-04-03,HU,Hungary,54634,1752,NA
2021-04-03,IE,Ireland,3758,62,128
2021-04-03,IS,Iceland,62,0,NA
2021-04-03,IT,Italy,137794,3068,NA
2021-04-03,LI,Liechtenstein,30,0,NA
2021-04-03,LT,Lithuania,5431,63,NA
2021-04-03,LU,Luxembourg,1640,12,NA
2021-04-03,LV,Latvia,3151,51,NA
2021-04-03,MT,Malta,381,12,NA
2021-04-03,NL,Netherlands,50317,156,1654
2021-04-03,NO,Norway,5633,17,212
2021-04-03,PL,Poland,193859,2984,NA
2021-04-03,PT,Portugal,3100,48,NA
2021-04-03,RO,Romania,38045,976,NA
2021-04-03,SE,Sweden,33173,96,NA
2021-04-03,SI,Slovenia,7380,57,401
2021-04-03,SK,Slovakia,7637,522,NA
2021-04-10,AT,Austria,18743,228,NA
2021-04-10,BE,Belgium,25013,298,1749
2021-04-10,BG,Bulgaria,19272,844,NA
2021-04-10,CH,Switzerland,12201,70,NA
2021-04-10,CY,Cyprus,3753,11,NA
2021-04-10,CZ,Czechia,28238,867,NA
2021-04-10,DE,Germany,123423,1392,NA
2021-04-10,DK,Denmark,4383,11,208
2021-04-10,EE,Estonia,4799,89,397
2021-04-10,ES,Spain,46547,630,4231
2021-04-10,FI,Finland,2613,22,NA
2021-04-10,FR,France,196477,2081,13958
2021-04-10,GB,United Kingdom,10954,254,1488
2021-04-10,GR,Greece,20304,531,NA
2021-04-10,HR,Croatia,12249,244,1460
2021-04-10,HU,Hungary,34455,1707,NA
2021-04-10,IE,Ireland,2948,68,100
2021-04-10,IS,Iceland,33,0,NA
2021-04-10,IT,Italy,103830,3219,NA
2021-04-10,LI,Liechtenstein,59,0,NA
2021-04-10,LT,Lithuania,6430,69,NA
2021-04-10,LU,Luxembourg,1362,13,NA
2021-04-10,LV,Latvia,3373,63,NA
2021-04-10,MT,Malta,359,5,NA
2021-04-10,NL,Netherlands,47123,148,1663
2021-04-10,NO,Norway,4872,11,204
2021-04-10,PL,Poland,137314,3439,NA
2021-04-10,PT,Portugal,3786,35,NA
2021-04-10,RO,Romania,32641,1033,NA
2021-04-10,SE,Sweden,44210,123,NA
2021-04-10,SI,Slovenia,6530,44,426
2021-04-10,SK,Slovakia,5851,539,NA
2021-04-17,AT,Austria,16592,208,NA
2021-04-17,BE,Belgium,24513,290,1644
2021-04-17,BG,Bulgaria,14432,787,NA
2021-04-17,CH,Switzerland,14856,50,NA
2021-04-17,CY,Cyprus,4372,16,NA
2021-04-17,CZ,Czechia,22369,662,NA
2021-04-17,DE,Germany,144853,1569,NA
2021-04-17,DK,Denmark,4630,13,180
2021-04-17,EE,Estonia,3275,62,291
2021-04-17,ES,Spain,59771,653,4554
2021-04-17,FI,Finland,1926,19,NA
2021-04-17,FR,France,317923,2005,13627
2021-04-17,GB,United Kingdom,17893,180,1262
2021-04-17,GR,Greece,19681,564,NA
2021-04-17,HR,Croatia,15326,254,1605
2021-04-17,HU,Hungary,32934,1768,NA
2021-04-17,IE,Ireland,2595,52,105
2021-04-17,IS,Iceland,28,0,NA
2021-04-17,IT,Italy,103366,2753,NA
2021-04-17,LI,Liechtenstein,66,0,NA
2021-04-17,LT,Lithuania,7521,80,NA
2021-04-17,LU,Luxembourg,1279,22,NA
2021-04-17,LV,Latvia,3757,62,NA
2021-04-17,MT,Malta,379,7,NA
2021-04-17,NL,Netherlands,52881,150,1573
2021-04-17,NO,Norway,4170,24,172
2021-04-17,PL,Poland,122976,3649,NA
2021-04-17,PT,Portugal,3632,32,NA
2021-04-17,RO,Romania,24174,1066,NA
2021-04-17,SE,Sweden,42737,167,NA
2021-04-17,SI,Slovenia,5643,41,441
2021-04-17,SK,Slovakia,4863,556,NA
2021-04-24,AT,Austria,15607,200,NA
2021-04-24,BE,Belgium,25041,272,1639
2021-04-24,BG,Bulgaria,11137,721,NA
2021-04-24,CH,Switzerland,14110,54,NA
2021-04-24,CY,Cyprus,6169,10,NA
2021-04-24,CZ,Czechia,17727,524,NA
2021-04-24,DE,Germany,136988,1639,NA
2021-04-24,DK,Denmark,5279,22,200
2021-04-24,EE,Estonia,2989,55,256
2021-04-24,ES,Spain,61334,610,4405
2021-04-24,FI,Finland,1974,16,NA
2021-04-24,FR,France,210197,2099,12854
2021-04-24,GB,United Kingdom,17232,157,1028
2021-04-24,GR,Greece,18286,553,NA
2021-04-24,HR,Croatia,15147,292,1739
2021-04-24,HU,Hungary,20388,1441,NA
2021-04-24,IE,Ireland,2966,37,104
2021-04-24,IS,Iceland,104,0,NA
2021-04-24,IT,Italy,92074,2345,NA
2021-04-24,LI,Liechtenstein,62,1,NA
2021-04-24,LT,Lithuania,7693,90,NA
2021-04-24,LU,Luxembourg,1261,5,NA
2021-04-24,LV,Latvia,3958,53,NA
2021-04-24,MT,Malta,222,3,NA
2021-04-24,NL,Netherlands,57796,134,1768
2021-04-24,NO,Norway,3246,28,140
2021-04-24,PL,Poland,75758,3397,NA
2021-04-24,PT,Portugal,3404,17,NA
2021-04-24,RO,Romania,17683,1195,NA
2021-04-24,SE,Sweden,38205,135,NA
2021-04-24,SI,Slovenia,5020,50,405
2021-04-24,SK,Slovakia,4140,415,NA
2021-05-01,AT,Austria,13531,163,NA
2021-05-01,BE,Belgium,21393,268,1351
2021-05-01,BG,Bulgaria,7746,585,NA
2021-05-01,CH,Switzerland,13465,71,NA
2021-05-01,CY,Cyprus,4333,14,NA
2021-05-01,CZ,Czechia,14864,396,NA
2021-05-01,DE,Germany,132607,1597,NA
2021-05-01,DK,Denmark,5035,15,172
2021-05-01,EE,Estonia,2450,29,209
2021-05-01,ES,Spain,55460,625,3968
2021-05-01,FI,Finland,1489,11,NA
2021-05-01,FR,France,165210,1961,11032
2021-05-01,GB,United Kingdom,15360,107,861
2021-05-01,GR,Greece,14692,503,NA
2021-05-01,HR,Croatia,12857,315,1579
2021-05-01,HU,Hungary,14109,1281,NA
2021-05-01,IE,Ireland,3233,34,96
2021-05-01,IS,Iceland,82,0,NA
2021-05-01,IT,Italy,86100,2012,NA
2021-05-01,LI,Liechtenstein,70,0,NA
2021-05-01,LT,Lithuania,8133,96,NA
2021-05-01,LU,Luxembourg,1198,6,NA
2021-05-01,LV,Latvia,4415,38,NA
2021-05-01,MT,Malta,158,3,NA
2021-05-01,NL,Netherlands,48983,131,1767
2021-05-01,NO,Norway,2869,20,80
2021-05-01,PL,Poland,46985,2702,NA
2021-05-01,PT,Portugal,2983,17,NA
2021-05-01,RO,Romania,11850,927,NA
2021-05-01,SE,Sweden,35261,125,NA
2021-05-01,SI,Slovenia,4696,55,382
2021-05-01,SK,Slovakia,3244,274,NA
2021-05-08,AT,Austria,9565,141,NA
2021-05-08,BE,Belgium,20917,253,1141
2021-05-08,BG,Bulgaria,5115,458,NA
2021-05-08,CH,Switzerland,10639,47,NA
2021-05-08,CY,Cyprus,3254,22,NA
2021-05-08,CZ,Czechia,11403,331,NA
2021-05-08,DE,Germany,106987,1582,NA
2021-05-08,DK,Denmark,6137,8,162
2021-05-08,EE,Estonia,2451,29,189
2021-05-08,ES,Spain,43331,576,3261
2021-05-08,FI,Finland,1465,8,NA
2021-05-08,FR,France,120870,1523,8478
2021-05-08,GB,United Kingdom,14560,79,795
2021-05-08,GR,Greece,14155,525,NA
2021-05-08,HR,Croatia,9600,294,1266
2021-05-08,HU,Hungary,9265,803,NA
2021-05-08,IE,Ireland,2866,13,86
2021-05-08,IS,Iceland,34,0,NA
2021-05-08,IT,Italy,67304,1661,NA
2021-05-08,LI,Liechtenstein,31,1,NA
2021-05-08,LT,Lithuania,8251,87,NA
2021-05-08,LU,Luxembourg,948,5,NA
2021-05-08,LV,Latvia,3961,69,NA
2021-05-08,MT,Malta,131,2,NA
2021-05-08,NL,Netherlands,51362,150,1472
2021-05-08,NO,Norway,2875,11,60
2021-05-08,PL,Poland,30579,1942,NA
2021-05-08,PT,Portugal,2311,15,NA
2021-05-08,RO,Romania,8682,709,NA
2021-05-08,SE,Sweden,34188,125,NA
2021-05-08,SI,Slovenia,4484,28,282
2021-05-08,SK,Slovakia,2675,258,NA
2021-05-15,AT,Austria,6374,96,NA
2021-05-15,BE,Belgium,15720,175,1021
2021-05-15,BG,Bulgaria,4080,348,NA
2021-05-15,CH,Switzerland,8897,27,NA
2021-05-15,CY,Cyprus,1736,12,NA
2021-05-15,CZ,Czechia,7903,239,NA
2021-05-15,DE,Germany,64985,1311,NA
2021-05-15,DK,Denmark,7357,5,213
2021-05-15,EE,Estonia,2021,25,140
2021-05-15,ES,Spain,37391,547,2585
2021-05-15,FI,Finland,1317,9,NA
2021-05-15,FR,France,93546,1234,5787
2021-05-15,GB,United Kingdom,15761,72,720
2021-05-15,GR,Greece,15254,387,NA
2021-05-15,HR,Croatia,6081,263,1041
2021-05-15,HU,Hungary,6865,610,NA
2021-05-15,IE,Ireland,3028,22,NA
2021-05-15,IS,Iceland,31,0,NA
2021-05-15,IT,Italy,50453,1369,NA
2021-05-15,LI,Liechtenstein,17,0,NA
2021-05-15,LT,Lithuania,7818,64,NA
2021-05-15,LU,Luxembourg,769,5,NA
2021-05-15,LV,Latvia,4266,49,NA
2021-05-15,MT,Malta,40,0,NA
2021-05-15,NL,Netherlands,40259,117,1261
2021-05-15,NO,Norway,2918,7,72
2021-05-15,PL,Poland,22715,1743,NA
2021-05-15,PT,Portugal,2590,15,NA
2021-05-15,RO,Romania,6080,582,NA
2021-05-15,SE,Sweden,29334,102,NA
2021-05-15,SI,Slovenia,3221,34,252
2021-05-15,SK,Slovakia,2025,213,NA
2021-05-22,AT,Austria,4452,71,NA
2021-05-22,BE,Belgium,17057,137,847
2021-05-22,BG,Bulgaria,2524,237,NA
2021-05-22,CH,Switzerland,7843,42,NA
2021-05-22,CY,Cyprus,937,7,NA
2021-05-22,CZ,Czechia,5320,126,NA
2021-05-22,DE,Germany,57147,1285,NA
2021-05-22,DK,Denmark,7120,5,169
2021-05-22,EE,Estonia,1567,20,144
2021-05-22,ES,Spain,31654,281,2089
2021-05-22,FI,Finland,1527,1,NA
2021-05-22,FR,France,-272773,968,4797
2021-05-22,GB,United Kingdom,11595,41,810
2021-05-22,GR,Greece,13098,369,NA
2021-05-22,HR,Croatia,3825,196,658
2021-05-22,HU,Hungary,4243,361,NA
2021-05-22,IE,Ireland,3032,0,NA
2021-05-22,IS,Iceland,18,0,NA
2021-05-22,IT,Italy,34816,1090,NA
2021-05-22,LI,Liechtenstein,14,0,NA
2021-05-22,LT,Lithuania,5652,85,NA
2021-05-22,LU,Luxembourg,623,4,NA
2021-05-22,LV,Latvia,3115,66,NA
2021-05-22,MT,Malta,21,0,NA
2021-05-22,NL,Netherlands,29082,101,977
2021-05-22,NO,Norway,2911,7,63
2021-05-22,PL,Poland,12635,1273,NA
2021-05-22,PT,Portugal,2963,11,NA
2021-05-22,RO,Romania,3902,400,NA
2021-05-22,SE,Sweden,21215,91,NA
2021-05-22,SI,Slovenia,2517,29,164
2021-05-22,SK,Slovakia,1299,83,NA
2021-05-29,AT,Austria,3331,51,NA
2021-05-29,BE,Belgium,12635,98,630
2021-05-29,BG,Bulgaria,1656,170,NA
2021-05-29,CH,Switzerland,5670,29,NA
2021-05-29,CY,Cyprus,527,7,NA
2021-05-29,CZ,Czechia,3377,89,NA
2021-05-29,DE,Germany,31653,1028,NA
2021-05-29,DK,Denmark,6775,9,162
2021-05-29,EE,Estonia,935,10,72
2021-05-29,ES,Spain,32205,285,1868
2021-05-29,FI,Finland,839,16,NA
2021-05-29,FR,France,61415,802,3423
2021-05-29,GB,United Kingdom,20499,59,880
2021-05-29,GR,Greece,11466,290,NA
2021-05-29,HR,Croatia,2220,119,481
2021-05-29,HU,Hungary,2360,234,NA
2021-05-29,IE,Ireland,2943,0,NA
2021-05-29,IS,Iceland,21,1,NA
2021-05-29,IT,Italy,24865,849,NA
2021-05-29,LI,Liechtenstein,10,0,NA
2021-05-29,LT,Lithuania,3490,72,NA
2021-05-29,LU,Luxembourg,285,4,NA
2021-05-29,LV,Latvia,2206,47,NA
2021-05-29,MT,Malta,30,2,NA
2021-05-29,NL,Netherlands,21889,78,614
2021-05-29,NO,Norway,2692,2,54
2021-05-29,PL,Poland,6825,800,NA
2021-05-29,PT,Portugal,3402,6,NA
2021-05-29,RO,Romania,2190,362,NA
2021-05-29,SE,Sweden,10132,85,NA
2021-05-29,SI,Slovenia,1962,23,116
2021-05-29,SK,Slovakia,721,47,NA
2021-06-05,AT,Austria,2231,44,NA
2021-06-05,BE,Belgium,10111,98,523
2021-06-05,BG,Bulgaria,1205,156,NA
2021-06-05,CH,Switzerland,4269,18,NA
2021-06-05,CY,Cyprus,387,3,NA
2021-06-05,CZ,Czechia,2428,56,NA
2021-06-05,DE,Germany,22262,815,NA
2021-06-05,DK,Denmark,6202,2,154
2021-06-05,EE,Estonia,644,12,52
2021-06-05,ES,Spain,29323,291,1674
2021-06-05,FI,Finland,914,11,NA
2021-06-05,FR,France,47597,592,2948
2021-06-05,GB,United Kingdom,30724,61,890
2021-06-05,GR,Greece,8394,229,NA
2021-06-05,HR,Croatia,1453,78,293
2021-06-05,HU,Hungary,1839,133,NA
2021-06-05,IE,Ireland,2879,0,NA
2021-06-05,IS,Iceland,21,0,NA
2021-06-05,IT,Italy,17098,470,NA
2021-06-05,LI,Liechtenstein,12,0,NA
2021-06-05,LT,Lithuania,2390,57,NA
2021-06-05,LU,Luxembourg,352,4,NA
2021-06-05,LV,Latvia,1759,37,NA
2021-06-05,MT,Malta,39,0,NA
2021-06-05,NL,Netherlands,16821,60,443
2021-06-05,NO,Norway,2034,2,45
2021-06-05,PL,Poland,3453,457,NA
2021-06-05,PT,Portugal,3821,9,NA
2021-06-05,RO,Romania,1316,478,NA
2021-06-05,SE,Sweden,9589,72,NA
2021-06-05,SI,Slovenia,1725,15,101
2021-06-05,SK,Slovakia,900,62,NA
2021-06-12,AT,Austria,1949,16,NA
2021-06-12,BE,Belgium,5891,62,366
2021-06-12,BG,Bulgaria,868,85,NA
2021-06-12,CH,Switzerland,2759,20,NA
2021-06-12,CY,Cyprus,365,9,NA
2021-06-12,CZ,Czechia,1659,67,NA
2021-06-12,DE,Germany,15361,613,NA
2021-06-12,DK,Denmark,3923,7,111
2021-06-12,EE,Estonia,405,4,38
2021-06-12,ES,Spain,35619,305,1439
2021-06-12,FI,Finland,616,5,NA
2021-06-12,FR,France,27654,377,2141
2021-06-12,GB,United Kingdom,46825,60,1259
2021-06-12,GR,Greece,5847,149,NA
2021-06-12,HR,Croatia,1096,52,205
2021-06-12,HU,Hungary,919,62,NA
2021-06-12,IE,Ireland,2304,0,NA
2021-06-12,IS,Iceland,19,0,NA
2021-06-12,IT,Italy,13329,504,NA
2021-06-12,LI,Liechtenstein,6,1,NA
2021-06-12,LT,Lithuania,1367,33,NA
2021-06-12,LU,Luxembourg,224,0,NA
2021-06-12,LV,Latvia,1263,44,NA
2021-06-12,MT,Malta,13,0,NA
2021-06-12,NL,Netherlands,10183,34,275
2021-06-12,NO,Norway,1297,4,34
2021-06-12,PL,Poland,2419,423,NA
2021-06-12,PT,Portugal,4706,13,NA
2021-06-12,RO,Romania,915,1079,NA
2021-06-12,SE,Sweden,5394,51,NA
2021-06-12,SI,Slovenia,1134,14,92
2021-06-12,SK,Slovakia,644,41,NA
2021-06-19,AT,Austria,1058,27,NA
2021-06-19,BE,Belgium,3319,51,232
2021-06-19,BG,Bulgaria,711,91,NA
2021-06-19,CH,Switzerland,1576,14,NA
2021-06-19,CY,Cyprus,467,2,NA
2021-06-19,CZ,Czechia,939,54,NA
2021-06-19,DE,Germany,7302,549,NA
2021-06-19,DK,Denmark,1904,5,73
2021-06-19,EE,Estonia,308,1,40
2021-06-19,ES,Spain,23842,151,1152
2021-06-19,FI,Finland,495,3,NA
2021-06-19,FR,France,15577,327,1432
2021-06-19,GB,United Kingdom,62474,74,1596
2021-06-19,GR,Greece,3459,126,NA
2021-06-19,HR,Croatia,611,37,158
2021-06-19,HU,Hungary,638,46,NA
2021-06-19,IE,Ireland,2155,38,NA
2021-06-19,IS,Iceland,11,0,NA
2021-06-19,IT,Italy,8613,277,NA
2021-06-19,LI,Liechtenstein,0,0,NA
2021-06-19,LT,Lithuania,705,29,NA
2021-06-19,LU,Luxembourg,110,0,NA
2021-06-19,LV,Latvia,796,42,NA
2021-06-19,MT,Malta,7,1,NA
2021-06-19,NL,Netherlands,6579,17,181
2021-06-19,NO,Norway,1239,1,24
2021-06-19,PL,Poland,1391,261,NA
2021-06-19,PT,Portugal,7369,17,NA
2021-06-19,RO,Romania,546,504,NA
2021-06-19,SE,Sweden,1180,0,NA
2021-06-19,SI,Slovenia,604,11,49
2021-06-19,SK,Slovakia,264,42,NA
2021-06-26,AT,Austria,747,20,NA
2021-06-26,BE,Belgium,3392,28,177
2021-06-26,BG,Bulgaria,510,38,NA
2021-06-26,CH,Switzerland,880,9,NA
2021-06-26,CY,Cyprus,987,0,NA
2021-06-26,CZ,Czechia,860,18,NA
2021-06-26,DE,Germany,4556,371,NA
2021-06-26,DK,Denmark,1306,1,56
2021-06-26,EE,Estonia,160,2,28
2021-06-26,ES,Spain,25021,127,1069
2021-06-26,FI,Finland,720,2,NA
2021-06-26,FR,France,10765,214,984
2021-06-26,GB,United Kingdom,96843,119,1716
2021-06-26,GR,Greece,2575,109,NA
2021-06-26,HR,Croatia,492,28,107
2021-06-26,HU,Hungary,482,30,NA
2021-06-26,IE,Ireland,2276,10,NA
2021-06-26,IS,Iceland,10,0,NA
2021-06-26,IT,Italy,5194,205,NA
2021-06-26,LI,Liechtenstein,6,0,NA
2021-06-26,LT,Lithuania,327,15,NA
2021-06-26,LU,Luxembourg,84,0,NA
2021-06-26,LV,Latvia,433,10,NA
2021-06-26,MT,Malta,18,0,NA
2021-06-26,NL,Netherlands,4491,14,101
2021-06-26,NO,Norway,1266,2,22
2021-06-26,PL,Poland,935,151,NA
2021-06-26,PT,Portugal,8942,21,NA
2021-06-26,RO,Romania,381,869,NA
2021-06-26,SE,Sweden,4260,45,NA
2021-06-26,SI,Slovenia,265,7,32
2021-06-26,SK,Slovakia,283,27,NA
2021-07-03,AT,Austria,470,10,NA
2021-07-03,BE,Belgium,4032,25,105
2021-07-03,BG,Bulgaria,519,57,NA
2021-07-03,CH,Switzerland,827,2,NA
2021-07-03,CY,Cyprus,2876,0,NA
2021-07-03,CZ,Czechia,975,14,NA
2021-07-03,DE,Germany,3906,279,NA
2021-07-03,DK,Denmark,2156,6,40
2021-07-03,EE,Estonia,220,0,13
2021-07-03,ES,Spain,51405,132,1330
2021-07-03,FI,Finland,1383,4,NA
2021-07-03,FR,France,13336,186,816
2021-07-03,GB,United Kingdom,161805,118,2502
2021-07-03,GR,Greece,4677,73,NA
2021-07-03,HR,Croatia,574,18,78
2021-07-03,HU,Hungary,287,12,NA
2021-07-03,IE,Ireland,2824,11,NA
2021-07-03,IS,Iceland,17,0,NA
2021-07-03,IT,Italy,5222,179,NA
2021-07-03,LI,Liechtenstein,10,0,NA
2021-07-03,LT,Lithuania,208,10,NA
2021-07-03,LU,Luxembourg,431,0,NA
2021-07-03,LV,Latvia,431,23,NA
2021-07-03,MT,Malta,34,0,NA
2021-07-03,NL,Netherlands,5118,16,50
2021-07-03,NO,Norway,1370,2,11
2021-07-03,PL,Poland,646,109,NA
2021-07-03,PT,Portugal,13996,29,NA
2021-07-03,RO,Romania,334,748,NA
2021-07-03,SE,Sweden,1984,12,NA
2021-07-03,SI,Slovenia,192,0,25
2021-07-03,SK,Slovakia,165,8,NA
2021-07-10,AT,Austria,791,14,NA
2021-07-10,BE,Belgium,7192,13,122
2021-07-10,BG,Bulgaria,412,56,NA
2021-07-10,CH,Switzerland,1609,1,NA
2021-07-10,CY,Cyprus,5978,6,NA
2021-07-10,CZ,Czechia,1386,21,NA
2021-07-10,DE,Germany,5105,199,NA
2021-07-10,DK,Denmark,3689,2,37
2021-07-10,EE,Estonia,299,1,21
2021-07-10,ES,Spain,103324,92,2116
2021-07-10,FI,Finland,1572,3,NA
2021-07-10,FR,France,22628,149,815
2021-07-10,GB,United Kingdom,210277,192,3827
2021-07-10,GR,Greece,11998,53,NA
2021-07-10,HR,Croatia,587,12,89
2021-07-10,HU,Hungary,240,12,NA
2021-07-10,IE,Ireland,3572,6,NA
2021-07-10,IS,Iceland,21,0,NA
2021-07-10,IT,Italy,7374,131,NA
2021-07-10,LI,Liechtenstein,14,0,NA
2021-07-10,LT,Lithuania,304,9,NA
2021-07-10,LU,Luxembourg,979,1,NA
2021-07-10,LV,Latvia,263,10,NA
2021-07-10,MT,Malta,320,0,NA
2021-07-10,NL,Netherlands,31229,9,82
2021-07-10,NO,Norway,1239,2,24
2021-07-10,PL,Poland,540,76,NA
2021-07-10,PT,Portugal,18604,36,NA
2021-07-10,RO,Romania,292,291,NA
2021-07-10,SE,Sweden,1660,12,NA
2021-07-10,SI,Slovenia,425,4,19
2021-07-10,SK,Slovakia,197,6,NA
2021-07-17,AT,Austria,1959,5,NA
2021-07-17,BE,Belgium,9713,11,161
2021-07-17,BG,Bulgaria,484,29,NA
2021-07-17,CH,Switzerland,3033,4,NA
2021-07-17,CY,Cyprus,6915,4,NA
2021-07-17,CZ,Czechia,1641,5,NA
2021-07-17,DE,Germany,8089,130,NA
2021-07-17,DK,Denmark,6845,3,70
2021-07-17,EE,Estonia,347,1,15
2021-07-17,ES,Spain,163030,93,3640
2021-07-17,FI,Finland,2032,3,NA
2021-07-17,FR,France,44321,123,1198
2021-07-17,GB,United Kingdom,296447,284,NA
2021-07-17,GR,Greece,18409,53,NA
2021-07-17,HR,Croatia,720,9,76
2021-07-17,HU,Hungary,288,11,NA
2021-07-17,IE,Ireland,6015,12,NA
2021-07-17,IS,Iceland,43,0,NA
2021-07-17,IT,Italy,14447,96,NA
2021-07-17,LI,Liechtenstein,5,0,NA
2021-07-17,LT,Lithuania,495,6,NA
2021-07-17,LU,Luxembourg,749,1,NA
2021-07-17,LV,Latvia,263,7,NA
2021-07-17,MT,Malta,1315,0,NA
2021-07-17,NL,Netherlands,69315,10,225
2021-07-17,NO,Norway,1130,0,12
2021-07-17,PL,Poland,600,53,NA
2021-07-17,PT,Portugal,21773,51,NA
2021-07-17,RO,Romania,378,36,NA
2021-07-17,SE,Sweden,1747,3,NA
2021-07-17,SI,Slovenia,331,2,7
2021-07-17,SK,Slovakia,141,5,NA
2021-07-24,AT,Austria,2526,3,NA
2021-07-24,BE,Belgium,10052,11,194
2021-07-24,BG,Bulgaria,699,24,NA
2021-07-24,CH,Switzerland,4692,3,NA
2021-07-24,CY,Cyprus,6653,15,NA
2021-07-24,CZ,Czechia,1517,21,NA
2021-07-24,DE,Germany,10616,162,NA
2021-07-24,DK,Denmark,5417,0,73
2021-07-24,EE,Estonia,561,0,21
2021-07-24,ES,Spain,180207,125,5508
2021-07-24,FI,Finland,2636,1,NA
2021-07-24,FR,France,119095,125,1826
2021-07-24,GB,United Kingdom,282920,447,NA
2021-07-24,GR,Greece,18612,50,NA
2021-07-24,HR,Croatia,1008,9,90
2021-07-24,HU,Hungary,376,5,NA
2021-07-24,IE,Ireland,8539,8,NA
2021-07-24,IS,Iceland,430,0,NA
2021-07-24,IT,Italy,28341,78,NA
2021-07-24,LI,Liechtenstein,14,0,NA
2021-07-24,LT,Lithuania,1112,6,NA
2021-07-24,LU,Luxembourg,653,1,NA
2021-07-24,LV,Latvia,299,7,NA
2021-07-24,MT,Malta,1266,1,NA
2021-07-24,NL,Netherlands,50502,21,518
2021-07-24,NO,Norway,1401,3,23
2021-07-24,PL,Poland,711,29,NA
2021-07-24,PT,Portugal,23010,85,NA
2021-07-24,RO,Romania,595,15,NA
2021-07-24,SE,Sweden,2512,5,NA
2021-07-24,SI,Slovenia,450,2,16
2021-07-24,SK,Slovakia,225,10,NA
2021-07-31,AT,Austria,3118,6,NA
2021-07-31,BE,Belgium,11250,21,240
2021-07-31,BG,Bulgaria,1425,20,NA
2021-07-31,CH,Switzerland,4997,12,NA
2021-07-31,CY,Cyprus,4428,20,NA
2021-07-31,CZ,Czechia,1236,16,NA
2021-07-31,DE,Germany,14855,135,NA
2021-07-31,DK,Denmark,5931,7,85
2021-07-31,EE,Estonia,1189,1,43
2021-07-31,ES,Spain,166615,265,5672
2021-07-31,FI,Finland,4190,4,NA
2021-07-31,FR,France,142476,229,3354
2021-07-31,GB,United Kingdom,187268,524,NA
2021-07-31,GR,Greece,18938,74,NA
2021-07-31,HR,Croatia,1119,14,136
2021-07-31,HU,Hungary,390,6,NA
2021-07-31,IE,Ireland,9106,9,NA
2021-07-31,IS,Iceland,811,0,NA
2021-07-31,IT,Italy,37355,121,NA
2021-07-31,LI,Liechtenstein,10,0,NA
2021-07-31,LT,Lithuania,2044,5,NA
2021-07-31,LU,Luxembourg,458,1,NA
2021-07-31,LV,Latvia,438,6,NA
2021-07-31,MT,Malta,754,2,NA
2021-07-31,NL,Netherlands,26574,31,556
2021-07-31,NO,Norway,1996,0,20
2021-07-31,PL,Poland,873,20,NA
2021-07-31,PT,Portugal,18197,77,NA
2021-07-31,RO,Romania,1006,14,NA
2021-07-31,SE,Sweden,3241,4,NA
2021-07-31,SI,Slovenia,596,2,14
2021-07-31,SK,Slovakia,388,6,NA
2021-08-07,AT,Austria,3473,13,NA
2021-08-07,BE,Belgium,12011,27,296
2021-08-07,BG,Bulgaria,2819,39,NA
2021-08-07,CH,Switzerland,6303,4,NA
2021-08-07,CY,Cyprus,4174,19,NA
2021-08-07,CZ,Czechia,1150,-10,NA
2021-08-07,DE,Germany,18885,123,NA
2021-08-07,DK,Denmark,6158,3,86
2021-08-07,EE,Estonia,1393,5,44
2021-08-07,ES,Spain,141088,520,4912
2021-08-07,FI,Finland,4083,2,NA
2021-08-07,FR,France,143920,253,4646
2021-08-07,GB,United Kingdom,185724,627,NA
2021-08-07,GR,Greece,19038,91,NA
2021-08-07,HR,Croatia,1217,12,124
2021-08-07,HU,Hungary,364,7,NA
2021-08-07,IE,Ireland,9652,9,96
2021-08-07,IS,Iceland,779,0,NA
2021-08-07,IT,Italy,40656,146,NA
2021-08-07,LI,Liechtenstein,14,0,NA
2021-08-07,LT,Lithuania,2908,9,NA
2021-08-07,LU,Luxembourg,392,2,NA
2021-08-07,LV,Latvia,484,3,NA
2021-08-07,MT,Malta,492,1,NA
2021-08-07,NL,Netherlands,18002,40,422
2021-08-07,NO,Norway,2839,5,28
2021-08-07,PL,Poland,1037,24,NA
2021-08-07,PT,Portugal,16354,96,NA
2021-08-07,RO,Romania,1522,32,NA
2021-08-07,SE,Sweden,4498,2,NA
2021-08-07,SI,Slovenia,826,2,19
2021-08-07,SK,Slovakia,360,1,NA
2021-08-14,AT,Austria,5312,4,NA
2021-08-14,BE,Belgium,13143,19,382
2021-08-14,BG,Bulgaria,5089,87,NA
2021-08-14,CH,Switzerland,11407,13,NA
2021-08-14,CY,Cyprus,3114,18,NA
2021-08-14,CZ,Czechia,1354,10,NA
2021-08-14,DE,Germany,28937,85,NA
2021-08-14,DK,Denmark,6962,7,134
2021-08-14,EE,Estonia,1840,2,72
2021-08-14,ES,Spain,105408,464,4112
2021-08-14,FI,Finland,6111,16,NA
2021-08-14,FR,France,151528,398,5384
2021-08-14,GB,United Kingdom,198759,613,NA
2021-08-14,GR,Greece,22895,143,NA
2021-08-14,HR,Croatia,1892,11,185
2021-08-14,HU,Hungary,461,5,NA
2021-08-14,IE,Ireland,12361,15,150
2021-08-14,IS,Iceland,720,0,NA
2021-08-14,IT,Italy,44324,204,NA
2021-08-14,LI,Liechtenstein,47,0,NA
2021-08-14,LT,Lithuania,3620,22,NA
2021-08-14,LU,Luxembourg,333,4,NA
2021-08-14,LV,Latvia,702,2,NA
2021-08-14,MT,Malta,499,6,NA
2021-08-14,NL,Netherlands,16134,39,419
2021-08-14,NO,Norway,3569,4,35
2021-08-14,PL,Poland,1209,14,NA
2021-08-14,PT,Portugal,16133,92,NA
2021-08-14,RO,Romania,2189,29,NA
2021-08-14,SE,Sweden,5609,1,NA
2021-08-14,SI,Slovenia,1292,2,36
2021-08-14,SK,Slovakia,448,3,NA
2021-08-21,AT,Austria,7564,7,NA
2021-08-21,BE,Belgium,13857,33,414
2021-08-21,BG,Bulgaria,7949,128,NA
2021-08-21,CH,Switzerland,17386,13,NA
2021-08-21,CY,Cyprus,2433,21,NA
2021-08-21,CZ,Czechia,1298,11,NA
2021-08-21,DE,Germany,45549,109,NA
2021-08-21,DK,Denmark,6819,5,183
2021-08-21,EE,Estonia,1916,2,70
2021-08-21,ES,Spain,76913,666,3194
2021-08-21,FI,Finland,4547,11,NA
2021-08-21,FR,France,134208,563,6128
2021-08-21,GB,United Kingdom,219919,697,NA
2021-08-21,GR,Greece,22002,144,NA
2021-08-21,HR,Croatia,2668,16,230
2021-08-21,HU,Hungary,465,8,NA
2021-08-21,IE,Ireland,12440,15,193
2021-08-21,IS,Iceland,595,0,NA
2021-08-21,IT,Italy,43683,315,NA
2021-08-21,LI,Liechtenstein,73,0,NA
2021-08-21,LT,Lithuania,3996,35,NA
2021-08-21,LU,Luxembourg,390,2,NA
2021-08-21,LV,Latvia,895,7,NA
2021-08-21,MT,Malta,435,6,NA
2021-08-21,NL,Netherlands,16669,41,400
2021-08-21,NO,Norway,4020,3,47
2021-08-21,PL,Poland,1328,17,NA
2021-08-21,PT,Portugal,16190,81,NA
2021-08-21,RO,Romania,3508,61,NA
2021-08-21,SE,Sweden,6437,10,NA
2021-08-21,SI,Slovenia,1970,5,57
2021-08-21,SK,Slovakia,522,3,NA
2021-08-28,AT,Austria,9136,16,NA
2021-08-28,BE,Belgium,14183,40,419
2021-08-28,BG,Bulgaria,10237,238,NA
2021-08-28,CH,Switzerland,18004,24,NA
2021-08-28,CY,Cyprus,1929,20,NA
2021-08-28,CZ,Czechia,1353,17,NA
2021-08-28,DE,Germany,63490,153,NA
2021-08-28,DK,Denmark,6605,13,186
2021-08-28,EE,Estonia,2308,6,101
2021-08-28,ES,Spain,61356,864,2460
2021-08-28,FI,Finland,3931,9,NA
2021-08-28,FR,France,117980,534,5627
2021-08-28,GB,United Kingdom,237556,785,NA
2021-08-28,GR,Greece,22495,226,NA
2021-08-28,HR,Croatia,3422,26,NA
2021-08-28,HU,Hungary,925,11,NA
2021-08-28,IE,Ireland,12638,18,219
2021-08-28,IS,Iceland,552,2,NA
2021-08-28,IT,Italy,45601,328,NA
2021-08-28,LI,Liechtenstein,40,0,NA
2021-08-28,LT,Lithuania,3992,51,NA
2021-08-28,LU,Luxembourg,532,0,NA
2021-08-28,LV,Latvia,1179,5,NA
2021-08-28,MT,Malta,318,4,NA
2021-08-28,NL,Netherlands,17967,47,411
2021-08-28,NO,Norway,8078,3,56
2021-08-28,PL,Poland,1515,24,NA
2021-08-28,PT,Portugal,15857,81,NA
2021-08-28,RO,Romania,5477,106,NA
2021-08-28,SE,Sweden,6829,17,NA
2021-08-28,SI,Slovenia,2938,10,127
2021-08-28,SK,Slovakia,680,1,NA
2021-09-04,AT,Austria,10590,13,NA
2021-09-04,BE,Belgium,14099,37,NA
2021-09-04,BG,Bulgaria,10397,378,NA
2021-09-04,CH,Switzerland,14931,46,NA
2021-09-04,CY,Cyprus,1830,16,NA
2021-09-04,CZ,Czechia,1623,5,NA
2021-09-04,DE,Germany,81273,216,NA
2021-09-04,DK,Denmark,4996,13,185
2021-09-04,EE,Estonia,2519,10,109
2021-09-04,ES,Spain,45946,795,NA
2021-09-04,FI,Finland,3718,9,NA
2021-09-04,FR,France,84772,521,4415
2021-09-04,GB,United Kingdom,243125,785,NA
2021-09-04,GR,Greece,18933,299,NA
2021-09-04,HR,Croatia,4485,38,NA
2021-09-04,HU,Hungary,1334,4,NA
2021-09-04,IE,Ireland,7572,20,212
2021-09-04,IS,Iceland,405,1,NA
2021-09-04,IT,Italy,41834,410,NA
2021-09-04,LI,Liechtenstein,55,0,NA
2021-09-04,LT,Lithuania,4680,66,NA
2021-09-04,LU,Luxembourg,585,0,NA
2021-09-04,LV,Latvia,2037,11,NA
2021-09-04,MT,Malta,387,2,NA
2021-09-04,NL,Netherlands,17603,41,366
2021-09-04,NO,Norway,10067,8,NA
2021-09-04,PL,Poland,2133,39,NA
2021-09-04,PT,Portugal,12692,74,NA
2021-09-04,RO,Romania,8881,169,NA
2021-09-04,SE,Sweden,7112,7,NA
2021-09-04,SI,Slovenia,3749,7,171
2021-09-04,SK,Slovakia,1204,1,NA
